id,lang,context,question,gold_answer,initial_answer,generator_evidence,generator_explanation,verifier_feedback,modular_answer,exact_match,token_f1,fuzzy_match,evidence_faithfulness,explanation_faithfulness,mode,provided_evidence
56e7788200c9c71400d77184,xquad.en,"Teachers in Wales can be registered members of trade unions such as ATL, NUT or NASUWT and reports in recent years suggest that the average age of teachers in Wales is falling with teachers being younger than in previous years. A growing cause of concern are that attacks on teachers in Welsh schools which reached an all-time high between 2005 and 2010.",What are the attacks on teachers causing?,concern,Attacks on teachers,The passage states: 'A growing cause of concern are that attacks on teachers in Welsh schools which reached an all-time high between 2005 and 2010',"The context mentions 'attacks on teachers' in Welsh schools reaching an all-time high between 2005 and 2010, indicating a decline in their treatment.","The context states that attacks on teachers were at their highest between 2005 and 2010, while the answer claims attacks fell between 2005 and 2010. This discrepancy suggests that the attack rate may have decreased since then.",Attacks on teachers,0,0.0,0.4615384615384615,0.5666666666666667,0.3291139240506329,modular,1.0
56f8ca289b226e1400dd1009,xquad.en,"A piece of paper was later found on which Luther had written his last statement. The statement was in Latin, apart from ""We are beggars,"" which was in German.",What portion of Luther's last statement was in German?,"""We are beggars,""",The entire statement was in German.,"The passage directly mentions that the statement was in Latin, apart from 'We are beggars', which was in German.","The context explicitly states that 'We are beggars' was in German, and that the rest of the statement was in Latin.","The context states that the statement was written in Latin, apart from 'We are beggars', which was in German. Therefore, it is reasonable to conclude that the entire statement was in German.",The entire statement was in German.,0,0.0,0.31818181818181823,0.7206477732793521,0.4888888888888889,modular,1.0
57111b95a58dae1900cd6c54,xquad.en,"Frederick William, Elector of Brandenburg, invited Huguenots to settle in his realms, and a number of their descendants rose to positions of prominence in Prussia. Several prominent German military, cultural, and political figures were ethnic Huguenot, including poet Theodor Fontane, General Hermann von François, the hero of the First World War Battle of Tannenberg, Luftwaffe General and fighter ace Adolf Galland, Luftwaffe flying ace Hans-Joachim Marseille, and famed U-boat captain Lothar von Arnauld de la Perière. The last Prime Minister of the (East) German Democratic Republic, Lothar de Maizière, is also a descendant of a Huguenot family, as is the German Federal Minister of the Interior, Thomas de Maizière.",Thomas de Maiziere serves what role in the German cabinet?,Federal Minister of the Interior,,,,"The context states that Thomas de Maizière served as the German Federal Minister of the Interior, which aligns with the information provided about him being a descendant of a Huguenot family. ",,0,0.0,0.0,0.0,0.0,modular,0.0
56de0daecffd8e1900b4b595,xquad.en,"The two most prominent Norman families to arrive in the Mediterranean were descendants of Tancred of Hauteville and the Drengot family, of whom Rainulf Drengot received the county of Aversa, the first Norman toehold in the south, from Duke Sergius IV of Naples in 1030. The Hauteville family achieved princely rank by proclaiming prince Guaimar IV of Salerno ""Duke of Apulia and Calabria"". He promptly awarded their elected leader, William Iron Arm, with the title of count in his capital of Melfi. The Drengot family thereafter attained the principality of Capua, and emperor Henry III legally ennobled the Hauteville leader, Drogo, as ""dux et magister Italiae comesque Normannorum totius Apuliae et Calabriae"" (""Duke and Master of Italy and Count of the Normans of all Apulia and Calabria"") in 1047.",What was the name of the leader ennobled by Henry III,Drogo,,,,"The context states that Henry III legally ennobled Drogo, who was Duke of Apulia and Calabria, in 1047. This directly supports the claim that Drogo was ennobled by Henry III.",,0,0.0,0.0,0.0,0.0,modular,0.0
5726a8d4dd62a815002e8c38,xquad.en,"As previously arranged by his father, Temüjin married Börte of the Onggirat tribe when he was around 16 in order to cement alliances between their respective tribes. Soon after Börte's marriage to Temüjin, she was kidnapped by the Merkits and reportedly given away as a wife. Temüjin rescued her with the help of his friend and future rival, Jamukha, and his protector, Toghrul Khan of the Keraite tribe. She gave birth to a son, Jochi (1185–1226), nine months later, clouding the issue of his parentage. Despite speculation over Jochi, Börte would be Temüjin's only empress, though he did follow tradition by taking several morganatic wives.",What year did Börte's give birth to Jochi?,1185,1185,"The passage mentions that 'Börte gave birth to a son, Jochi (1185–1226).'","The context states that 'Jochi (1185–1226)' gives birth to a son, which indicates that Börte gave birth to Jochi.","The context states that Börte gave birth to a son named Jochi in 1185, which is consistent with the information provided in the question.",1185,1,1.0,1.0,0.18018018018018023,0.1565217391304348,modular,1.0
5726241189a1e219009ac2e2,xquad.en,"The embargo had a negative influence on the US economy by causing immediate demands to address the threats to U.S. energy security. On an international level, the price increases changed competitive positions in many industries, such as automobiles. Macroeconomic problems consisted of both inflationary and deflationary impacts. The embargo left oil companies searching for new ways to increase oil supplies, even in rugged terrain such as the Arctic. Finding oil and developing new fields usually required five to ten years before significant production.",How long does it take for new areas to have significant oil production?,five to ten years,Five to ten years,The passage mentions that 'Finding oil and developing new fields usually required five to ten years before significant production.',The context states that finding oil and developing new fields usually required five to ten years before significant production.,"The context states that finding oil and developing new fields typically require five to ten years before significant production, which aligns with the information provided in the answer.",Five to ten years,1,1.0,1.0,0.3827160493827161,0.3225806451612903,modular,1.0
5725d79e89a1e219009abf91,xquad.en,"After an unmanned LM test flight AS-206, a crew would fly the first Block II CSM and LM in a dual mission known as AS-207/208, or AS-278 (each spacecraft would be launched on a separate Saturn IB.) The Block II crew positions were titled Commander (CDR) Command Module Pilot (CMP) and Lunar Module Pilot (LMP). The astronauts would begin wearing a new Apollo spacesuit, designed to accommodate lunar extravehicular activity (EVA). The traditional visor helmet was replaced with a clear ""fishbowl"" type for greater visibility, and the lunar surface EVA suit would include a water-cooled undergarment.",What were the astronauts wearing during the dual mission AS-278?,new Apollo spacesuit,A lunar surface EVA suit,"The context provides specific details about the astronaut suits used during this mission, including their design and features.","The context explicitly states that 'the traditional visor helmet was replaced with a clear 'fishbowl' type for greater visibility, and the lunar surface EVA suit would include a water-cooled undergarment.' This indicates that the astronauts wore a lunar surface EVA suit during the dual mission AS-278.","The context explicitly states that the astronauts wore a new Apollo spacesuit for their dual mission AS-278, which is a lunar surface EVA suit.",A lunar surface EVA suit,0,0.0,0.5238095238095238,0.2664670658682635,0.4426229508196722,modular,1.0
5727213c708984140094da36,xquad.en,"Following the Peterloo massacre of 1819, poet Percy Shelley wrote the political poem The Mask of Anarchy later that year, that begins with the images of what he thought to be the unjust forms of authority of his time—and then imagines the stirrings of a new form of social action. It is perhaps the first modern[vague] statement of the principle of nonviolent protest. A version was taken up by the author Henry David Thoreau in his essay Civil Disobedience, and later by Gandhi in his doctrine of Satyagraha. Gandhi's Satyagraha was partially influenced and inspired by Shelley's nonviolence in protest and political action. In particular, it is known that Gandhi would often quote Shelley's Masque of Anarchy to vast audiences during the campaign for a free India.",His poem is considered the first kind of what type of protest?,nonviolent,nonviolent protest,The passage mentions that 'It is perhaps the first modern [statement of] the principle of nonviolent protest',The context states that 'Percy Shelley wrote the political poem The Mask of Anarchy' which is considered the first modern statement of the principle of nonviolent protest.,"The context states that the poem 'The Mask of Anarchy' was written in 1819, which aligns with the year 2005 mentioned in the question.",nonviolent protest,0,0.6666666666666666,0.7142857142857143,0.23124231242312418,0.24999999999999997,modular,1.0
570d47b8b3d812140066d62e,xquad.en,"There are also several smaller freight operators and numerous tourist railways operating over lines which were once parts of a state-owned system. Victorian lines mainly use the 1,600 mm (5 ft 3 in) broad gauge. However, the interstate trunk routes, as well as a number of branch lines in the west of the state have been converted to 1,435 mm (4 ft 8 1⁄2 in) standard gauge. Two tourist railways operate over 760 mm (2 ft 6 in) narrow gauge lines, which are the remnants of five formerly government-owned lines which were built in mountainous areas.",To what gauge have some lines been changed in the west of Victoria?,"1,435 mm (4 ft 8 1⁄2 in) standard gauge","1,435 mm (4 ft 8 1⁄2 in)",The passage explicitly mentions that the gauge has been changed in the west of Victoria.,"The context states that 'However, the interstate trunk routes, as well as a number of branch lines in the west of the state have been converted to 1,435 mm (4 ft 8 1⁄2 in) standard gauge.' This directly indicates that some lines in the west of Victoria have been changed to this gauge.","The context states that some lines have been converted from 1,600 mm (5 ft 3 in) broad gauge to 1,435 mm (4 ft 8 1⁄2 in) standard gauge. This is consistent with the information provided in the question.","1,435 mm (4 ft 8 1⁄2 in)",0,0.8750000000000001,0.7272727272727273,0.2233502538071066,0.4705882352941176,modular,1.0
57111713a58dae1900cd6c04,xquad.en,"Most of the Huguenot congregations (or individuals) in North America eventually affiliated with other Protestant denominations with more numerous members. The Huguenots adapted quickly and often married outside their immediate French communities, which led to their assimilation. Their descendants in many families continued to use French first names and surnames for their children well into the nineteenth century. Assimilated, the French made numerous contributions to United States economic life, especially as merchants and artisans in the late Colonial and early Federal periods. For example, E.I. du Pont, a former student of Lavoisier, established the Eleutherian gunpowder mills.",What was the name of du Pont's gunpowder operation?,Eleutherian gunpowder mills,du Pont,This quote directly answers the question about du Pont's gunpowder operation.,"The context states that E.I. du Pont, a former student of Lavoisier, established the Eleutherian gunpowder mills.","The context states that E.I. du Pont established the Eleutherian gunpowder mills in 1836, which is consistent with the year mentioned in the question (2005).",du Pont,0,0.0,0.23529411764705888,0.17355371900826444,0.23076923076923078,modular,1.0
5706143575f01819005e7953,xquad.en,"Professional sports teams in Southern California include teams from the NFL (Los Angeles Rams, San Diego Chargers); NBA (Los Angeles Lakers, Los Angeles Clippers); MLB (Los Angeles Dodgers, Los Angeles Angels of Anaheim, San Diego Padres); NHL (Los Angeles Kings, Anaheim Ducks); and MLS (LA Galaxy).",What is the other NHL team aside from the Anaheim Ducks to reside in Southern California?,Los Angeles Kings,The LA Galaxy,The passage directly mentions 'MLS (LA Galaxy)' without any ambiguity.,The context explicitly states that the Los Angeles Galaxy is an MLS team located in Southern California.,"The context states that the Los Angeles Galaxy was the only NHL team in Southern California besides the Anaheim Ducks. Therefore, the correct answer should be the Los Angeles Galaxy.",The LA Galaxy,0,0.0,0.3076923076923077,0.24852071005917165,0.23728813559322035,modular,1.0
57268e2bf1498d1400e8e3b3,xquad.en,"The principal Treaties that form the European Union began with common rules for coal and steel, and then atomic energy, but more complete and formal institutions were established through the Treaty of Rome 1957 and the Maastricht Treaty 1992 (now: TFEU). Minor amendments were made during the 1960s and 1970s. Major amending treaties were signed to complete the development of a single, internal market in the Single European Act 1986, to further the development of a more social Europe in the Treaty of Amsterdam 1997, and to make minor amendments to the relative power of member states in the EU institutions in the Treaty of Nice 2001 and the Treaty of Lisbon 2007. Since its establishment, more member states have joined through a series of accession treaties, from the UK, Ireland, Denmark and Norway in 1972 (though Norway did not end up joining), Greece in 1979, Spain and Portugal 1985, Austria, Finland, Norway and Sweden in 1994 (though again Norway failed to join, because of lack of support in the referendum), the Czech Republic, Cyprus, Estonia, Hungary, Latvia, Lithuania, Malta, Poland, Slovakia and Slovenia in 2004, Romania and Bulgaria in 2007 and Croatia in 2013. Greenland signed a Treaty in 1985 giving it a special status.",When did Denmark join the EU?,1972,Denmark joined the EU in 1972,"The passage mentions 'the UK, Ireland, Denmark and Norway' joining the EU in 1972, indicating Denmark's participation.","The context explicitly states 'Denmark in 1972', which directly answers the question.","The context clearly states that Denmark joined the EU in 1972, which is consistent with the information provided in the question.",Denmark joined the EU in 1972,0,0.33333333333333337,0.2666666666666667,0.14980079681274905,0.041025641025641026,modular,1.0
57268e2bf1498d1400e8e3b0,xquad.en,"The principal Treaties that form the European Union began with common rules for coal and steel, and then atomic energy, but more complete and formal institutions were established through the Treaty of Rome 1957 and the Maastricht Treaty 1992 (now: TFEU). Minor amendments were made during the 1960s and 1970s. Major amending treaties were signed to complete the development of a single, internal market in the Single European Act 1986, to further the development of a more social Europe in the Treaty of Amsterdam 1997, and to make minor amendments to the relative power of member states in the EU institutions in the Treaty of Nice 2001 and the Treaty of Lisbon 2007. Since its establishment, more member states have joined through a series of accession treaties, from the UK, Ireland, Denmark and Norway in 1972 (though Norway did not end up joining), Greece in 1979, Spain and Portugal 1985, Austria, Finland, Norway and Sweden in 1994 (though again Norway failed to join, because of lack of support in the referendum), the Czech Republic, Cyprus, Estonia, Hungary, Latvia, Lithuania, Malta, Poland, Slovakia and Slovenia in 2004, Romania and Bulgaria in 2007 and Croatia in 2013. Greenland signed a Treaty in 1985 giving it a special status.",What caused the need for principal Treaties that ended up forming the EU?,"common rules for coal and steel, and then atomic energy","The need for principal Treaties that formed the EU was due to the need to address issues related to coal and steel, atomic energy, and the development of a single, internal market.",,"The context mentions that the principal Treaties that form the European Union began with common rules for coal and steel, and then atomic energy, but more complete and formal institutions were established through the Treaty of Rome 1957 and the Maastricht Treaty 1992 (now: TFEU). Minor amendments were made during the 1960s and 1970s. Major amending treaties were signed to complete the development of a single, internal market in the Single European Act 1986, to further the development of a more social Europe in the Treaty of Amsterdam 1997, and to make minor amendments to the relative power of member states in the EU institutions in the Treaty of Nice 2001 and the Treaty of Lisbon 2007. Since its establishment, more member states have joined through a series of accession treaties, from the UK, Ireland, Denmark and Norway in 1972 (though Norway did not end up joining), Greece in 1979, Spain and Portugal 1985, Austria, Finland, Norway and Sweden in 1994 (though again Norway failed to join, because of lack of support in the referendum), the Czech Republic, Cyprus, Estonia, Hungary, Latvia, Lithuania, Malta, Poland, Slovakia and Slovenia in 2004, Romania and Bulgaria in 2007 and Croatia in 2013. Greenland signed a Treaty in 1985 giving it a special status.","The context mentions that major amending treaties were signed to complete the development of a single, internal market in the Single European Act 1986, which is mentioned as the first major amendment to the Treaties of Rome 1957 and the Maastricht Treaty 1992. This aligns with the statement that the need for principal Treaties came about due to addressing issues related to coal and steel, atomic energy, and the development of a single, internal market. ","The need for principal Treaties that formed the EU was due to the need to address issues related to coal and steel, atomic energy, and the development of a single, internal market.",0,0.37837837837837834,0.3796296296296296,0.0,0.9919571045576407,modular,0.0
57274beff1498d1400e8f5e4,xquad.en,"In India, private schools are called independent schools, but since some private schools receive financial aid from the government, it can be an aided or an unaided school. So, in a strict sense, a private school is an unaided independent school. For the purpose of this definition, only receipt of financial aid is considered, not land purchased from the government at a subsidized rate. It is within the power of both the union government and the state governments to govern schools since Education appears in the Concurrent list of legislative subjects in the constitution. The practice has been for the union government to provide the broad policy directions while the states create their own rules and regulations for the administration of the sector. Among other things, this has also resulted in 30 different Examination Boards or academic authorities that conduct examinations for school leaving certificates. Prominent Examination Boards that are present in multiple states are the CBSE and the CISCE, NENBSE",What is the term for an Indian private school?,independent schools,unaided independent school,"The passage explicitly states: 'For the purpose of this definition, only receipt of financial aid is considered, not land purchased from the government at a subsidized rate.' This directly indicates that an unaided independent school is defined as one receiving financial aid.",The context defines an Indian private school as an unaided independent school.,"The context clearly states that in India, private schools are referred to as 'unaided independent schools'.",unaided independent school,0,0.4,0.8,0.3946711074104913,0.06756756756756756,modular,1.0
572650325951b619008f6fab,xquad.en,"The energy crisis led to greater interest in renewable energy, nuclear power and domestic fossil fuels. There is criticism that American energy policies since the crisis have been dominated by crisis-mentality thinking, promoting expensive quick fixes and single-shot solutions that ignore market and technology realities. Instead of providing stable rules that support basic research while leaving plenty of scope for entrepreneurship and innovation, congresses and presidents have repeatedly backed policies which promise solutions that are politically expedient, but whose prospects are doubtful.",Who backed policies that have solutions that sound good but have poor prospects?,congresses and presidents,Congresses and presidents,"The passage mentions that Congresses and presidents have repeatedly backed policies which promise solutions that are politically expedient, but whose prospects are doubtful.","The context states that there has been criticism that American energy policies since the crisis have been dominated by crisis-mentality thinking, promoting expensive quick fixes and single-shot solutions that ignore market and technology realities.",The context states that there was criticism of American energy policies since the crisis due to their dominance by crisis-mentality thinking. It mentions that these policies were often focused on quick fixes and single-shot solutions rather than supporting basic research and fostering entrepreneurship and innovation. This aligns with the information provided about congresses and presidents backing policies that promised solutions that are politically expedient but have poor prospects.,Congresses and presidents,1,1.0,1.0,0.44533333333333336,0.4999999999999999,modular,1.0
57096b66200fba1400367fa9,xquad.en,"On 8 February 2007, BSkyB announced its intention to replace its three free-to-air digital terrestrial channels with four subscription channels. It was proposed that these channels would offer a range of content from the BSkyB portfolio including sport (including English Premier League Football), films, entertainment and news. The announcement came a day after Setanta Sports confirmed that it would launch in March as a subscription service on the digital terrestrial platform, and on the same day that NTL's services re-branded as Virgin Media. However, industry sources believe BSkyB will be forced to shelve plans to withdraw its channels from Freeview and replace them with subscription channels, due to possible lost advertising revenue.",What platform was Sentanta Sports planning on launching on?,digital terrestrial,Freeview,"Setanta Sports confirmed that they would launch in March as a subscription service on the digital terrestrial platform, which contradicts the plan to replace Freeview with subscription channels.","The context states that Setanta Sports had planned to launch their services as subscriptions on the digital terrestrial platform, but then decided to rebrand as Virgin Media.","The context states that Setanta Sports announced on 8 February 2007 that they would launch their services on the digital terrestrial platform. This aligns with the information provided about BSkyB replacing their free-to-air digital terrestrial channels with subscription channels. Therefore, the correct answer is that Setanta Sports planned to launch their services on the digital terrestrial platform.",Freeview,0,0.0,0.2222222222222222,0.38487208008898777,0.23076923076923073,modular,1.0
56d99f99dc89441400fdb628,xquad.en,"The Broncos defeated the Pittsburgh Steelers in the divisional round, 23–16, by scoring 11 points in the final three minutes of the game. They then beat the defending Super Bowl XLIX champion New England Patriots in the AFC Championship Game, 20–18, by intercepting a pass on New England's 2-point conversion attempt with 17 seconds left on the clock. Despite Manning's problems with interceptions during the season, he didn't throw any in their two playoff games.",Who did the Broncos beat to win their division in 2015?,Pittsburgh Steelers,the Pittsburgh Steelers,The passage mentions 'The divisional round' and provides specific information about the outcome.,The context states that the Broncos defeated the Pittsburgh Steelers in the divisional round.,"The context states that the Broncos won the division in 2015 against the Pittsburgh Steelers, which is mentioned as one of the teams they defeated in the divisional round.",the Pittsburgh Steelers,1,1.0,1.0,0.2579365079365079,0.18666666666666665,modular,1.0
5726241189a1e219009ac2de,xquad.en,"The embargo had a negative influence on the US economy by causing immediate demands to address the threats to U.S. energy security. On an international level, the price increases changed competitive positions in many industries, such as automobiles. Macroeconomic problems consisted of both inflationary and deflationary impacts. The embargo left oil companies searching for new ways to increase oil supplies, even in rugged terrain such as the Arctic. Finding oil and developing new fields usually required five to ten years before significant production.",What has a negative influence over the US economy?,The embargo,The embargo,"The embargo led to increased demand for oil, which affected the US economy through various economic factors.","The embargo caused immediate demands to address the threats to U.S. energy security, which negatively influenced the US economy.",The embargo had a negative impact on the US economy by causing immediate demands to address the threats to U.S. energy security. ,The embargo,1,1.0,1.0,0.2632423756019262,0.26373626373626374,modular,1.0
570610b275f01819005e792a,xquad.en,"Southern California is home to Los Angeles International Airport, the second-busiest airport in the United States by passenger volume (see World's busiest airports by passenger traffic) and the third by international passenger volume (see Busiest airports in the United States by international passenger traffic); San Diego International Airport the busiest single runway airport in the world; Van Nuys Airport, the world's busiest general aviation airport; major commercial airports at Orange County, Bakersfield, Ontario, Burbank and Long Beach; and numerous smaller commercial and general aviation airports.",What is the second busiest airport in the United States?,Los Angeles International Airport,Los Angeles International Airport,The passage mentions that Los Angeles International Airport is the second-busiest airport in the United States.,The context states that Los Angeles International Airport is the second-busiest airport in the United States.,"The context states that Los Angeles International Airport is the second-busiest airport in the United States by passenger volume, which matches the information given in the question.",Los Angeles International Airport,1,1.0,1.0,0.2742175856929955,0.24175824175824173,modular,1.0
57280fd3ff5b5019007d9c27,xquad.en,"French Huguenot explorer Jean Ribault charted the St. Johns River in 1562 calling it the River of May because he discovered it in May. Ribault erected a stone column near present-day Jacksonville claiming the newly discovered land for France. In 1564, René Goulaine de Laudonnière established the first European settlement, Fort Caroline, on the St. Johns near the main village of the Saturiwa. Philip II of Spain ordered Pedro Menéndez de Avilés to protect the interest of Spain by attacking the French presence at Fort Caroline. On September 20, 1565, a Spanish force from the nearby Spanish settlement of St. Augustine attacked Fort Caroline, and killed nearly all the French soldiers defending it. The Spanish renamed the fort San Mateo, and following the ejection of the French, St. Augustine's position as the most important settlement in Florida was solidified. The location of Fort Caroline is subject to debate but a reconstruction of the fort was established on the St. Johns River in 1964.",For what nation did Ribault initially claim what is now Jacksonville?,France,France,"Jean Ribault, an early French explorer, charted the St. Johns River in 1562 calling it the River of May.",The context states that Jean Ribault charted the St. Johns River in 1562 calling it the River of May because he discovered it in May. This indicates that Ribault initially claimed the newly discovered land for France.,The context states that Ribault initially claimed the river named after him as the River of May in 1562. This aligns with the information provided about his initial claim to the river being named after him.,France,1,1.0,1.0,0.1643564356435644,0.2873563218390805,modular,1.0
5729582b1d046914007792e6,xquad.en,"These chloroplasts, which can be traced back directly to a cyanobacterial ancestor, are known as primary plastids (""plastid"" in this context means almost the same thing as chloroplast). All primary chloroplasts belong to one of three chloroplast lineages—the glaucophyte chloroplast lineage, the rhodophyte, or red algal chloroplast lineage, or the chloroplastidan, or green chloroplast lineage. The second two are the largest, and the green chloroplast lineage is the one that contains the land plants.",What does chloroplastidan mean?,green chloroplast lineage,The chloroplastidan,The passage mentions that the third-largest chloroplast lineage is the chloroplastidan.,The context explicitly states that the chloroplastidan is the largest of the three chloroplast lineages.,"The context states that the green chloroplast lineage contains the land plants, so it follows that the green chloroplast lineage is the chloroplastidan.",The chloroplastidan,0,0.0,0.65,0.26765799256505574,0.2105263157894737,modular,1.0
5728eef92ca10214002daab3,xquad.en,"Sometimes the prosecution proposes a plea bargain to civil disobedients, as in the case of the Camden 28, in which the defendants were offered an opportunity to plead guilty to one misdemeanor count and receive no jail time. In some mass arrest situations, the activists decide to use solidarity tactics to secure the same plea bargain for everyone. But some activists have opted to enter a blind plea, pleading guilty without any plea agreement in place. Mohandas Gandhi pleaded guilty and told the court, ""I am here to . . . submit cheerfully to the highest penalty that can be inflicted upon me for what in law is a deliberate crime and what appears to me to be the highest duty of a citizen.""",What type of plea is sometimes taken as an act of disobedience?,blind plea,A plea bargain,"The passage states: 'Sometimes the prosecution proposes a plea bargain to civil disobedients, as in the case of the Camden 28, in which the defendants were offered an opportunity to plead guilty to one misdemeanor count and receive no jail time.'","The context mentions that sometimes the prosecution proposes a plea bargain to civil disobedients, indicating that a plea bargain is often used as an act of disobedience.","The context states that in the case of the Camden 28, the defendants were offered an opportunity to plead guilty to one misdemeanor count and receive no jail time. This aligns with the concept of a plea bargain, where the defendant pleads guilty to a lesser charge in exchange for leniency or reduced punishment.",A plea bargain,0,0.5,0.36363636363636365,0.4735632183908047,0.21705426356589144,modular,1.0
5729feaf6aef05140015518c,xquad.en,"Between 1991 and 2000, the total area of forest lost in the Amazon rose from 415,000 to 587,000 square kilometres (160,000 to 227,000 sq mi), with most of the lost forest becoming pasture for cattle. Seventy percent of formerly forested land in the Amazon, and 91% of land deforested since 1970, is used for livestock pasture. Currently, Brazil is the second-largest global producer of soybeans after the United States. New research however, conducted by Leydimere Oliveira et al., has shown that the more rainforest is logged in the Amazon, the less precipitation reaches the area and so the lower the yield per hectare becomes. So despite the popular perception, there has been no economical advantage for Brazil from logging rainforest zones and converting these to pastoral fields.",What percentage of the land cleared in the Amazon is used for growing livestock?,91%,91%,This quote directly supports the answer.,The context states that 91% of land deforested since 1970 is used for livestock pasture.,"The context states that 91% of previously forested land in the Amazon was used for livestock pasture between 1991 and 2000, which aligns with the information provided in the answer.",91%,1,1.0,1.0,0.08959156785243738,0.203125,modular,1.0
5733fb7bd058e614000b66ff,xquad.en,"Newcastle replaced him in January 1756 with Lord Loudoun, with Major General James Abercrombie as his second in command. Neither of these men had as much campaign experience as the trio of officers France sent to North America. French regular army reinforcements arrived in New France in May 1756, led by Major General Louis-Joseph de Montcalm and seconded by the Chevalier de Lévis and Colonel François-Charles de Bourlamaque, all experienced veterans from the War of the Austrian Succession. During that time in Europe, on May 18, 1756, England formally declared war on France, which expanded the war into Europe, which was later to be known as the Seven Years' War.",Who was appointed as second in command to Lor Loudoun in 1756?,Major General James Abercrombie,Major General James Abercrombie,The passage directly mentions that Major General James Abercrombie was appointed as second in command to Lord Loudoun in 1756.,"The context states that 'Lord Loudoun, with Major General James Abercrombie as his second in command', indicating that Major General James Abercrombie was appointed as second in command to Lord Loudoun.",The context states that Major General James Abercrombie was appointed as second in command to Lor Loudoun in 1756. The answer provided is correct.,Major General James Abercrombie,1,1.0,1.0,0.2671957671957672,0.2835820895522388,modular,1.0
57096b66200fba1400367fa7,xquad.en,"On 8 February 2007, BSkyB announced its intention to replace its three free-to-air digital terrestrial channels with four subscription channels. It was proposed that these channels would offer a range of content from the BSkyB portfolio including sport (including English Premier League Football), films, entertainment and news. The announcement came a day after Setanta Sports confirmed that it would launch in March as a subscription service on the digital terrestrial platform, and on the same day that NTL's services re-branded as Virgin Media. However, industry sources believe BSkyB will be forced to shelve plans to withdraw its channels from Freeview and replace them with subscription channels, due to possible lost advertising revenue.",When did BSkyB announce it's intention to replace it's free-to-air digital channels?,8 February 2007,8 February 2007,"The announcement comes a day after Setanta Sports confirmed that it would launch in March as a subscription service on the digital terrestrial platform, and on the same day that NTL's services re-branded as Virgin Media.","The context states that on 8 February 2007, BSkyB announced its intention to replace its three free-to-air digital terrestrial channels with four subscription channels.",The context clearly states that BSkyB announced its intention to replace its three free-to-air digital terrestrial channels with four subscription channels on 8 February 2007.,8 February 2007,1,1.0,1.0,0.4422657952069716,0.328125,modular,1.0
572828383acd2414000df5c4,xquad.en,"Doctor Who has appeared on stage numerous times. In the early 1970s, Trevor Martin played the role in Doctor Who and the Daleks in the Seven Keys to Doomsday. In the late 1980s, Jon Pertwee and Colin Baker both played the Doctor at different times during the run of a play titled Doctor Who – The Ultimate Adventure. For two performances, while Pertwee was ill, David Banks (better known for playing Cybermen) played the Doctor. Other original plays have been staged as amateur productions, with other actors playing the Doctor, while Terry Nation wrote The Curse of the Daleks, a stage play mounted in the late 1960s, but without the Doctor.",What was the name of the Doctor Who play from the 1980's?,Doctor Who – The Ultimate Adventure,Doctor Who – The Ultimate Adventure,Jon Pertwee and Colin Baker were mentioned as the actors who played the Doctor in the late 1980s.,"The context explicitly states that in the late 1980s, Jon Pertwee and Colin Baker both played the Doctor at different times during the run of a play titled Doctor Who – The Ultimate Adventure.","The context states that the play titled Doctor Who – The Ultimate Adventure was staged in the late 1980s, which matches the information provided in the question.",Doctor Who – The Ultimate Adventure,1,1.0,1.0,0.24813153961136025,0.3801652892561983,modular,1.0
5725fcbe271a42140099d3af,xquad.en,"Fresno is served by State Route 99, the main north/south freeway that connects the major population centers of the California Central Valley. State Route 168, the Sierra Freeway, heads east to the city of Clovis and Huntington Lake. State Route 41 (Yosemite Freeway/Eisenhower Freeway) comes into Fresno from Atascadero in the south, and then heads north to Yosemite. State Route 180 (Kings Canyon Freeway) comes from the west via Mendota, and from the east in Kings Canyon National Park going towards the city of Reedley.",What is another name for the Yosemite Freeway?,State Route 41,The Yosemite Freeway,The passage directly mentions the Kings Canyon Freeway as one of the routes connecting Fresno to Yosemite.,The context explicitly states that State Route 180 (Kings Canyon Freeway) comes from the west via Mendota and from the east in Kings Canyon National Park heading towards the city of Reedley.,"The context states that State Route 180 (Kings Canyon Freeway) comes from the west via Mendota, which leads to the city of Reedley. This indicates that the Kings Canyon Freeway is likely the Yosemite Freeway. ",The Yosemite Freeway,0,0.0,0.4,0.27826086956521734,0.46153846153846156,modular,1.0
5727515f708984140094dc12,xquad.en,"Some of the oldest schools in South Africa are private church schools that were established by missionaries in the early nineteenth century. The private sector has grown ever since. After the abolition of apartheid, the laws governing private education in South Africa changed significantly. The South African Schools Act of 1996 recognises two categories of schools: ""public"" (state-controlled) and ""independent"" (which includes traditional private schools and schools which are privately governed[clarification needed].)",In what year was the South African Schools Act passed?,1996,,,,"The context states that the South African Schools Act of 1996 was passed in 1996, which is consistent with the information provided in the question.",,0,0.0,0.0,0.0,0.0,modular,0.0
5728e07e3acd2414000e00e9,xquad.en,"Non-revolutionary civil disobedience is a simple disobedience of laws on the grounds that they are judged ""wrong"" by an individual conscience, or as part of an effort to render certain laws ineffective, to cause their repeal, or to exert pressure to get one's political wishes on some other issue. Revolutionary civil disobedience is more of an active attempt to overthrow a government (or to change cultural traditions, social customs, religious beliefs, etc...revolution doesn't have to be political, i.e. ""cultural revolution"", it simply implies sweeping and widespread change to a section of the social fabric). Gandhi's acts have been described as revolutionary civil disobedience. It has been claimed that the Hungarians under Ferenc Deák directed revolutionary civil disobedience against the Austrian government. Thoreau also wrote of civil disobedience accomplishing ""peaceable revolution."" Howard Zinn, Harvey Wheeler, and others have identified the right espoused in The Declaration of Independence to ""alter or abolish"" an unjust government to be a principle of civil disobedience.",What is a simple form of civil disobedience?,Non-revolutionary civil disobedience,Simple disobedience,The definition clearly states that non-revolutionary civil disobedience involves a simple act of defiance without resorting to violence or rebellion.,"The context defines non-revolutionary civil disobedience as a simple disobedience of laws on the grounds that they are judged 'wrong' by an individual conscience, or as part of an effort to render certain laws ineffective, to cause their repeal, or to exert pressure to get one's political wishes on some other issue.",The context states that non-revolutionary civil disobedience involves a simple disobedience of laws based on personal conscience or political efforts to make laws ineffective or repeal them. This aligns with the definition provided in the question.,Simple disobedience,0,0.4,0.5555555555555556,0.23096663815226692,0.4663212435233161,modular,1.0
56beca913aeaaa14008c946f,xquad.en,"With 4:51 left in regulation, Carolina got the ball on their own 24-yard line with a chance to mount a game-winning drive, and soon faced 3rd-and-9. On the next play, Miller stripped the ball away from Newton, and after several players dove for it, it took a long bounce backwards and was recovered by Ward, who returned it five yards to the Panthers 4-yard line. Although several players dove into the pile to attempt to recover it, Newton did not and his lack of aggression later earned him heavy criticism. Meanwhile, Denver's offense was kept out of the end zone for three plays, but a holding penalty on cornerback Josh Norman gave the Broncos a new set of downs. Then Anderson scored on a 2-yard touchdown run and Manning completed a pass to Bennie Fowler for a 2-point conversion, giving Denver a 24–10 lead with 3:08 left and essentially putting the game away. Carolina had two more drives, but failed to get a first down on each one.",What Panther defender was called for holding on third down?,Josh Norman,Josh Norman,Josh Norman is mentioned as being held by a cornerback during the third-down play.,The context states that 'a holding penalty on cornerback Josh Norman gave the Broncos a new set of downs' during the third-down play.,"Josh Norman is indeed mentioned as being held on third down during the game against the Denver Broncos. The context states that this happened on the Panthers' second possession, which aligns with the information provided about the holding penalty.",Josh Norman,1,1.0,1.0,0.14644351464435146,0.15476190476190477,modular,1.0
572a020f6aef05140015519c,xquad.en,"Environmentalists are concerned about loss of biodiversity that will result from destruction of the forest, and also about the release of the carbon contained within the vegetation, which could accelerate global warming. Amazonian evergreen forests account for about 10% of the world's terrestrial primary productivity and 10% of the carbon stores in ecosystems—of the order of 1.1 × 1011 metric tonnes of carbon. Amazonian forests are estimated to have accumulated 0.62 ± 0.37 tons of carbon per hectare per year between 1975 and 1996.",How many metric tons of carbon are believed to be stored in the Amazon forest?,1.1 × 1011,0.62 ± 0.37 tons of carbon per hectare per year,The context provides an estimate of the annual accumulation rate of carbon in the Amazon forest.,The context states that Amazonian forests accumulate 0.62 ± 0.37 tons of carbon per hectare per year between 1975 and 1996.,"The context states that the carbon storage estimate is based on data from 1975 to 1996, indicating a period of approximately 10 years. The given carbon storage rate of 0.62 ± 0.37 tons per hectare per year suggests this is an average value over a long-term period, so it can be considered as a reasonable estimate for the entire Amazonian forest.",0.62 ± 0.37 tons of carbon per hectare per year,0,0.0,0.11538461538461542,0.25,0.34042553191489366,modular,1.0
56beb86b3aeaaa14008c92bd,xquad.en,"Peyton Manning became the first quarterback ever to lead two different teams to multiple Super Bowls. He is also the oldest quarterback ever to play in a Super Bowl at age 39. The past record was held by John Elway, who led the Broncos to victory in Super Bowl XXXIII at age 38 and is currently Denver's Executive Vice President of Football Operations and General Manager.",How old was Peyton Manning when he played in Super Bowl 50?,39,37 years old,"John Elway, who led the Broncos to victory in Super Bowl XXXIII at age 38, is currently Denver's Executive Vice President of Football Operations and General Manager.",The context states that Peyton Manning was 39 years old when he played in Super Bowl 50.,"The context states that Peyton Manning played in Super Bowl 50 at age 39, which matches the given information.",37 years old,0,0.0,0.1428571428571429,0.6171875,0.20779220779220778,modular,1.0
572648e8dd62a815002e8076,xquad.en,"Ranging from about 1 millimeter (0.039 in) to 1.5 meters (4.9 ft) in size, ctenophores are the largest non-colonial animals that use cilia (""hairs"") as their main method of locomotion. Most species have eight strips, called comb rows, that run the length of their bodies and bear comb-like bands of cilia, called ""ctenes,"" stacked along the comb rows so that when the cilia beat, those of each comb touch the comb below. The name ""ctenophora"" means ""comb-bearing"", from the Greek κτείς (stem-form κτεν-) meaning ""comb"" and the Greek suffix -φορος meaning ""carrying"".",What are the hairs on ctenophores called?,cilia,Hairs,The passage directly mentions that ctenophores have 'eight strips' and 'comb-like bands of cilia',"The context explicitly states that ctenophores have 'eight strips, called comb rows, that run the length of their bodies and bear comb-like bands of cilia, called 'ctenes, ' stacked along the comb rows so that when the cilia beat, those of each comb touch the comb below. This description clearly indicates that ctenophores have ciliated structures.","The context states that ctenophores have eight comb-like bands of cilia running along their body, which is where the hairs are located. This information directly supports the claim that these hairs are called 'ctenes'.",Hairs,0,0.0,0.19999999999999996,0.25380710659898476,0.5671641791044777,modular,1.0
572920d73f37b31900478056,xquad.en,"Child labour is common in Kenya. Most working children are active in agriculture. In 2006, UNICEF estimated that up to 30% of girls in the coastal areas of Malindi, Mombasa, Kilifi, and Diani were subject to prostitution. Most of the prostitutes in Kenya are aged 9–18. The Ministry of Gender and Child Affairs employed 400 child protection officers in 2009. The causes of child labour include poverty, the lack of access to education and weak government institutions. Kenya has ratified Convention No. 81 on labour inspection in industries and Convention No. 129 on labour inspection in agriculture.",What percent of girls are in prostution in Kenyas coastal areas?,up to 30%,30%,The passage directly mentions this statistic.,"The context states that up to 30% of girls in the coastal areas of Malindi, Mombasa, Kilifi, and Diani were subject to prostitution.","The context states that in 2006, UNICEF estimated that up to 30% of girls in the coastal areas of Malindi, Mombasa, Kilifi, and Diani were subject to prostitution. This directly supports the claim that 30% of girls in Kenya's coastal areas are in prostitution. ",30%,0,0.5,0.4,0.1280788177339901,0.336283185840708,modular,1.0
57296f293f37b319004783a7,xquad.en,"The property of being prime (or not) is called primality. A simple but slow method of verifying the primality of a given number n is known as trial division. It consists of testing whether n is a multiple of any integer between 2 and . Algorithms much more efficient than trial division have been devised to test the primality of large numbers. These include the Miller–Rabin primality test, which is fast but has a small probability of error, and the AKS primality test, which always produces the correct answer in polynomial time but is too slow to be practical. Particularly fast methods are available for numbers of special forms, such as Mersenne numbers. As of January 2016[update], the largest known prime number has 22,338,618 decimal digits.",As of January 2016 how many digits does the largest known prime consist of?,"22,338,618","22,338,618",The context provides an exact quote about the size of the largest known prime number.,"The context states that 'as of January 2016 [update], the largest known prime number has 22,338,618 decimal digits.' This directly answers the question.","The context states that the largest known prime number as of January 2016 has 22,338,618 decimal digits.","22,338,618",1,1.0,1.0,0.17503217503217505,0.16417910447761194,modular,1.0
56f86e91aef2371900626069,xquad.en,"Published at a time of rising demand for German-language publications, Luther's version quickly became a popular and influential Bible translation. As such, it made a significant contribution to the evolution of the German language and literature. Furnished with notes and prefaces by Luther, and with woodcuts by Lucas Cranach that contained anti-papal imagery, it played a major role in the spread of Luther's doctrine throughout Germany. The Luther Bible influenced other vernacular translations, such as William Tyndale's English Bible (1525 forward), a precursor of the King James Bible.",What did the popularity of Luther's translation contribute to?,evolution of the German language and literature,A concise answer to the question,"The passage mentions that Luther's version quickly became a popular and influential Bible translation, providing evidence for this answer.","The context clearly states that Luther's version quickly became a popular and influential Bible translation, which contributed significantly to the evolution of the German language and literature.","The context states that Luther's version quickly became a popular and influential Bible translation, which contributed significantly to the evolution of the German language and literature. It also mentions that the Luther Bible influenced other vernacular translations, including William Tyndale's English Bible, which was a precursor to the King James Bible.",A concise answer to the question,0,0.0,0.3098591549295775,0.34452554744525543,0.3366336633663366,modular,1.0
572881d34b864d1900164a5d,xquad.en,"Western medicine was also practiced in China by the Nestorian Christians of the Yuan court, where it was sometimes labeled as huihui or Muslim medicine. The Nestorian physician Jesus the Interpreter founded the Office of Western Medicine in 1263 during the reign of Kublai. Huihui doctors staffed at two imperial hospitals were responsible for treating the imperial family and members of the court. Chinese physicians opposed Western medicine because its humoral system contradicted the yin-yang and wuxing philosophy underlying traditional Chinese medicine. No Chinese translation of Western medical works is known, but it is possible that the Chinese had access to Avicenna's The Canon of Medicine.",What aspect of Western medicine did the Chinese dislike?,its humoral system,The Chinese disliked the humoral system of Western medicine.,"The passage mentions that no Chinese translation of Western medical works is known, indicating that there may have been some misunderstanding about the nature of Western medicine.","The context states that the Nestorian physician Jesus the Interpreter founded the Office of Western Medicine in 1263 during the reign of Kublai, which implies that the Chinese were opposed to this system.","The context states that the Chinese disliked the humoral system of Western medicine, which aligns with the information provided in the question.",The Chinese disliked the humoral system of Western medicine.,0,0.4,0.48571428571428577,0.3164251207729468,0.3442622950819672,modular,1.0
5726577f708984140094c303,xquad.en,"The Black Death ravaged much of the Islamic world. Plague was present in at least one location in the Islamic world virtually every year between 1500 and 1850. Plague repeatedly struck the cities of North Africa. Algiers lost 30 to 50 thousand inhabitants to it in 1620–21, and again in 1654–57, 1665, 1691, and 1740–42. Plague remained a major event in Ottoman society until the second quarter of the 19th century. Between 1701 and 1750, thirty-seven larger and smaller epidemics were recorded in Constantinople, and an additional thirty-one between 1751 and 1800. Baghdad has suffered severely from visitations of the plague, and sometimes two-thirds of its population has been wiped out.",How long did plague last in the Ottoman empire?,until the second quarter of the 19th century,several decades,"The text mentions that between 1701 and 1750, thirty-seven larger and smaller epidemics were recorded in Constantinople, and an additional thirty-one between 1751 and 1800. This suggests that plague continued for several years after the first outbreaks.","The passage states that 'Plague remained a major event in Ottoman society until the second quarter of the 19th century,' indicating that plague lasted for several decades in the Ottoman empire.","The context states that the Ottoman Empire experienced plague outbreaks between 1701 and 1750, which lasted for several decades.",several decades,0,0.0,0.26415094339622647,0.45526613816534545,0.23437499999999997,modular,1.0
5733834ed058e614000b5c29,xquad.en,"Warsaw's first stock exchange was established in 1817 and continued trading until World War II. It was re-established in April 1991, following the end of the post-war communist control of the country and the reintroduction of a free-market economy. Today, the Warsaw Stock Exchange (WSE) is, according to many indicators, the largest market in the region, with 374 companies listed and total capitalization of 162 584 mln EUR as of 31 August 2009. From 1991 until 2000, the stock exchange was, ironically, located in the building previously used as the headquarters of the Polish United Workers' Party (PZPR).",How many companies were listed on the WSE on August 2009?,374,374,The passage directly provides this information without any additional context.,The context states that 'Warsaw's first stock exchange was established in 1817 and continued trading until World War II.' This indicates that there were 374 companies listed on the Warsaw Stock Exchange on August 2009.,"The context states that the Warsaw Stock Exchange (WSE) had 374 companies listed on August 2009, which matches the information provided in the question.",374,1,1.0,1.0,0.2009569377990431,0.38655462184873945,modular,1.0
57338007d058e614000b5bdc,xquad.en,"Throughout its existence, Warsaw has been a multi-cultural city. According to the 1901 census, out of 711,988 inhabitants 56.2% were Catholics, 35.7% Jews, 5% Greek orthodox Christians and 2.8% Protestants. Eight years later, in 1909, there were 281,754 Jews (36.9%), 18,189 Protestants (2.4%) and 2,818 Mariavites (0.4%). This led to construction of hundreds of places of religious worship in all parts of the town. Most of them were destroyed in the aftermath of the Warsaw Uprising of 1944. After the war, the new communist authorities of Poland discouraged church construction and only a small number were rebuilt.","Of Warsaw's inhabitants in 1901, what percentage was Catholic?",56.2%,56.2%,The passage directly provides this information without any additional context.,"The context states that out of 711,988 inhabitants in 1901, 56.2% were Catholics.","The context states that out of 711,988 inhabitants in 1901, 56.2% were Catholics. The answer provided is 56.2%, which matches the information given in the context.",56.2%,1,1.0,1.0,0.19905213270142175,0.17821782178217818,modular,1.0
572683f95951b619008f7526,xquad.en,"Some modern scholars, such as Fielding H. Garrison, are of the opinion that the origin of the science of geology can be traced to Persia after the Muslim conquests had come to an end. Abu al-Rayhan al-Biruni (973–1048 CE) was one of the earliest Persian geologists, whose works included the earliest writings on the geology of India, hypothesizing that the Indian subcontinent was once a sea. Drawing from Greek and Indian scientific literature that were not destroyed by the Muslim conquests, the Persian scholar Ibn Sina (Avicenna, 981–1037) proposed detailed explanations for the formation of mountains, the origin of earthquakes, and other topics central to modern geology, which provided an essential foundation for the later development of the science. In China, the polymath Shen Kuo (1031–1095) formulated a hypothesis for the process of land formation: based on his observation of fossil animal shells in a geological stratum in a mountain hundreds of miles from the ocean, he inferred that the land was formed by erosion of the mountains and by deposition of silt.","Living from 973–1048 CE he was one of the earliest Persian geologists, what was his name?",Abu al-Rayhan al-Biruni,Abu al-Rayhan al-Biruni,The passage directly mentions him as one of the early Persian geologists.,The context states that Abu al-Rayhan al-Biruni (973-1048 CE) was one of the earliest Persian geologists.,"Abu al-Rayhan al-Biruni is indeed mentioned in the given context as one of the earliest Persian geologists who lived during the period from 973 to 1048 CE. The context states that he was one of the earliest Persian geologists, and it provides information about his contributions to the field of geology through his works and theories.",Abu al-Rayhan al-Biruni,1,1.0,1.0,0.12237093690248567,0.14814814814814817,modular,1.0
56f86e91aef2371900626067,xquad.en,"Published at a time of rising demand for German-language publications, Luther's version quickly became a popular and influential Bible translation. As such, it made a significant contribution to the evolution of the German language and literature. Furnished with notes and prefaces by Luther, and with woodcuts by Lucas Cranach that contained anti-papal imagery, it played a major role in the spread of Luther's doctrine throughout Germany. The Luther Bible influenced other vernacular translations, such as William Tyndale's English Bible (1525 forward), a precursor of the King James Bible.",At the time of Martin Luther what was in demand?,German-language publications,German-language publications,The passage mentions that 'Luther's version quickly became a popular and influential Bible translation' and that it 'played a major role in the spread of Luther's doctrine throughout Germany'. This directly supports the answer that German-language publications were in high demand.,"The context states that 'Published at a time of rising demand for German-language publications', indicating that German-language publications were in high demand during this period.","The context states that Luther's version became a popular and influential Bible translation, indicating that it was in demand during his time.",German-language publications,1,1.0,1.0,0.512883435582822,0.21782178217821782,modular,1.0
5727f3193acd2414000df0a5,xquad.en,"The Doctor rarely travels alone and often brings one or more companions to share these adventures. His companions are usually humans, as he has found a fascination with planet Earth. He often finds events that pique his curiosity as he tries to prevent evil forces from harming innocent people or changing history, using only his ingenuity and minimal resources, such as his versatile sonic screwdriver. As a Time Lord, the Doctor has the ability to regenerate when his body is mortally damaged, taking on a new appearance and personality. The Doctor has gained numerous reoccurring enemies during his travels, including the Daleks, the Cybermen, and the Master, another renegade Time Lord.",How often does Doctor Who travel by himself?,rarely,Once per year,The passage mentions that 'The Doctor rarely travels alone' and describes him as having companions who are usually humans.,The context states that 'The Doctor rarely travels alone' and provides additional information about his companions and his time-traveling abilities.,"The context states that the Doctor rarely travels alone, indicating that he typically travels by himself once per year.",Once per year,0,0.0,0.3157894736842105,0.23853211009174313,0.16806722689075632,modular,1.0
5737a25ac3c5551400e51f51,xquad.en,where  is the relevant cross-sectional area for the volume for which the stress-tensor is being calculated. This formalism includes pressure terms associated with forces that act normal to the cross-sectional area (the matrix diagonals of the tensor) as well as shear terms associated with forces that act parallel to the cross-sectional area (the off-diagonal elements). The stress tensor accounts for forces that cause all strains (deformations) including also tensile stresses and compressions.:133–134:38-1–38-11,What causes strain in structures?,stress tensor,Strain in structures is caused by both tensile stresses and compressions.,The passage directly mentions that 'strains' include both tensile stresses and compressions.,The context explicitly states that 'stress-tensors account for forces that cause all strains (deformations) including also tensile stresses and compressions.',"The context states that the stress-tensor accounts for both tensile stresses and compressions, which directly supports the claim that strain in structures is caused by both types of stresses.",Strain in structures is caused by both tensile stresses and compressions.,0,0.0,0.3058823529411765,0.28519855595667865,0.31707317073170727,modular,1.0
5726acc1f1498d1400e8e6cd,xquad.en,"As Jamukha and Temüjin drifted apart in their friendship, each began consolidating power, and soon became rivals. Jamukha supported the traditional Mongolian aristocracy, while Temüjin followed a meritocratic method, and attracted a broader, though lower class, range of followers. Due to his earlier defeat of the Merkits, and a proclamation by the shaman Kokochu that the Eternal Blue Sky had set aside the world for Temüjin, Temüjin began rising to power. In 1186, Temüjin was elected khan of the Mongols. However, Jamukha, threatened by Temüjin's rapid ascent, quickly moved to stop Temüjin's ambitions. In 1187, he launched an attack against his former friend with an army of thirty thousand troops. Temüjin hastily gathered together his followers to defend against the attack, but he was decisively beaten in the Battle of Dalan Balzhut. Jamukha horrified people greatly and harmed his image by boiling seventy young male captives alive in cauldrons, alienating many of his potential followers and eliciting sympathy for Temüjin. Toghrul, as Temüjin's patron, was exiled to the Qara Khitai. The life of Temüjin for the next ten years is very unclear, as historical records are mostly silent on that period.",Which battle did Temüjin lose to Jamukha shortly after his election as khan?,Battle of Dalan Balzhut,Battle of Dalan Balzhut,The passage directly mentions the Battle of Dalan Balzhut as the decisive battle where Temüjin was defeated by Jamukha.,"The context states that 'In 1187, he launched an attack against his former friend with an army of thirty thousand troops. Temüjin hastily gathered together his followers to defend against the attack, but he was decisively beaten in the Battle of Dalan Balzhut.' This indicates that Temüjin lost this battle.","The context states that Temüjin lost the Battle of Dalan Balzhut to Jamukha shortly after his election as khan. This battle took place in 1187, which matches the year mentioned in the question.",Battle of Dalan Balzhut,1,1.0,1.0,0.15852682145716568,0.34545454545454546,modular,1.0
5727cc15ff5b5019007d9576,xquad.en,"The Harvard Business School and many of the university's athletics facilities, including Harvard Stadium, are located on a 358-acre (145 ha) campus opposite the Cambridge campus in Allston. The John W. Weeks Bridge is a pedestrian bridge over the Charles River connecting both campuses. The Harvard Medical School, Harvard School of Dental Medicine, and the Harvard School of Public Health are located on a 21-acre (8.5 ha) campus in the Longwood Medical and Academic Area approximately 3.3 miles (5.3 km) southwest of downtown Boston and 3.3 miles (5.3 km) south of the Cambridge campus.",Where is Harvard stadium located?,Allston,Allston,"The passage mentions 'the Harvard Stadium,'",The context explicitly states that 'Harvard Stadium' is located on a 358-acre (145 ha) campus opposite the Cambridge campus.,The context states that Harvard Stadium is located on a 358-acre (145 ha) campus opposite the Cambridge campus in Allston. This directly supports the given information about its location.,Allston,1,1.0,1.0,0.11307420494699649,0.24489795918367344,modular,1.0
5728349dff5b5019007d9f00,xquad.en,"The Amazon rainforest (Portuguese: Floresta Amazônica or Amazônia; Spanish: Selva Amazónica, Amazonía or usually Amazonia; French: Forêt amazonienne; Dutch: Amazoneregenwoud), also known in English as Amazonia or the Amazon Jungle, is a moist broadleaf forest that covers most of the Amazon basin of South America. This basin encompasses 7,000,000 square kilometres (2,700,000 sq mi), of which 5,500,000 square kilometres (2,100,000 sq mi) are covered by the rainforest. This region includes territory belonging to nine nations. The majority of the forest is contained within Brazil, with 60% of the rainforest, followed by Peru with 13%, Colombia with 10%, and with minor amounts in Venezuela, Ecuador, Bolivia, Guyana, Suriname and French Guiana. States or departments in four nations contain ""Amazonas"" in their names. The Amazon represents over half of the planet's remaining rainforests, and comprises the largest and most biodiverse tract of tropical rainforest in the world, with an estimated 390 billion individual trees divided into 16,000 species.",In what country can most of the Amazon rainforest be found?,Brazil,Brazil,"Brazil is mentioned multiple times in the given context, including its name and the fact that it contains 60% of the rainforest.","The context states that 'the majority of the forest is contained within Brazil', indicating that most of the Amazon rainforest is located in Brazil.","The context states that the majority of the Amazon rainforest is contained within Brazil, with 60% of the forest being in Brazil. Therefore, the correct answer is Brazil.",Brazil,1,1.0,1.0,0.19301470588235292,0.18404907975460122,modular,1.0
57280f0d3acd2414000df35d,xquad.en,"The programme's first serial, An Unearthly Child, shows that the Doctor has a granddaughter, Susan Foreman. In the 1967 serial, Tomb of the Cybermen, when Victoria Waterfield doubts the Doctor can remember his family because of, ""being so ancient"", the Doctor says that he can when he really wants to—""The rest of the time they sleep in my mind"". The 2005 series reveals that the Ninth Doctor thought he was the last surviving Time Lord, and that his home planet had been destroyed; in ""The Empty Child"" (2005), Dr. Constantine states that, ""Before the war even began, I was a father and a grandfather. Now I am neither."" The Doctor remarks in response, ""Yeah, I know the feeling."" In ""Smith and Jones"" (2007), when asked if he had a brother, he replied, ""No, not any more."" In both ""Fear Her"" (2006) and ""The Doctor's Daughter"" (2008), he states that he had, in the past, been a father.",In what year did Doctor Who state that he was the last Time Lord?,2005,,,,The context clearly states that the Ninth Doctor stated he was the last surviving Time Lord in 'The Empty Child' (2005).,,0,0.0,0.0,0.0,0.0,modular,0.0
572a005f1d046914007796b8,xquad.en,"The needs of soy farmers have been used to justify many of the controversial transportation projects that are currently developing in the Amazon. The first two highways successfully opened up the rainforest and led to increased settlement and deforestation. The mean annual deforestation rate from 2000 to 2005 (22,392 km2 or 8,646 sq mi per year) was 18% higher than in the previous five years (19,018 km2 or 7,343 sq mi per year). Although deforestation has declined significantly in the Brazilian Amazon between 2004 and 2014, there has been an increase to the present day.",What did creating highways in the Amazon rainforest lead to?,increased settlement and deforestation,Increased settlement and deforestation,"The passage mentions that the mean annual deforestation rate from 2000 to 2005 was 18% higher than in the previous five years (19,018 km² or 7,343 sq mi per year).",The passage states that the first two highways successfully opened up the rainforest and led to increased settlement and deforestation.,"The context states that the mean annual deforestation rate from 2000 to 2005 was 18% higher than in the previous five years (19,018 km² or 7,343 sq mi per year), which directly supports the claim that creating highways in the Amazon rainforest led to increased settlement and deforestation. ",Increased settlement and deforestation,1,1.0,1.0,0.42120765832106033,0.29411764705882354,modular,1.0
5728eef92ca10214002daab1,xquad.en,"Sometimes the prosecution proposes a plea bargain to civil disobedients, as in the case of the Camden 28, in which the defendants were offered an opportunity to plead guilty to one misdemeanor count and receive no jail time. In some mass arrest situations, the activists decide to use solidarity tactics to secure the same plea bargain for everyone. But some activists have opted to enter a blind plea, pleading guilty without any plea agreement in place. Mohandas Gandhi pleaded guilty and told the court, ""I am here to . . . submit cheerfully to the highest penalty that can be inflicted upon me for what in law is a deliberate crime and what appears to me to be the highest duty of a citizen.""",What is usually the goal of taking a plea bargain?,no jail time,To secure a lesser punishment,Mohandas Gandhi's statement in the context: 'I am here to submit cheerfully to the highest penalty that can be inflicted upon me for what in law is a deliberate crime and what appears to me to be the highest duty of a citizen.' This quote directly supports the idea that the main goal of taking a plea bargain is to secure a lesser punishment.,"The context mentions that sometimes prosecutors propose plea bargains to civil disobedients, indicating that the main goal of taking a plea bargain is to secure a lesser punishment.","The context states that sometimes prosecutors propose plea bargains, such as in the case of the Camden 28, where the defendants were offered an opportunity to plead guilty to one misdemeanor count and receive no jail time. This aligns with the idea of securing a lesser punishment through a plea bargain.",To secure a lesser punishment,0,0.0,0.35,0.4281282316442606,0.183206106870229,modular,1.0
57296f293f37b319004783a6,xquad.en,"The property of being prime (or not) is called primality. A simple but slow method of verifying the primality of a given number n is known as trial division. It consists of testing whether n is a multiple of any integer between 2 and . Algorithms much more efficient than trial division have been devised to test the primality of large numbers. These include the Miller–Rabin primality test, which is fast but has a small probability of error, and the AKS primality test, which always produces the correct answer in polynomial time but is too slow to be practical. Particularly fast methods are available for numbers of special forms, such as Mersenne numbers. As of January 2016[update], the largest known prime number has 22,338,618 decimal digits.",What is the name of another algorithm useful for conveniently testing the primality of large numbers?,AKS primality test,Miller-Rabin primality test,"The context states: 'These include the Miller–Rabin primality test, which is fast but has a small probability of error'","The context provides an explanation of the Miller-Rabin primality test, which is mentioned as a useful algorithm for quickly verifying the primality of large numbers.",The context states that the Miller-Rabin primality test is a useful algorithm for quickly verifying the primality of large numbers.,Miller-Rabin primality test,0,0.6666666666666666,0.7272727272727273,0.2589395807644883,0.19402985074626863,modular,1.0
5725cc38ec44d21400f3d5bd,xquad.en,"The principal Treaties that form the European Union began with common rules for coal and steel, and then atomic energy, but more complete and formal institutions were established through the Treaty of Rome 1957 and the Maastricht Treaty 1992 (now: TFEU). Minor amendments were made during the 1960s and 1970s. Major amending treaties were signed to complete the development of a single, internal market in the Single European Act 1986, to further the development of a more social Europe in the Treaty of Amsterdam 1997, and to make minor amendments to the relative power of member states in the EU institutions in the Treaty of Nice 2001 and the Treaty of Lisbon 2007. Since its establishment, more member states have joined through a series of accession treaties, from the UK, Ireland, Denmark and Norway in 1972 (though Norway did not end up joining), Greece in 1979, Spain and Portugal 1985, Austria, Finland, Norway and Sweden in 1994 (though again Norway failed to join, because of lack of support in the referendum), the Czech Republic, Cyprus, Estonia, Hungary, Latvia, Lithuania, Malta, Poland, Slovakia and Slovenia in 2004, Romania and Bulgaria in 2007 and Croatia in 2013. Greenland signed a Treaty in 1985 giving it a special status.",In what years did Spain and Portugal join the European Union?,1985,Spain and Portugal joined the European Union in 1985.,The passage mentions 'Spain and Portugal 1985' as one of the member states that joined the EU.,The context explicitly states that Spain and Portugal joined the European Union in 1985.,The context clearly states that Spain and Portugal joined the European Union in 1985 according to the information provided.,Spain and Portugal joined the European Union in 1985.,0,0.2222222222222222,0.15094339622641506,0.12469635627530362,0.10152284263959392,modular,1.0
57264b3edd62a815002e80ac,xquad.en,"Medical knowledge had stagnated during the Middle Ages. The most authoritative account at the time came from the medical faculty in Paris in a report to the king of France that blamed the heavens, in the form of a conjunction of three planets in 1345 that caused a ""great pestilence in the air"". This report became the first and most widely circulated of a series of plague tracts that sought to give advice to sufferers. That the plague was caused by bad air became the most widely accepted theory. Today, this is known as the Miasma theory. The word 'plague' had no special significance at this time, and only the recurrence of outbreaks during the Middle Ages gave it the name that has become the medical term.","What is the newer, more widely accepted theory behind the spread of the plague?",That the plague was caused by bad air,The Miasma Theory,"The passage states: ""That the plague was caused by bad air became the most widely accepted theory.""","The context provides evidence that the plague was caused by bad air, which led to the development of the Miasma theory.","The context states that today's understanding of the plague is based on the Miasma theory, which gained widespread acceptance after the recurrence of outbreaks during the Middle Ages.",The Miasma Theory,0,0.0,0.21276595744680848,0.2328767123287672,0.1788617886178862,modular,1.0
5726847f708984140094c8ae,xquad.en,"Lindisfarne are a folk-rock group with a strong Tyneside connection. Their most famous song, ""Fog on the Tyne"" (1971), was covered by Geordie ex-footballer Paul Gascoigne in 1990. Venom, reckoned by many to be the originators of black metal and extremely influential to the extreme metal scene as a whole, formed in Newcastle in 1979. Folk metal band Skyclad, often regarded as the first folk metal band, also formed in Newcastle after the break-up of Martin Walkyier thrash metal band, Sabbat. Andy Taylor, former lead guitarist of Duran Duran was born here in 1961. Brian Johnson was a member of local rock band Geordie before becoming the lead vocalist of AC/DC.",What band is often regarded as the first folk metal group?,Skyclad,Skyclad,"Skyclad, a folk metal band, formed in Newcastle after the break-up of Martin Walkyier's Thrash Metal band, Sabbat.","The context states that 'Folk metal band Skyclad, often regarded as the first folk metal band, also formed in Newcastle after the break-up of Martin Walkyier thrash metal band, Sabbat.' This directly answers the question about which band is often regarded as the first folk metal group.","The context states that Skyclad formed in Newcastle in 1979, which is when folk metal bands were considered the first form of this genre. The answer provided matches this information exactly.",Skyclad,1,1.0,1.0,0.2841379310344827,0.39160839160839167,modular,1.0
572a04d51d046914007796cd,xquad.en,"In contrast, during wake periods differentiated effector cells, such as cytotoxic natural killer cells and CTLs (cytotoxic T lymphocytes), peak in order to elicit an effective response against any intruding pathogens. As well during awake active times, anti-inflammatory molecules, such as cortisol and catecholamines, peak. There are two theories as to why the pro-inflammatory state is reserved for sleep time. First, inflammation would cause serious cognitive and physical impairments if it were to occur during wake times. Second, inflammation may occur during sleep times due to the presence of melatonin. Inflammation causes a great deal of oxidative stress and the presence of melatonin during sleep times could actively counteract free radical production during this time.",What are examples of differentiated effector cells that peak during wake periods?,cytotoxic natural killer cells and CTLs (cytotoxic T lymphocytes),Cytotoxic natural killer cells and CTLs,The passage directly mentions these specific cell types during wake periods.,"The context states that during wake periods differentiated effector cells, such as cytotoxic natural killer cells and CTLs, peak to elicit an effective response against any intruding pathogens.","The context states that cytotoxic natural killer cells and CTLs peak during wake periods, which matches the information given in the question.",Cytotoxic natural killer cells and CTLs,0,0.8,0.7647058823529411,0.16077953714981733,0.3382352941176471,modular,1.0
5733a32bd058e614000b5f32,xquad.en,"Their local rivals, Polonia Warsaw, have significantly fewer supporters, yet they managed to win Ekstraklasa Championship in 2000. They also won the country’s championship in 1946, and won the cup twice as well. Polonia's home venue is located at Konwiktorska Street, a ten-minute walk north from the Old Town. Polonia was relegated from the country's top flight in 2013 because of their disastrous financial situation. They are now playing in the 4th league (5th tier in Poland) -the bottom professional league in the National – Polish Football Association (PZPN) structure.",Who won the Ekstraklasa Championship in 2000?,Polonia Warsaw,Polonia Warsaw,The passage mentions that 'they won the country's championship in 1946' and 'won the cup twice as well'. These statements confirm that Polonia Warsaw won the Ekstraklasa Championship in 2000.,"The context states that 'their local rivals, Polonia Warsaw, have significantly fewer supporters, yet they managed to win Ekstraklasa Championship in 2000. ' This directly answers the question.","The context states that Polonia Warsaw won the Ekstraklasa Championship in 2000, which matches the information given in the question.",Polonia Warsaw,1,1.0,1.0,0.40625,0.33962264150943394,modular,1.0
5727de862ca10214002d9862,xquad.en,"Politics: U.N. Secretary General Ban Ki-moon; American political leaders John Hancock, John Adams, John Quincy Adams, Rutherford B. Hayes, Theodore Roosevelt, Franklin D. Roosevelt, John F. Kennedy, Al Gore, George W. Bush and Barack Obama; Chilean President Sebastián Piñera; Colombian President Juan Manuel Santos; Costa Rican President José María Figueres; Mexican Presidents Felipe Calderón, Carlos Salinas de Gortari and Miguel de la Madrid; Mongolian President Tsakhiagiin Elbegdorj; Peruvian President Alejandro Toledo; Taiwanese President Ma Ying-jeou; Canadian Governor General David Lloyd Johnston; Indian Member of Parliament Jayant Sinha; Albanian Prime Minister Fan S. Noli; Canadian Prime Ministers Mackenzie King and Pierre Trudeau; Greek Prime Minister Antonis Samaras; Israeli Prime Minister Benjamin Netanyahu; former Pakistani Prime Minister Benazir Bhutto; U. S. Secretary of Housing and Urban Development Shaun Donovan; Canadian political leader Michael Ignatieff; Pakistani Members of Provincial Assembly Murtaza Bhutto and Sanam Bhutto; Bangladesh Minister of Finance Abul Maal Abdul Muhith; President of Puntland Abdiweli Mohamed Ali; U.S. Ambassador to the European Union Anthony Luzzatto Gardner.",Who is the Costa Rican President that went to Harvard?,José María Figueres,Miguel de la Madrid,"Miguel de la Madrid served as President of Costa Rica from 2006 to 2013, which directly answers the question.","The context provides information about Costa Rican presidents, including their roles and positions. It mentions that Miguel de la Madrid was the President of Costa Rica from 2006 to 2013.","The Costa Rican President José María Figueres was indeed born in 1963, which aligns with the year mentioned in the context as 2005.",Miguel de la Madrid,0,0.0,0.3157894736842105,0.13928012519561817,0.11458333333333334,modular,1.0
572685cd5951b619008f7576,xquad.en,"The V&A has its origins in the Great Exhibition of 1851, with which Henry Cole, the museum's first director, was involved in planning; initially it was known as the Museum of Manufactures, first opening in May 1852 at Marlborough House, but by September had been transferred to Somerset House. At this stage the collections covered both applied art and science. Several of the exhibits from the Exhibition were purchased to form the nucleus of the collection. By February 1854 discussions were underway to transfer the museum to the current site and it was renamed South Kensington Museum. In 1855 the German architect Gottfried Semper, at the request of Cole, produced a design for the museum, but it was rejected by the Board of Trade as too expensive. The site was occupied by Brompton Park House; this was extended including the first refreshment rooms opened in 1857, the museum being the first in the world to provide such a facility.",Where was the V&A transferred to from its original location at Marlborough House?,Somerset House,Somerset House,The passage directly mentions that the V&A was transferred to Somerset House in September 1852.,The context states that 'By September had been transferred to Somerset House' when the V&A was originally located at Marlborough House.,"The context states that the V&A was transferred to Somerset House in 1854, which is the year mentioned in the question.",Somerset House,1,1.0,1.0,0.1716101694915254,0.16666666666666666,modular,1.0
57268e2bf1498d1400e8e3b2,xquad.en,"The principal Treaties that form the European Union began with common rules for coal and steel, and then atomic energy, but more complete and formal institutions were established through the Treaty of Rome 1957 and the Maastricht Treaty 1992 (now: TFEU). Minor amendments were made during the 1960s and 1970s. Major amending treaties were signed to complete the development of a single, internal market in the Single European Act 1986, to further the development of a more social Europe in the Treaty of Amsterdam 1997, and to make minor amendments to the relative power of member states in the EU institutions in the Treaty of Nice 2001 and the Treaty of Lisbon 2007. Since its establishment, more member states have joined through a series of accession treaties, from the UK, Ireland, Denmark and Norway in 1972 (though Norway did not end up joining), Greece in 1979, Spain and Portugal 1985, Austria, Finland, Norway and Sweden in 1994 (though again Norway failed to join, because of lack of support in the referendum), the Czech Republic, Cyprus, Estonia, Hungary, Latvia, Lithuania, Malta, Poland, Slovakia and Slovenia in 2004, Romania and Bulgaria in 2007 and Croatia in 2013. Greenland signed a Treaty in 1985 giving it a special status.",When was the Single European Act made?,1986,1986,The passage mentions 'the Single European Act 1986' and provides a brief explanation about when it was signed.,The context explicitly states that the Single European Act was signed in 1986.,The context explicitly states that the Single European Act was made in 1986.,1986,1,1.0,1.0,0.15003990422984836,0.08163265306122448,modular,1.0
57296f293f37b319004783a4,xquad.en,"The property of being prime (or not) is called primality. A simple but slow method of verifying the primality of a given number n is known as trial division. It consists of testing whether n is a multiple of any integer between 2 and . Algorithms much more efficient than trial division have been devised to test the primality of large numbers. These include the Miller–Rabin primality test, which is fast but has a small probability of error, and the AKS primality test, which always produces the correct answer in polynomial time but is too slow to be practical. Particularly fast methods are available for numbers of special forms, such as Mersenne numbers. As of January 2016[update], the largest known prime number has 22,338,618 decimal digits.",What is the name of the process which confirms the primality of a number n?,trial division,Trial Division,The passage mentions that 'trial division' is used as a method of verifying the primality of a number n.,The context explicitly states that 'a simple but slow method of verifying the primality of a given number n is known as trial division',Trial Division is mentioned as one of the methods used to verify the primality of a given number n in the provided context.,Trial Division,1,1.0,1.0,0.21329987452948562,0.23880597014925373,modular,1.0
57309ef18ab72b1400f9c603,xquad.en,"The correlation between capitalism, aristocracy, and imperialism has long been debated among historians and political theorists. Much of the debate was pioneered by such theorists as J. A. Hobson (1858–1940), Joseph Schumpeter (1883–1950), Thorstein Veblen (1857–1929), and Norman Angell (1872–1967). While these non-Marxist writers were at their most prolific before World War I, they remained active in the interwar years. Their combined work informed the study of imperialism and it's impact on Europe, as well as contributed to reflections on the rise of the military-political complex in the United States from the 1950s. Hobson argued that domestic social reforms could cure the international disease of imperialism by removing its economic foundation. Hobson theorized that state intervention through taxation could boost broader consumption, create wealth, and encourage a peaceful, tolerant, multipolar world order.",Hobson argued that imperialism was an international what?,disease,International disease,"Hobson stated that 'domestic social reforms could cure the international disease of imperialism' and that 'state intervention through taxation could boost broader consumption, create wealth, and encourage a peaceful, tolerant, multipolar world order.'","Hobson argued that imperialism was an international disease because it led to economic instability, social unrest, and conflicts within countries.","The context states that Hobson argued that imperialism was an international 'disease', which aligns with the information provided about his theories and the historical context of the time.",International disease,0,0.6666666666666666,0.5,0.43351548269581053,0.15714285714285714,modular,1.0
5726da89dd62a815002e92b3,xquad.en,A Pharmacy Technician in the UK is considered a health care professional and often does not work under the direct supervision of a pharmacist (if employed in a hospital pharmacy) but instead is supervised and managed by other senior pharmacy technicians. In the UK the role of a PhT has grown and responsibility has been passed on to them to manage the pharmacy department and specialised areas in pharmacy practice allowing pharmacists the time to specialise in their expert field as medication consultants spending more time working with patients and in research. A pharmacy technician once qualified has to register as a professional on the General Pharmaceutical Council (GPhC) register. The GPhC is the governing body for pharmacy health care professionals and this is who regulates the practice of pharmacists and pharmacy technicians.,With what body must a pharmacy technician register?,the General Pharmaceutical Council (GPhC) register,The General Pharmaceutical Council (GPhC),The context provides an exact quote from the GPhC: 'The GPhC is the governing body for pharmacy health care professionals and this is who regulates the practice of pharmacists and pharmacy technicians.',The context explicitly states that 'a pharmacy technician once qualified has to register as a professional on the General Pharmaceutical Council (GPhC) register.' This indicates that the GPhC is responsible for regulating the practice of pharmacists and pharmacy technicians.,"The context states that the General Pharmaceutical Council (GPhC) was established in 1999, which aligns with the year mentioned in the question.",The General Pharmaceutical Council (GPhC),0,0.888888888888889,0.8860759493670887,0.3651282051282051,0.33557046979865773,modular,1.0
572fcc43b2c2fd140056847f,xquad.en,"Reserved matters are subjects that are outside the legislative competence of the Scotland Parliament. The Scottish Parliament is unable to legislate on such issues that are reserved to, and dealt with at, Westminster (and where Ministerial functions usually lie with UK Government ministers). These include abortion, broadcasting policy, civil service, common markets for UK goods and services, constitution, electricity, coal, oil, gas, nuclear energy, defence and national security, drug policy, employment, foreign policy and relations with Europe, most aspects of transport safety and regulation, National Lottery, protection of borders, social security and stability of UK's fiscal, economic and monetary system.",Where are issues like abortion and drug policy legislated on?,Westminster,The Scottish Parliament,"The passage mentions that 'the Scottish Parliament is unable to legislate on such issues,' which directly supports this answer.",The context explicitly states that 'reserved matters' are 'subjects that are outside the legislative competence of the Scotland Parliament.' This means that these issues are typically dealt with by the Scottish Parliament rather than Westminster.,"The context states that issues like abortion and drug policy are reserved matters within the scope of the Scottish Parliament, which is inconsistent with the information provided in the answer.",The Scottish Parliament,0,0.0,0.33333333333333337,0.27318295739348375,0.328125,modular,1.0
5728d63c4b864d1900164f1a,xquad.en,"Following the Peterloo massacre of 1819, poet Percy Shelley wrote the political poem The Mask of Anarchy later that year, that begins with the images of what he thought to be the unjust forms of authority of his time—and then imagines the stirrings of a new form of social action. It is perhaps the first modern[vague] statement of the principle of nonviolent protest. A version was taken up by the author Henry David Thoreau in his essay Civil Disobedience, and later by Gandhi in his doctrine of Satyagraha. Gandhi's Satyagraha was partially influenced and inspired by Shelley's nonviolence in protest and political action. In particular, it is known that Gandhi would often quote Shelley's Masque of Anarchy to vast audiences during the campaign for a free India.",What was the principle shown in The Mark of Anarchy?,nonviolent protest,The principle shown in The Mask of Anarchy is nonviolent protest.,"The passage mentions that 'Shelley wrote the political poem The Mask of Anarchy later that year,' which implies that this is the first modern statement of the principle of nonviolent protest.",The context states that 'Percy Shelley wrote the political poem The Mask of Anarchy later that year' and that 'It is perhaps the first modern[vague] statement of the principle of nonviolent protest.' This directly indicates that the principle shown in The Mask of Anarchy is nonviolent protest.,"The context states that The Mask of Anarchy was written in 1819, which aligns with the year 2005 mentioned in the question.",The principle shown in The Mask of Anarchy is nonviolent protest.,0,0.3636363636363636,0.48,0.34870641169853767,0.38961038961038963,modular,1.0
572fadcbb2c2fd140056832c,xquad.en,"Under the terms of the Scotland Act 1978, an elected assembly would be set up in Edinburgh provided that the majority of the Scottish electorate voted for it in a referendum to be held on 1 March 1979 that represented at least 40% of the total electorate. The 1979 Scottish devolution referendum to establish a devolved Scottish Assembly failed. Although the vote was 51.6% in favour of a Scottish Assembly, this figure did not equal the 40% of the total electorate threshold deemed necessary to pass the measure, as 32.9% of the eligible voting population did not, or had been unable to, vote.",What percentage of the vote for a Scottish Assembly in favor of it?,51.6%,40%,This quote directly addresses the question and provides the required information.,The context states that the majority of the Scottish electorate voted for it in a referendum to be held on 1 March 1979 that represented at least 40% of the total electorate.,"The context states that the 1979 Scottish devolution referendum to establish a devolved Scottish Assembly failed, indicating that the required majority of 40% was not reached. Therefore, the answer of 40% is correct based on historical data.",40%,0,0.0,0.0,0.1915584415584416,0.4347826086956523,modular,1.0
57284d484b864d1900164902,xquad.en,"After the 1940s, the Gothic style on campus began to give way to modern styles. In 1955, Eero Saarinen was contracted to develop a second master plan, which led to the construction of buildings both north and south of the Midway, including the Laird Bell Law Quadrangle (a complex designed by Saarinen); a series of arts buildings; a building designed by Ludwig Mies van der Rohe for the university's School of Social Service Administration;, a building which is to become the home of the Harris School of Public Policy Studies by Edward Durrell Stone, and the Regenstein Library, the largest building on campus, a brutalist structure designed by Walter Netsch of the Chicago firm Skidmore, Owings & Merrill. Another master plan, designed in 1999 and updated in 2004, produced the Gerald Ratner Athletics Center (2003), the Max Palevsky Residential Commons (2001), South Campus Residence Hall and dining commons (2009), a new children's hospital, and other construction, expansions, and restorations. In 2011, the university completed the glass dome-shaped Joe and Rika Mansueto Library, which provides a grand reading room for the university library and prevents the need for an off-campus book depository.",What administration did Ludwig Mies van der Rohe designa buiding?,School of Social Service Administration,The University's School of Social Service Administration,Mies van der Rohe designed a building for the University's School of Social Service Administration in 1955.,The context states that Ludwig Mies van der Rohe designed a building for the University's School of Social Service Administration.,"The context states that Ludwig Mies van der Rohe designed a building for the University's School of Social Service Administration in 1999, which is mentioned as part of the 1999 and 2004 master plans.",The University's School of Social Service Administration,0,0.9090909090909091,0.8666666666666667,0.16225165562913912,0.15469613259668508,modular,1.0
5729e2316aef0514001550c7,xquad.en,"The Amazon rainforest (Portuguese: Floresta Amazônica or Amazônia; Spanish: Selva Amazónica, Amazonía or usually Amazonia; French: Forêt amazonienne; Dutch: Amazoneregenwoud), also known in English as Amazonia or the Amazon Jungle, is a moist broadleaf forest that covers most of the Amazon basin of South America. This basin encompasses 7,000,000 square kilometres (2,700,000 sq mi), of which 5,500,000 square kilometres (2,100,000 sq mi) are covered by the rainforest. This region includes territory belonging to nine nations. The majority of the forest is contained within Brazil, with 60% of the rainforest, followed by Peru with 13%, Colombia with 10%, and with minor amounts in Venezuela, Ecuador, Bolivia, Guyana, Suriname and French Guiana. States or departments in four nations contain ""Amazonas"" in their names. The Amazon represents over half of the planet's remaining rainforests, and comprises the largest and most biodiverse tract of tropical rainforest in the world, with an estimated 390 billion individual trees divided into 16,000 species.",Which nation contains the majority of the amazon forest?,Brazil,Brazil,Brazil is explicitly mentioned as containing the majority of the Amazon forest in the given information.,"The context states that 'the majority of the forest is contained within Brazil', indicating that Brazil is the nation that contains the majority of the Amazon forest.","The context states that the majority of the Amazon forest is contained within Brazil, while the answer provides the year 2005 as the correct answer.",Brazil,1,1.0,1.0,0.16322701688555352,0.15853658536585366,modular,1.0
57338007d058e614000b5bda,xquad.en,"Throughout its existence, Warsaw has been a multi-cultural city. According to the 1901 census, out of 711,988 inhabitants 56.2% were Catholics, 35.7% Jews, 5% Greek orthodox Christians and 2.8% Protestants. Eight years later, in 1909, there were 281,754 Jews (36.9%), 18,189 Protestants (2.4%) and 2,818 Mariavites (0.4%). This led to construction of hundreds of places of religious worship in all parts of the town. Most of them were destroyed in the aftermath of the Warsaw Uprising of 1944. After the war, the new communist authorities of Poland discouraged church construction and only a small number were rebuilt.",What type of city has Warsaw been for as long as it's been a city?,multi-cultural,Multi-cultural,"According to the 1901 census, out of 711,988 inhabitants, 56.2% were Catholics, 35.7% Jews, 5% Greeks Orthodox Christians, and 2.8% Protestants. These percentages indicate that Warsaw was predominantly Catholic until the late 19th century, when it became more diverse due to immigration and cultural exchange.","The context states that Warsaw has been a multi-cultural city throughout its existence, which directly answers the question.","The context states that Warsaw has been a multi-cultural city since its establishment in 1901, which aligns with the claim made about being a multi-cultural city throughout its existence.",Multi-cultural,1,1.0,1.0,0.5171192443919717,0.15384615384615383,modular,1.0
5726e37ef1498d1400e8eeda,xquad.en,"The costume collection is the most comprehensive in Britain, containing over 14,000 outfits plus accessories, mainly dating from 1600 to the present. Costume sketches, design notebooks, and other works on paper are typically held by the Word and Image department. Because everyday clothing from previous eras has not generally survived, the collection is dominated by fashionable clothes made for special occasions. One of the first significant gifts of costume came in 1913 when the V&A received the Talbot Hughes collection containing 1,442 costumes and items as a gift from Harrods following its display at the nearby department store.",Why is the collection dominated by fashionable clothes made for special occasions?,Because everyday clothing from previous eras has not generally survived,Because everyday clothing from previous eras has not generally survived,"The passage mentions that fashionable clothes made for special occasions were one of the first significant gifts of costume, which led to their dominance.","The context states that because fashionable clothes made for special occasions were one of the first significant gifts of costume, they have become the dominant collection.",The context states that the collection is dominated by fashionable clothes made for special occasions because everyday clothing from previous eras has not generally survived. This information directly supports the claim.,Because everyday clothing from previous eras has not generally survived,1,1.0,1.0,0.3638814016172507,0.2702702702702703,modular,1.0
57273e50dd62a815002e9a04,xquad.en,"Engineering News-Record (ENR) is a trade magazine for the construction industry. Each year, ENR compiles and reports on data about the size of design and construction companies. They publish a list of the largest companies in the United States (Top-40) and also a list the largest global firms (Top-250, by amount of work they are doing outside their home country). In 2014, ENR compiled the data in nine market segments. It was divided as transportation, petroleum, buildings, power, industrial, water, manufacturing, sewer/waste, telecom, hazardous waste plus a tenth category for other projects. In their reporting on the Top 400, they used data on transportation, sewer, hazardous waste and water to rank firms as heavy contractors.",In what year did ENR compile data in nine market segments?,2014,2014,"The passage directly mentions 'in their reporting on the Top 400, they used data on transportation, sewer, hazardous waste and water to rank firms as heavy contractors'",The context states that ENR compiled the data in nine market segments in 2014.,"The context states that ENR compiled the data in nine market segments in 2014, which matches the information provided in the question.",2014,1,1.0,1.0,0.37081339712918665,0.1724137931034483,modular,1.0
572fcc43b2c2fd140056847e,xquad.en,"Reserved matters are subjects that are outside the legislative competence of the Scotland Parliament. The Scottish Parliament is unable to legislate on such issues that are reserved to, and dealt with at, Westminster (and where Ministerial functions usually lie with UK Government ministers). These include abortion, broadcasting policy, civil service, common markets for UK goods and services, constitution, electricity, coal, oil, gas, nuclear energy, defence and national security, drug policy, employment, foreign policy and relations with Europe, most aspects of transport safety and regulation, National Lottery, protection of borders, social security and stability of UK's fiscal, economic and monetary system.",Issues dealt with at Westminster are not ones who is able to deal with?,The Scottish Parliament,issues dealt with at Westminster are not ones who is able to deal with,"The passage directly addresses this issue by stating that 'the Scottish Parliament is unable to legislate on such issues that are reserved to, and dealt with at, Westminster,' which includes abortion, broadcasting policy, etc.",The context explicitly states that 'reserved matters' are 'subjects that are outside the legislative competence of the Scotland Parliament.' This means that these issues cannot be dealt with by the Scottish Parliament itself.,"The context states that issues dealt with at Westminster are not ones that can be dealt with by the Scottish Parliament, which aligns with the statement in the question.",issues dealt with at Westminster are not ones who is able to deal with,0,0.0,0.2696629213483146,0.4165733482642777,0.30158730158730157,modular,1.0
5725c337271a42140099d166,xquad.en,"Almost all ctenophores are predators, taking prey ranging from microscopic larvae and rotifers to the adults of small crustaceans; the exceptions are juveniles of two species, which live as parasites on the salps on which adults of their species feed. In favorable circumstances, ctenophores can eat ten times their own weight in a day. Only 100–150 species have been validated, and possibly another 25 have not been fully described and named. The textbook examples are cydippids with egg-shaped bodies and a pair of retractable tentacles fringed with tentilla (""little tentacles"") that are covered with colloblasts, sticky cells that capture prey. The phylum has a wide range of body forms, including the flattened, deep-sea platyctenids, in which the adults of most species lack combs, and the coastal beroids, which lack tentacles and prey on other ctenophores by using huge mouths armed with groups of large, stiffened cilia that act as teeth. These variations enable different species to build huge populations in the same area, because they specialize in different types of prey, which they capture by as wide a range of methods as spiders use.",What do coastal beroids not have that other ctenophora have?,tentacles,They lack tentacles,"The passage mentions that the phylum has a wide range of body forms, including the flattened, deep-sea platyctenids, in which the adults of most species lack combs.","The context states that the phylum has a wide range of body forms, including the flattened, deep-sea platyctenids, in which the adults of most species lack combs.","The context states that coastal beroids lack tentacles, while the answer claims they do not have them at all. This is directly supported by the information provided in the context.",They lack tentacles,0,0.5,0.6428571428571428,0.23282134195634596,0.2072538860103627,modular,1.0
57114667a58dae1900cd6d82,xquad.en,"The most useful instrument for analyzing the performance of steam engines is the steam engine indicator. Early versions were in use by 1851, but the most successful indicator was developed for the high speed engine inventor and manufacturer Charles Porter by Charles Richard and exhibited at London Exhibition in 1862. The steam engine indicator traces on paper the pressure in the cylinder throughout the cycle, which can be used to spot various problems and calculate developed horsepower. It was routinely used by engineers, mechanics and insurance inspectors. The engine indicator can also be used on internal combustion engines. See image of indicator diagram below (in Types of motor units section).",What company developed the most successful steam engine indicator?,Charles Porter,Charles Porter,"Charles Porter, who invented and sold the first steam engine indicator, is mentioned in the context as being responsible for developing this instrument.",The context explicitly states that the most successful indicator was developed for the high-speed engine inventor and manufacturer Charles Porter.,"Charles Porter is indeed credited with developing the first successful steam engine indicator, which was introduced at the London Exhibition in 1862. This indicates that he was one of the key figures behind this innovative tool.",Charles Porter,1,1.0,1.0,0.2853598014888338,0.20512820512820512,modular,1.0
570610b275f01819005e792c,xquad.en,"Southern California is home to Los Angeles International Airport, the second-busiest airport in the United States by passenger volume (see World's busiest airports by passenger traffic) and the third by international passenger volume (see Busiest airports in the United States by international passenger traffic); San Diego International Airport the busiest single runway airport in the world; Van Nuys Airport, the world's busiest general aviation airport; major commercial airports at Orange County, Bakersfield, Ontario, Burbank and Long Beach; and numerous smaller commercial and general aviation airports.",What ranking in terms of busiest airports from international passenger volume is the Los Angeles International Airport?,third,2nd,Los Angeles International Airport is mentioned as having the second-busiest airport in the United States by passenger volume.,The context states that Los Angeles International Airport is the second-busiest airport in the United States by passenger volume.,"The context states that Los Angeles International Airport was the second-busiest airport in the US by passenger volume in 2005, which matches the given answer of 2nd.",2nd,0,0.0,0.25,0.31930333817126266,0.2978723404255319,modular,1.0
5725fe63ec44d21400f3d7de,xquad.en,"Fresno is the largest U.S. city not directly linked to an Interstate highway. When the Interstate Highway System was created in the 1950s, the decision was made to build what is now Interstate 5 on the west side of the Central Valley, and thus bypass many of the population centers in the region, instead of upgrading what is now State Route 99. Due to rapidly raising population and traffic in cities along SR 99, as well as the desirability of Federal funding, much discussion has been made to upgrade it to interstate standards and eventually incorporate it into the interstate system, most likely as Interstate 9. Major improvements to signage, lane width, median separation, vertical clearance, and other concerns are currently underway.",In what year was the Interstate Highway System created?,1950s,1950s,"The passage mentions 'the decision was made to build what is now Interstate 5 on the west side of the Central Valley,' which indicates the creation of the Interstate Highway System in the 1950s.",The context states that the Interstate Highway System was created in the 1950s.,"The context states that the Interstate Highway System was created in the 1950s, which matches the information provided in the question.",1950s,1,1.0,1.0,0.3549883990719258,0.11570247933884296,modular,1.0
5726bf325951b619008f7cff,xquad.en,"The Far Eastern collections include more than 70,000 works of art from the countries of East Asia: China, Japan and Korea. The T. T. Tsui Gallery of Chinese art opened in 1991, displaying a representative collection of the V&As approximately 16,000 objects from China, dating from the 4th millennium BC to the present day. Though the majority of art works on display date from the Ming and Qing dynasties, there are exquisite examples of objects dating from the Tang dynasty and earlier periods. Notably, a metre-high bronze head of the Buddha dated to c.750 AD and one of the oldest items a 2,000-year-old jade horse head from a burial, other sculptures include life-size tomb guardians. Classic examples of Chinese manufacturing are displayed that include lacquer, silk, porcelain, jade and cloisonné enamel. Two large ancestor portraits of a husband and wife painted in watercolour on silk date from the 18th century. There is a unique Chinese lacquerware table, made in the imperial workshops during the reign of the Xuande Emperor in the Ming dynasty. Examples of clothing are also displayed. One of the largest objects is a bed from the mid-17th century. The work of contemporary Chinese designers is also displayed.",What is the name of the gallery devoted to Chinese art?,The T. T. Tsui Gallery,T. T. Tsui Gallery of Chinese art,The passage directly mentions the opening year and the number of objects displayed in the gallery.,"The context explicitly states that the T. T. Tsui Gallery of Chinese art 'opened in 1991' and displays a representative collection of the V&A (V&A Museum) about 16,000 objects from China, dating from the 4th millennium BC to the present day.","The context clearly states that the T. T. Tsui Gallery of Chinese art opened in 1991, which matches the year mentioned in the question.",T. T. Tsui Gallery of Chinese art,0,0.7272727272727273,0.6808510638297872,0.13245033112582782,0.2583732057416268,modular,1.0
57111380a58dae1900cd6bd7,xquad.en,"Other predecessors of the Reformed church included the pro-reform and Gallican Roman Catholics, such as Jacques Lefevre (c. 1455–1536). The Gallicans briefly achieved independence for the French church, on the principle that the religion of France could not be controlled by the Bishop of Rome, a foreign power. During the Protestant Reformation, Lefevre, a professor at the University of Paris, published his French translation of the New Testament in 1523, followed by the whole Bible in the French language in 1530. William Farel was a student of Lefevre who went on to become a leader of the Swiss Reformation, establishing a Protestant government in Geneva. Jean Cauvin (John Calvin), another student at the University of Paris, also converted to Protestantism. Long after the sect was suppressed by Francis I, the remaining French Waldensians, then mostly in the Luberon region, sought to join William Farel, Calvin and the Reformation, and Olivetan published a French Bible for them. The French Confession of 1559 shows a decidedly Calvinistic influence. Sometime between 1550 and 1580, members of the Reformed church in France came to be commonly known as Huguenots.[citation needed]",Where did this pro-reform leader teach?,University of Paris,Jacques Lefevre,The passage directly mentions Jacques Lefevre as one of the predecessors of the Reformed church.,"The context states that 'the pro-reform and Gallican Roman Catholics, such as Jacques Lefevre (c. 1455–1536)' were predecessors of the Reformed church.","The context states that Jacques Lefevre taught at the University of Paris, which is where he published his French translation of the New Testament in 1523 and the whole Bible in 1530. This directly supports the claim that he taught there.",Jacques Lefevre,0,0.0,0.3529411764705882,0.141156462585034,0.17977528089887643,modular,1.0
57286951ff5b5019007da20f,xquad.en,"In business, notable alumni include Microsoft CEO Satya Nadella, Oracle Corporation founder and the third richest man in America Larry Ellison, Goldman Sachs and MF Global CEO as well as former Governor of New Jersey Jon Corzine, McKinsey & Company founder and author of the first management accounting textbook James O. McKinsey, Arley D. Cathey, Bloomberg L.P. CEO Daniel Doctoroff, Credit Suisse CEO Brady Dougan, Morningstar, Inc. founder and CEO Joe Mansueto, Chicago Cubs owner and chairman Thomas S. Ricketts, and NBA commissioner Adam Silver.",Who was the founder of the Oracle Corporation?,Larry Ellison,Larry Ellison,"Larry Ellison is mentioned multiple times in the given information: he founded Oracle Corporation, was the third richest man in America, and was also the CEO of Goldman Sachs and MF Global.",The context states that 'Oracle Corporation founder and the third richest man in America' refers to Larry Ellison.,Larry Ellison is indeed the founder of Oracle Corporation according to the provided information.,Larry Ellison,1,1.0,1.0,0.3509272467902995,0.22448979591836735,modular,1.0
57378c9b1c456719005744aa,xquad.en,"Through combining the definition of electric current as the time rate of change of electric charge, a rule of vector multiplication called Lorentz's Law describes the force on a charge moving in a magnetic field. The connection between electricity and magnetism allows for the description of a unified electromagnetic force that acts on a charge. This force can be written as a sum of the electrostatic force (due to the electric field) and the magnetic force (due to the magnetic field). Fully stated, this is the law:",Whatare the electrostatic and magnetic force awritten as the sum of?,electrostatic force,The electrostatic force and the magnetic force,The passage mentions 'the electrostatic force (due to the electric field)' and 'the magnetic force (due to the magnetic field)' as examples of forces described in the law.,"The context explicitly states that 'Fully stated, this is the law' which directly answers the question.",The context states that the electrostatic force and magnetic force are described as the sum of these two forces.,The electrostatic force and the magnetic force,0,0.5714285714285715,0.6551724137931035,0.37723577235772354,0.14285714285714285,modular,1.0
5727de862ca10214002d9860,xquad.en,"Politics: U.N. Secretary General Ban Ki-moon; American political leaders John Hancock, John Adams, John Quincy Adams, Rutherford B. Hayes, Theodore Roosevelt, Franklin D. Roosevelt, John F. Kennedy, Al Gore, George W. Bush and Barack Obama; Chilean President Sebastián Piñera; Colombian President Juan Manuel Santos; Costa Rican President José María Figueres; Mexican Presidents Felipe Calderón, Carlos Salinas de Gortari and Miguel de la Madrid; Mongolian President Tsakhiagiin Elbegdorj; Peruvian President Alejandro Toledo; Taiwanese President Ma Ying-jeou; Canadian Governor General David Lloyd Johnston; Indian Member of Parliament Jayant Sinha; Albanian Prime Minister Fan S. Noli; Canadian Prime Ministers Mackenzie King and Pierre Trudeau; Greek Prime Minister Antonis Samaras; Israeli Prime Minister Benjamin Netanyahu; former Pakistani Prime Minister Benazir Bhutto; U. S. Secretary of Housing and Urban Development Shaun Donovan; Canadian political leader Michael Ignatieff; Pakistani Members of Provincial Assembly Murtaza Bhutto and Sanam Bhutto; Bangladesh Minister of Finance Abul Maal Abdul Muhith; President of Puntland Abdiweli Mohamed Ali; U.S. Ambassador to the European Union Anthony Luzzatto Gardner.",What UN secretary went to Harvard?,Ban Ki-moon,U. S. Secretary of Housing and Urban Development Shaun Donovan,Shaun Donovan was mentioned as a U. S. Secretary of Housing and Urban Development in the given context.,"The context provides information about the roles of various political figures in the United Nations, including the U. S. Secretary of Housing and Urban Development. It mentions that Shaun Donovan was a member of the U. S. Senate and served as the U. S. Secretary of Housing and Urban Development.","The context states that Shaun Donovan was the U. S. Secretary of Housing and Urban Development from 1999 to 2005, which is consistent with the information provided in the question about the U. N. Secretary General Ban Ki-moon's appointment in 2003.",U. S. Secretary of Housing and Urban Development Shaun Donovan,0,0.0,0.22857142857142854,0.14960629921259838,0.18357487922705315,modular,1.0
56e16182e3433e1400422e29,xquad.en,"Computational complexity theory is a branch of the theory of computation in theoretical computer science that focuses on classifying computational problems according to their inherent difficulty, and relating those classes to each other. A computational problem is understood to be a task that is in principle amenable to being solved by a computer, which is equivalent to stating that the problem may be solved by mechanical application of mathematical steps, such as an algorithm.",By what main attribute are computational problems classified utilizing computational complexity theory?,inherent difficulty,computational complexity,The passage mentions that computational problems are 'a branch of the theory of computation' and then goes on to define it as 'classifying computational problems according to their inherent difficulty'. This clearly indicates that computational complexity theory is used to classify computational problems.,The context directly states that computational problems are categorized using computational complexity theory.,"The context states that computational complexity theory categorizes computational problems based on their inherent difficulty, which aligns with the definition provided in the question.",computational complexity,0,0.0,0.32558139534883723,0.5680317040951123,0.15189873417721517,modular,1.0
56e7796637bdd419002c4000,xquad.en,"In the United States, each state determines the requirements for getting a license to teach in public schools. Teaching certification generally lasts three years, but teachers can receive certificates that last as long as ten years. Public school teachers are required to have a bachelor's degree and the majority must be certified by the state in which they teach. Many charter schools do not require that their teachers be certified, provided they meet the standards to be highly qualified as set by No Child Left Behind. Additionally, the requirements for substitute/temporary teachers are generally not as rigorous as those for full-time professionals. The Bureau of Labor Statistics estimates that there are 1.4 million elementary school teachers, 674,000 middle school teachers, and 1 million secondary school teachers employed in the U.S.",Who may not require that its teachers be certified?,charter schools,The context does not provide information about who may not require that its teachers be certified.,,"The context only mentions that many charter schools do not require that their teachers be certified, but it does not specify if this applies to all states or if it applies to all types of schools.","The context states that the Bureau of Labor Statistics estimates there are 1.4 million elementary school teachers, 674,000 middle school teachers, and 1 million secondary school teachers employed in the U.S., indicating that these positions do not require teacher certification.",The context does not provide information about who may not require that its teachers be certified.,0,0.0,0.20370370370370375,0.0,0.24516129032258063,modular,0.0
572a005f1d046914007796ba,xquad.en,"The needs of soy farmers have been used to justify many of the controversial transportation projects that are currently developing in the Amazon. The first two highways successfully opened up the rainforest and led to increased settlement and deforestation. The mean annual deforestation rate from 2000 to 2005 (22,392 km2 or 8,646 sq mi per year) was 18% higher than in the previous five years (19,018 km2 or 7,343 sq mi per year). Although deforestation has declined significantly in the Brazilian Amazon between 2004 and 2014, there has been an increase to the present day.","How much higher was the rate of deforestation in 2000, to 2005 compared to 1995 to 2000?",18%,18%,"The passage provides specific data about deforestation rates over different time periods, including 2000-2005 and 1995-2000.","The context states that the mean annual deforestation rate from 2000 to 2005 was 18% higher than in the previous five years (19,018 km² or 7,343 sq mi per year). This directly compares the rates for these two time periods.","The context states the mean annual deforestation rate from 2000 to 2005 was 18% higher than in the previous five years (19,018 km² or 7,343 sq mi per year), which matches the 18% difference mentioned in the question.",18%,1,1.0,1.0,0.2592592592592593,0.4132231404958677,modular,1.0
5727d1c93acd2414000ded40,xquad.en,"Undergraduate admission to Harvard is characterized by the Carnegie Foundation as ""more selective, lower transfer-in"". Harvard College accepted 5.3% of applicants for the class of 2019, a record low and the second lowest acceptance rate among all national universities. Harvard College ended its early admissions program in 2007 as the program was believed to disadvantage low-income and under-represented minority applicants applying to selective universities, yet for the class of 2016 an Early Action program was reintroduced.",In what year did Harvard end its early admission program?,2007,2007,"The passage mentions that Harvard College accepted 5.3% of applicants for the class of 2019, which is a record low and the second lowest acceptance rate among all national universities.",The context states that Harvard College ended its early admissions program in 2007 as it was believed to disadvantage low-income and under-represented minority applicants applying to selective universities.,"The context states that Harvard College ended its early admissions program in 2007, which matches the information provided in the question.",2007,1,1.0,1.0,0.46706586826347307,0.4791666666666667,modular,1.0
5727f3193acd2414000df0a7,xquad.en,"The Doctor rarely travels alone and often brings one or more companions to share these adventures. His companions are usually humans, as he has found a fascination with planet Earth. He often finds events that pique his curiosity as he tries to prevent evil forces from harming innocent people or changing history, using only his ingenuity and minimal resources, such as his versatile sonic screwdriver. As a Time Lord, the Doctor has the ability to regenerate when his body is mortally damaged, taking on a new appearance and personality. The Doctor has gained numerous reoccurring enemies during his travels, including the Daleks, the Cybermen, and the Master, another renegade Time Lord.",What does Doctor Who do when his body is mortally damaged?,regenerate,Regenerate,"The quote 'As a Time Lord, the Doctor has the ability to regenerate when his body is mortally damaged' in the given context directly supports this answer.","The context states that the Doctor has the ability to regenerate when his body is mortally damaged, which means he can take on a new appearance and personality.","The context states that the Doctor regenerates when his body is mortally damaged, which matches the information provided in the question.",Regenerate,1,1.0,1.0,0.3049555273189326,0.28800000000000003,modular,1.0
572828383acd2414000df5c5,xquad.en,"Doctor Who has appeared on stage numerous times. In the early 1970s, Trevor Martin played the role in Doctor Who and the Daleks in the Seven Keys to Doomsday. In the late 1980s, Jon Pertwee and Colin Baker both played the Doctor at different times during the run of a play titled Doctor Who – The Ultimate Adventure. For two performances, while Pertwee was ill, David Banks (better known for playing Cybermen) played the Doctor. Other original plays have been staged as amateur productions, with other actors playing the Doctor, while Terry Nation wrote The Curse of the Daleks, a stage play mounted in the late 1960s, but without the Doctor.",What Doctor Who was written without Doctor Who in it?,The Curse of the Daleks,The Curse of the Daleks,"The passage mentions that 'The Curse of the Daleks' was written by Terry Nation, which is a direct quote from the context.","The context explicitly states that 'Terry Nation wrote The Curse of the Daleks, a stage play mounted in the late 1960s, but without the Doctor.' This directly answers the question.","The context states that The Curse of the Daleks was written without Doctor Who in it, which is consistent with the information provided.",The Curse of the Daleks,1,1.0,1.0,0.2536443148688047,0.25641025641025644,modular,1.0
57302bd0b2c2fd14005689db,xquad.en,"""The Islamic State"", formerly known as the ""Islamic State of Iraq and the Levant"" and before that as the ""Islamic State of Iraq"", (and called the acronym Daesh by its many detractors), is a Wahhabi/Salafi jihadist extremist militant group which is led by and mainly composed of Sunni Arabs from Iraq and Syria. In 2014, the group proclaimed itself a caliphate, with religious, political and military authority over all Muslims worldwide. As of March 2015[update], it had control over territory occupied by ten million people in Iraq and Syria, and has nominal control over small areas of Libya, Nigeria and Afghanistan. (While a self-described state, it lacks international recognition.) The group also operates or has affiliates in other parts of the world, including North Africa and South Asia.",What type of group is The Islamic State?,Wahhabi/Salafi jihadist extremist militant,,,,"The context explicitly states that The Islamic State was founded in 2014, which aligns with the claim made about its founding year being 2005.",,0,0.0,0.0,0.0,0.0,modular,0.0
572811434b864d190016438c,xquad.en,"Since the 2005 revival, the Doctor generally travels with a primary female companion, who occupies a larger narrative role. Steven Moffat described the companion as the main character of the show, as the story begins anew with each companion and she undergoes more change than the Doctor. The primary companions of the Ninth and Tenth Doctors were Rose Tyler (Billie Piper), Martha Jones (Freema Agyeman), and Donna Noble (Catherine Tate) with Mickey Smith (Noel Clarke) and Jack Harkness (John Barrowman) recurring as secondary companion figures. The Eleventh Doctor became the first to travel with a married couple, Amy Pond (Karen Gillan) and Rory Williams (Arthur Darvill), whilst out-of-sync meetings with River Song (Alex Kingston) and Clara Oswald (Jenna Coleman) provided ongoing story arcs. The tenth series will introduce Pearl Mackie as Bill, the Doctor's newest traveling companion.","Since 2005, what is the gender of Doctor Who's primary traveling companion?",female,Female,"Steven Moffat described the companion as the main character of the show, as the story begins anew with each companion and she undergoes more change than the Doctor.","The context states that since the 2005 revival, the Doctor generally travels with a primary female companion.","The context states that since the 2005 revival, the Doctor generally travels with a primary female companion. This directly supports the claim that the primary traveling companion was female in the 2005 revival season.",Female,1,1.0,1.0,0.3046632124352332,0.14925373134328357,modular,1.0
572968cf1d046914007793ce,xquad.en,"Chloroplasts have their own DNA, often abbreviated as ctDNA, or cpDNA. It is also known as the plastome. Its existence was first proved in 1962, and first sequenced in 1986—when two Japanese research teams sequenced the chloroplast DNA of liverwort and tobacco. Since then, hundreds of chloroplast DNAs from various species have been sequenced, but they're mostly those of land plants and green algae—glaucophytes, red algae, and other algal groups are extremely underrepresented, potentially introducing some bias in views of ""typical"" chloroplast DNA structure and content.",When was the first plastome sequenced?,1986,1986,"The passage mentions that 'two Japanese research teams sequenced the chloroplast DNA of liverwort and tobacco in 1986,' which directly supports the answer.",The context states that 'it is also known as the plastome' and provides information about its sequencing in 1986.,"The context states that the first plastome sequence was in 1986, which matches the year given in the question.",1986,1,1.0,1.0,0.3694083694083694,0.17821782178217824,modular,1.0
571c9348dd7acb1400e4c115,xquad.en,"In 1891 Scottish chemist James Dewar was able to produce enough liquid oxygen to study. The first commercially viable process for producing liquid oxygen was independently developed in 1895 by German engineer Carl von Linde and British engineer William Hampson. Both men lowered the temperature of air until it liquefied and then distilled the component gases by boiling them off one at a time and capturing them. Later, in 1901, oxyacetylene welding was demonstrated for the first time by burning a mixture of acetylene and compressed O
2. This method of welding and cutting metal later became common.",In what year did Dewar experiment on liquid oxygen?,1891,1891,The passage directly mentions that James Dewar produced enough liquid oxygen to study in 1891.,The context states that in 1891 Scottish chemist James Dewar was able to produce enough liquid oxygen to study.,The context states that James Dewar's experiment on liquid oxygen took place in 1891.,1891,1,1.0,1.0,0.2059701492537314,0.27272727272727276,modular,1.0
571cd3b55efbb31900334e04,xquad.en,"Hyperbaric (high-pressure) medicine uses special oxygen chambers to increase the partial pressure of O
2 around the patient and, when needed, the medical staff. Carbon monoxide poisoning, gas gangrene, and decompression sickness (the 'bends') are sometimes treated using these devices. Increased O
2 concentration in the lungs helps to displace carbon monoxide from the heme group of hemoglobin. Oxygen gas is poisonous to the anaerobic bacteria that cause gas gangrene, so increasing its partial pressure helps kill them. Decompression sickness occurs in divers who decompress too quickly after a dive, resulting in bubbles of inert gas, mostly nitrogen and helium, forming in their blood. Increasing the pressure of O
2 as soon as possible is part of the treatment.",What does increased oxygen concentrations in the patient's lungs displace?,carbon monoxide,Carbon monoxide,The passage mentions that increasing the partial pressure of O2 helps displace carbon monoxide from the heme group of hemoglobin.,The context states that increased O2 concentration in the lungs helps to displace carbon monoxide from the heme group of hemoglobin.,The context states that increased O2 concentration displaces carbon monoxide from the heme group of hemoglobin. This information directly supports the given answer.,Carbon monoxide,1,1.0,1.0,0.26315789473684215,0.2362204724409449,modular,1.0
56bf3fd53aeaaa14008c9595,xquad.en,"Peyton Manning became the first quarterback ever to lead two different teams to multiple Super Bowls. He is also the oldest quarterback ever to play in a Super Bowl at age 39. The past record was held by John Elway, who led the Broncos to victory in Super Bowl XXXIII at age 38 and is currently Denver's Executive Vice President of Football Operations and General Manager.","How many teams has Manning played for that reached the Super Bowl, while he was on their team?",two,2,"Peyton Manning led two different teams (the Broncos and the New England Patriots) to multiple Super Bowls, which is exactly what the context says.",The context states that Peyton Manning became the first quarterback ever to lead two different teams to multiple Super Bowls. It then mentions that he is also the oldest quarterback ever to play in a Super Bowl at age 39.,"The context states that Peyton Manning became the first quarterback ever to lead two different teams to multiple Super Bowls, which means he played for two teams that reached the Super Bowl.",2,0,0.0,0.0,0.40246406570841886,0.5979381443298968,modular,1.0
5728e715ff5b5019007da917,xquad.en,"Some forms of civil disobedience, such as illegal boycotts, refusals to pay taxes, draft dodging, distributed denial-of-service attacks, and sit-ins, make it more difficult for a system to function. In this way, they might be considered coercive. Brownlee notes that ""although civil disobedients are constrained in their use of coercion by their conscientious aim to engage in moral dialogue, nevertheless they may find it necessary to employ limited coercion in order to get their issue onto the table."" The Plowshares organization temporarily closed GCSB Waihopai by padlocking the gates and using sickles to deflate one of the large domes covering two satellite dishes.",What goal do many of these protests have?,get their issue onto the table,To get their issue onto the table,"Brownlee notes that 'Although civil disobedients are constrained in their use of coercion by their conscientious aim to engage in moral dialogue, nevertheless they may find it necessary to employ limited coercion in order to get their issue onto the table.'",The context states that civil disobedients may find it necessary to employ limited coercion in order to get their issue onto the table.,"The context states that many of these protests were conducted in 1999, which aligns with the information provided about the Plowshares organization's actions in 2005.",To get their issue onto the table,0,0.9090909090909091,0.9473684210526316,0.5605381165919283,0.319327731092437,modular,1.0
5726f1ec708984140094d6aa,xquad.en,"The Musical Instruments gallery closed 25 February 2010, a decision which was highly controversial. An online petition of over 5,100 names on the Parliamentary website led to Chris Smith asking Parliament about the future of the collection. The answer, from Bryan Davies was that the museum intended to preserve and care for the collection and keep it available to the public, with items being redistributed to the British Galleries, the Medieval & Renaissance Galleries, and the planned new galleries for Furniture and Europe 1600–1800, and that the Horniman Museum and other institutions were possible candidates for loans of material to ensure that the instruments remained publicly viewable. The Horniman went on to host a joint exhibition with the V&A of musical instruments, and has the loan of 35 instruments from the museum.",Approximately how many names were signed on an online petition on the Parliamentary website in response to the closing of the Musical Instruments gallery?,"over 5,100","5,100","Chris Smith asked Parliament about the future of the collection, and the petition was part of his request.","The context states that an online petition of over 5,100 names was signed on the Parliamentary website.","The context states that an online petition of over 5,100 names was signed on the Parliamentary website leading to Chris Smith asking Parliament about the future of the collection. This directly supports the claim that the number of signatures is 5,100.","5,100",0,0.6666666666666666,0.6153846153846154,0.2149532710280374,0.17600000000000002,modular,1.0
57286dfa2ca10214002da333,xquad.en,"Kublai's government faced financial difficulties after 1279. Wars and construction projects had drained the Mongol treasury. Efforts to raise and collect tax revenues were plagued by corruption and political scandals. Mishandled military expeditions followed the financial problems. Kublai's second invasion of Japan in 1281 failed because of an inauspicious typhoon. Kublai botched his campaigns against Annam, Champa, and Java, but won a Pyrrhic victory against Burma. The expeditions were hampered by disease, an inhospitable climate, and a tropical terrain unsuitable for the mounted warfare of the Mongols. The Tran dynasty which ruled Annam (Dai Viet) crushed and defeated the Mongols at the Battle of Bạch Đằng (1288). The Chinese region of Fujian was the original home of the Chinese Tran (Chen) clan before they migrated under Trần Kinh (陳京, Chén Jīng) to Dai Viet and whose descendants established the Trần dynasty which ruled Vietnam Đại Việt, and certain members of the clan could still speak Chinese such as when a Yuan dynasty envoy had a meeting with the Chinese-speaking Trần prince Trần Quốc Tuấn (later King Trần Hưng Đạo) in 1282. Professor Liam Kelley noted that people from Song dynasty China like Zhao Zhong and Xu Zongdao fled to Tran dynasty ruled Vietnam after the Mongol invasion of the Song and they helped the Tran fight against the Mongol invasion. The Tran dynasty originated from the Fujian region of China as did the Daoist cleric Xu Zongdao who recorded the Mongol invasion and referred to them as ""Northern bandits"". Annam, Burma, and Champa recognized Mongol hegemony and established tributary relations with the Yuan dynasty.",What interfered with Kublai's second invasion of Japan?,inauspicious typhoon,Corruption and political scandals,Kublai's second invasion of Japan in 1281 failed because of an inauspicious typhoon.,The context mentions that efforts to raise and collect tax revenues were plagued by corruption and political scandals.,"The context states that efforts to raise and collect tax revenues were plagued by corruption and political scandals, which interfered with Kublai's second invasion of Japan in 1281.",Corruption and political scandals,0,0.0,0.30188679245283023,0.09828009828009832,0.11904761904761904,modular,1.0
57264f18f1498d1400e8dbb2,xquad.en,"The study also found that there were two previously unknown but related clades (genetic branches) of the Y. pestis genome associated with medieval mass graves. These clades (which are thought to be extinct) were found to be ancestral to modern isolates of the modern Y. pestis strains Y. p. orientalis and Y. p. medievalis, suggesting the plague may have entered Europe in two waves. Surveys of plague pit remains in France and England indicate the first variant entered Europe through the port of Marseille around November 1347 and spread through France over the next two years, eventually reaching England in the spring of 1349, where it spread through the country in three epidemics. Surveys of plague pit remains from the Dutch town of Bergen op Zoom showed the Y. pestis genotype responsible for the pandemic that spread through the Low Countries from 1350 differed from that found in Britain and France, implying Bergen op Zoom (and possibly other parts of the southern Netherlands) was not directly infected from England or France in 1349 and suggesting a second wave of plague, different from those in Britain and France, may have been carried to the Low Countries from Norway, the Hanseatic cities or another site.",When did the y. pestis reach England?,1349,Spring 1349,"The passage mentions that the first variant entered Europe through the port of Marseille around November 1347 and spread through France over the next two years, eventually reaching England in the spring of 1349.","The passage states that surveys of plague pit remains from the Dutch town of Bergen op Zoom showed the Y. pestis genotype responsible for the pandemic that spread through the Low Countries from 1350 differed from that found in Britain and France, implying Bergen op Zoom (and possibly other parts of the southern Netherlands) was not directly infected from England or France in 1349 and suggesting a second wave of plague, different from those in Britain and France, may have been carried to the Low Countries from Norway, the Hanseatic cities or another site.","The context states that surveys of plague pit remains from the Dutch town of Bergen op Zoom showed the Y. pestis genotype responsible for the pandemic that spread through the Low Countries from 1350 differed from that found in Britain and France, implying Bergen op Zoom (and possibly other parts of the southern Netherlands) was not directly infected from England or France in 1349 and suggesting a second wave of plague, different from those in Britain and France, may have been carried to the Low Countries from Norway, the Hanseatic cities or another site.",Spring 1349,0,0.6666666666666666,0.5333333333333333,0.28763040238450077,0.6125461254612546,modular,1.0
5730b9852461fd1900a9cffb,xquad.en,"The United Methodist Church opposes conscription as incompatible with the teaching of Scripture. Therefore, the Church supports and extends its ministry to those persons who conscientiously oppose all war, or any particular war, and who therefore refuse to serve in the armed forces or to cooperate with systems of military conscription. However, the United Methodist Church also supports and extends its ministry to those persons who conscientiously choose to serve in the armed forces or to accept alternative service. The church also states that ""as Christians they are aware that neither the way of military action, nor the way of inaction is always righteous before God.""",The Church supports those persons who conscientiously oppose what?,war,war,The passage directly mentions 'conscientiously oppose all war' as one of the criteria for support.,The context explicitly states that the Church supports and extends its ministry to those persons who conscientiously oppose all war.,"The context explicitly states that the Church supports and extends its ministry to those who conscientiously oppose all war, which aligns with the given information.",war,1,1.0,1.0,0.22068965517241382,0.27826086956521734,modular,1.0
572f6a0ba23a5019007fc5ed,xquad.en,"Between Bingen and Bonn, the Middle Rhine flows through the Rhine Gorge, a formation which was created by erosion. The rate of erosion equaled the uplift in the region, such that the river was left at about its original level while the surrounding lands raised. The gorge is quite deep and is the stretch of the river which is known for its many castles and vineyards. It is a UNESCO World Heritage Site (2002) and known as ""the Romantic Rhine"", with more than 40 castles and fortresses from the Middle Ages and many quaint and lovely country villages.",How was the Rhine Gorge formed?,erosion,Erosion,"The passage mentions that the rate of erosion equalled the uplift in the region, creating the gorge.","The context states that the Middle Rhine flowed through the Rhine Gorge due to erosion, which equated to the uplift in the region.","The context states that the gorge was formed by erosion, which matches the information provided in the answer.",Erosion,1,1.0,1.0,0.2534246575342466,0.21568627450980396,modular,1.0
5726ddf6f1498d1400e8ee06,xquad.en,"The advances made in the Middle East in botany and chemistry led medicine in medieval Islam substantially to develop pharmacology. Muhammad ibn Zakarīya Rāzi (Rhazes) (865–915), for instance, acted to promote the medical uses of chemical compounds. Abu al-Qasim al-Zahrawi (Abulcasis) (936–1013) pioneered the preparation of medicines by sublimation and distillation. His Liber servitoris is of particular interest, as it provides the reader with recipes and explains how to prepare the `simples’ from which were compounded the complex drugs then generally used. Sabur Ibn Sahl (d 869), was, however, the first physician to initiate pharmacopoedia, describing a large variety of drugs and remedies for ailments. Al-Biruni (973–1050) wrote one of the most valuable Islamic works on pharmacology, entitled Kitab al-Saydalah (The Book of Drugs), in which he detailed the properties of drugs and outlined the role of pharmacy and the functions and duties of the pharmacist. Avicenna, too, described no less than 700 preparations, their properties, modes of action, and their indications. He devoted in fact a whole volume to simple drugs in The Canon of Medicine. Of great impact were also the works by al-Maridini of Baghdad and Cairo, and Ibn al-Wafid (1008–1074), both of which were printed in Latin more than fifty times, appearing as De Medicinis universalibus et particularibus by 'Mesue' the younger, and the Medicamentis simplicibus by 'Abenguefit'. Peter of Abano (1250–1316) translated and added a supplement to the work of al-Maridini under the title De Veneris. Al-Muwaffaq’s contributions in the field are also pioneering. Living in the 10th century, he wrote The foundations of the true properties of Remedies, amongst others describing arsenious oxide, and being acquainted with silicic acid. He made clear distinction between sodium carbonate and potassium carbonate, and drew attention to the poisonous nature of copper compounds, especially copper vitriol, and also lead compounds. He also describes the distillation of sea-water for drinking.[verification needed]",Who authored the Liber servitoris?,Abu al-Qasim al-Zahrawi,Muhammad ibn Zakarīya Rāzi (Rhazes),Rāzi's actions in promoting the medical uses of chemical compounds are mentioned in the passage.,The context states that Muhammad ibn Zakarīya Rāzi (Rhazes) (865–915) acted to promote the medical uses of chemical compounds.,"The context states that Muhammad ibn Zakarīya Rāzi (Rhazes) (865-915) authored the Liber Servitoris, which is mentioned in the provided information.",Muhammad ibn Zakarīya Rāzi (Rhazes),0,0.0,0.3703703703703704,0.08778054862842888,0.09333333333333332,modular,1.0
56e1a0dccd28a01900c67a2f,xquad.en,"It is tempting to think that the notion of function problems is much richer than the notion of decision problems. However, this is not really the case, since function problems can be recast as decision problems. For example, the multiplication of two integers can be expressed as the set of triples (a, b, c) such that the relation a × b = c holds. Deciding whether a given triple is a member of this set corresponds to solving the problem of multiplying two numbers.","If two integers are multiplied and output a value, what is this expression set called?",set of triples,Multiplication,The passage directly mentions 'multiplication of two integers',The context explicitly states that 'the multiplication of two integers' is an expression set.,"The context states that the multiplication of two integers can be represented as a set of triples (a, b, c) where a × b = c, and deciding whether a given triple is in this set corresponds to solving the problem of multiplying two numbers.",Multiplication,0,0.0,0.2857142857142857,0.21443298969072166,0.17073170731707318,modular,1.0
56e7788200c9c71400d77184,xquad.ar,يمكن للمدرّسين في ويلز أن يكونوا أعضاءاً مسجلين بالنقابات المهنية مثل إدارة المدرّس التعتمد، أو الاتحاد الوطني للمدرّسين أو الجمعية الوطنية للمعلمين واتّحاد المدرِّسات، كما أن التقارير في السنوات الأخيرة تفيد بأن متوسط عمر المدرّسين في ويلز آخذٌ في التراجع مع كون المدرّسين أصغر سناً من غيرهم في الأعوام المنصرمة. والسبب الذي يزيد من هذا القلق هي حالات التهجّم على المدرّسين بمدارس ويلز والتي بلغَت نسبةً غير مسبوقةٍ بين سنتي 2005 و2010.,ما الذي تسببه التهجّمات على المدرّسين؟,هذا القلق,العنف,The passage states 'والسبب الذي يزيد من هذا القلق هو حالات التهجّم على المدرّسين بمدارس ويلز والتي بلغَت نسبةً غير مسبوقةٍ بين سنتي 2005 و2010',The context mentions that there has been an increase in cases of bullying and harassment against teachers at the University of Virginia over the past few years.,"The context states that there was an increase in cases of bullying among students at the University of Louisville from 2005 to 2010, which is directly related to the question about the reasons for the high rates of bullying among teachers.",العنف,0,0.0,0.2857142857142857,0.42987249544626593,0.0,modular,1.0
56f8ca289b226e1400dd1009,xquad.ar,"عُثِرَ لاحقاً على ورقة كان لوثر قد كتب عليها  كتابته الأخيرة. والتي كانتمكتوبة باللاتينية علي خلاف تلك المسماة ""نحن متسوّلون"" التي كانت مكتوبة بالألمانية.",أي جزء من آخر كتابة لٍلُثر كان مكتوباً بالألمانية؟,"""نحن متسوّلون""",A concise answer to the question,"The passage mentions that 'منصوب' was written in Latin, which contradicts the claim that it was written in Germanic languages.",The context states that 'منصوب' (Münzenbeug) was written in Latin instead of Germanic languages like Italian and French.,"The context states that the book written by Luther was in Latin, while the answer mentions it was in German. This discrepancy suggests that the information provided may be incorrect or incomplete.",A concise answer to the question,0,0.0,0.05263157894736848,0.16153846153846152,0.0,modular,1.0
57111b95a58dae1900cd6c54,xquad.ar,دعا فريدريك وليام، ناخب براندنبورغ، الهوغونوتيين إلى الاستقرار في ممالكه، وتقلد عدد من أحفادهم مناصب هامة في بروسيا. وهناك العديد من الشخصيات العسكرية والثقافية والسياسية الألمانية البارزة كانوا من سلالة الهوغونوت، بما في ذلك الشاعر تيودور فونتان، والجنرال هيرمان فون فرانسوا، وهو بطل معركة الحرب العالمية الأولى في تاننبرغ، والجنرال والطيّار الأول في سلاح الجو الألمانيأدولف جالاند، والطيّار الأول في سلاح الجو الألماني هانز-جواتشيم مارسيل، وقبطان الغواصات الألمانية الشهير لوثار فون أرنولد دي لا بيريير. آخر رئيس وزراء لجمهورية ألمانيا الديمقراطية (الشرقية)، لوثار دي ميزيير، وهو كذلك من نسل أسرة الهوغونوت، كما بالنسبة لوزير الداخلية الفيدرالي الألماني، توماس دي مايزيير.,ما هي الوظيفة التي شغلها توماس دي مايزيير في مجلس الوزراء الألماني؟,لوزير الداخلية الفيدرالي الألماني,Agricultural,Tomsi Di Mezir was a member of the Hohenzollern family and held various government positions in Germany during his time as Prime Minister of the Kingdom of Prussia.,"The context provides information about the political and military history of Germany, mentioning that Tomsi Di Mezir was also a member of the Hohenzollern family and served in various positions within German politics.","The context states that Tommaso Di Maizzi was the Minister of Interior in the German Democratic Party (East), which is consistent with him being the Minister of Agriculture in the same party in 2005.",Agricultural,0,0.0,0.0,0.06674907292954269,0.0,modular,1.0
56de0daecffd8e1900b4b595,xquad.ar,"كانت أبرز أسرتين بين النورمان الذين وصلوا إلى البحر الأبيض المتوسط من نسل تانكريد هوتفيل وعائلة درينغوت، والذين منهم واينولف درينغوت الذي حصل على مقاطعة أفيرسا، أول موطئ قدم للنورمان في الجنوب، من دوق نابولي سيرجيوس الرابع في عام 1030. حققت عائلة هوتفيل المرتبة الأميرية بإعلان أمير ساليرنو غايمار الرابع ""دوق أبوليا و كلابريا"". و قد منح على الفور زعيمهم المنتخب، ويليام ذو الساعد الحديدية، لقب كونت في عاصمته ميلفي. تحصلت عائلة درينغوت بعد ذلك على إمارة كابوا، وقام الإمبراطور هنري الثالث قانونياً بمنح مرتبة النبلاء لزعيم الهوتفيل، دروغو، بصفته "" dux et magister Italiae comesque Normannorum totius Apuliae et Calabriae"" (""دوق وسيد إيطاليا وكونت النورمان في جميع أرجاء أبوليا وكالابريا"") في 1047.",ما كان اسم الزعيم الذي منحه هنري الثالث مرتبة النبلاء؟,دروغو,أوغو,The passage directly mentions that the Zourolus family received the title of Knight of Italy and Knights of Normandy in all parts of the Angevin Empire.,The context states that 'دوق وسيد إيطاليا وكونت النورمان في جميع أرجاء أبوليا وكالابريا' (دوق وسيد إيطاليا وكونت النورمان في جميع أرجاء أبوليا وكالابريا) was granted to the Zourolus family by Henry III.,"The context states that Hennius III granted the title of Duke and Master of Italy to Ordo in 1047, which matches the information given for Ordo's title in the question.",أوغو,0,0.0,0.6666666666666667,0.09815950920245398,0.19580419580419578,modular,1.0
5726a8d4dd62a815002e8c38,xquad.ar,﻿‏كما رُتِّب سابقًا من قبل والده، تزوج تيموجين من بورته من قبيلة الأونجيرات عندما كان في سن السادسة عشر وذلك لتدعيم التحالفات بين قبيلتيهما. وبعد فترة وجيزة من زواج بورته من تيموجين، تم اختطافها من قبل من قبل المركيتيين وتفيد التقارير بأنه تم منحها كزوجة.  بعد ذلك أنقذها تيموجين بمساعدة صديقه ومنافسه المستقبلي جاموقا وحاميته طغرل خان من قبيلة كيراتي. ثم أنجبت ولدًا بعد تسعة أشهر وسموه يوتشي (1185 - 1226) الأمر الذي ألقى بظلاله على قضية نسبه. على الرغم من التكهنات حول يوتشي، فإن بورتي كانت الإمبراطورة الوحيدة لدى تيموجين، على الرغم من أنه اتبع التقاليد من خلال اتخاذ عدة زوجات.,‏في أي عام ولدت بورته يوتشي؟,1185,1185,The passage mentions that 'ويتشي' was born in the year 1185.,The context states that 'ويتشي (1185 - 1226)' was born after nine months and seven days.,"The context states that '1185' is the year of birth for Bovin, which aligns with the information provided in the question.",1185,1,1.0,1.0,0.05872756933115819,0.034782608695652174,modular,1.0
5726241189a1e219009ac2e2,xquad.ar,لقد كان للحظر تأثير سلبي على الاقتصاد الأمريكي من خلال المطالبات الفورية لمواجهة التهديدات التي تواجه أمن الطاقة الأمريكي. على المستوى الدولي، قامت الزيادات في الأسعار بتغيير المواقف التنافسية في العديد من الصناعات، مثل السيارات. تمثلت مشاكل الاقتصاد الكلي في كلٍ من الآثار التضخمية والانكماشية. ترك الحظر شركات النفط تبحث عن طرق جديدة لزيادة إمدادات النفط، حتى في البقاع الوعرة مثل القطب الشمالي. ويحتاج العثور على النفط وتطوير حقول جديدة عادةً خمس إلى عشر سنوات قبل الإنتاج الكبير.,كم من الوقت يُستغرق لإنتاج كميات كبيرة من النفط في المناطق الجديدة؟,خمس إلى عشر سنوات,خمس إلى عشر سنوات,الصيغة: العثور على النفط وتطوير حقول جديدة عادةً خمس إلى عشر سنوات قبل الإنتاج الكبير.,The context states that العثور على النفط وتطوير حقول جديدة عادةً خمس إلى عشر سنوات قبل الإنتاج الكبير.,"The context states that it takes 19 years for companies in the oil industry to find new sources of oil and develop new fields, which is consistent with the 2005 estimate provided in the question.",خمس إلى عشر سنوات,1,1.0,1.0,0.2985611510791367,0.2947368421052632,modular,1.0
5725d79e89a1e219009abf91,xquad.ar,"بعد رحلة تجريبية بدون تدخل بشري LM AS-206، سيحلق الطاقم على أول مركبة Block II CSM وLM  في مهمة مزدوجة تسمى AS-207/208، أو AS-278 (سيتم إطلاق كل مركبة فضائية في ساتورن IB منفصل) كانت مواقع طاقم Block II تحت عنوان القائد(CDR) قائد مركبة القيادة(CMP) و طيار المركبة القمرية LMP). سيبدأ رواد الفضاء بارتداء بدلة أبولو الفضائية الجديدة، وهي مصممة لتستوعب النشاط خارج المركبة القمرية (EVA). تم استبدال الخوذة الواقية التقليدية بنوع ""حوض سمك"" الشفافة للحصول على مزيد من الرؤية، وستحتوي بدلة سطح القمر EVA على قطعة تحتية مبردة بالماء.",ماذا كان يرتدي رواد الفضاء أثناء المهمة المزدوجة AS-278؟,أبولو الفضائية الجديدة,A concise answer to the question,The quote in the context directly mentions 'AIDS' (أبولو الفضائي الجديد) and its design for spacewalks (EVA),The context explicitly states that 'رواد الفضاء' (the astronauts) will be wearing 'بدلة أبولو الفضائية الجديدة' during their mission AS-278.,"The context states that the AS-278 mission was launched in 2005, while the answer mentions it as being in 2009. This discrepancy suggests that the information provided may be incorrect or outdated.",A concise answer to the question,0,0.0,0.08163265306122447,0.15333333333333332,0.1308411214953271,modular,1.0
5727213c708984140094da36,xquad.ar,"‏في أعقاب مذبحة بيترلو في عام 1819، كتب الشاعر بيرسي شيلي القصيدة السياسية ""قناع الفوضى"" في وقت لاحق من ذلك العام، والتي تبدأ مع صور ما يعتقد أنه أشكال غير عادلة للسلطة من زمانه، ثم يتخيل التحركات نحو شكل جديد من أشكال العمل الاجتماعي. ربما تكون أول عبارة [غامضة] حديثة عن مبدأ المظاهرات السلمية. قام المؤلف هنري ديفد ثورو بنسخها في مقالته ""العصيان المدني""، ثم في وقت لاحق اقتبس منها غاندي في عقيدة ساتياغراها. تأثرت فلسفة غاندي ساتياغراها جزئياً واستلهمت من أفكار شيلي في التظاهرات السلمية والعمل السياسي. ومن المعروف خصوصًا أن غاندي كان يقتبس غالبًا من قصيدة قناع الفوضى لشيلي لجماهير واسعة خلال حملته للحصول على هند حرة.",‏تُعتبر قصيدته تمثيلًا لأحد أنواع المظاهرات، ما هو هذا النوع؟,المظاهرات,مظاهرات السلمية,"The passage mentions that 'العصيان المدني' was used in the context of the riots in 1819, which were part of the broader movement for social justice.",The context explicitly states that 'العصيان المدني' (the civil disobedience) and 'التمسك بالحقوق الشخصية' (the right of personal rights) are examples of political movements.,"The context states that the 'Answer to check' is from 2005, which matches the year mentioned in the question.",مظاهرات السلمية,0,0.0,0.5833333333333333,0.10068027210884356,0.03076923076923077,modular,1.0
570d47b8b3d812140066d62e,xquad.ar,"كما يوجد العديد خطوط السكك الحديدية المخصصة لناقلي البضائع، والعديد من الخطوط الحديدية السياحية التي كانت فيما مضى تابعة لنظام تمتلكه الدولة. تُستعمل السكة من العيار الكبير 1,600 مليمتر  (5 أقدام و3 إنشات) للخطوط الفيكتورية، في حين تم تحويل  السكة إلى العيار الصغير 1,435 مليمتر  (4 أقدام  و8 إنشات ونصف) بالنسبة للخطوط الجذعيّة ما بين الولايات. كما تعمل سكتان سياحيتان على  عيار 760 مليمتر  (2 قدم و6 إنشات) الصغير، وهي ما تبقى من خمس  خطوط كانت حكومية والتي بُنيَت في مناطق جبلية.",ما العيار التي حُوّلت إليه بعض الخطوط في غربي فيكتوريا؟,"1,435 مليمتر",1435 مليمتر,"The passage directly mentions the original size of the railway in the sentence 'السكة من العيار الكبير 1,600 مليمتر  (5 أقدام و3 إنشات)'","The context states that 'السكة من العيار الكبير 1,600 مليمتر  (5 أقدام و3 إنشات)'، which means the original size of the railway was 1,600 millimeters.","The context states that the 1,435 mm (4 ft 8 in) gauge was converted from the original 1,600 mm (5 ft 3 in) gauge for railways between the United States and Canada. This conversion occurred in 1999, which matches the year mentioned in the question.",1435 مليمتر,1,1.0,1.0,0.21993127147766323,0.19230769230769232,modular,1.0
57111713a58dae1900cd6c04,xquad.ar,أغلب طوائف الهوغونوت (أو الأفراد) في أمريكا الشمالية في نهاية الأمرانضمت للطوائف البروتستانتية الأخرى بعدد أكبر من الأعضاء. تكيف الهوغونوتيون سريعاً وفي أوقات كثيرة تزوجوا خارج مجتمعاتهم الفرنسية المباشرة، مما أدى إلى إندماجهم. استمر أحفادهم في عائلات عديدة في استخدام الأسماء الأولى والألقاب الفرنسية لأطفالهم لفترة طويلة في القرن التاسع عشر. لقد عمل الفرنسيون على إدخال العديد من المساهمات في الحياة الاقتصادية للولايات المتحدة، خاصةً كالتجار والحرفيين في أواخر مرحلة الاستعمار والفترات الفدرالية المبكرة. على سبيل المثال، إيلوزير إيريني دو بونت، طالب سابق في لافوازييه، أسس طاحونة البارود الإليوثيرية.,ما هو اسم عملية البارود دو بونت؟,طاحونة البارود الإليوثيرية,A concise answer to the question,"Alphonse D'Orbigny, also known as Alphonse de Beaumont, was a French engineer and businessman who founded the Alphonse d'Orbigny & Co. in 1824.",The context provides information about the name of the company that Alphonse D'Orbigny founded in 1824. It states that he was an engineer and businessman who started the company.,"The context states that 1999 is the year of the incident, while the answer provides 2005 as the year. Therefore, the information in the context supports the given date.",A concise answer to the question,0,0.0,0.07547169811320753,0.06094182825484761,0.0,modular,1.0
5706143575f01819005e7953,xquad.ar,تتضمن الفرق الرياضية الاحترافية بلوس أنجلس فرقاً من الرابطة الوطنية لكرة القدم (مثل فريق سان دييغو رامز)، ومن الجمعية الوطنية لكرة السلّة (مثل فريق لوس أنجلس ليكرز، وفريق لوس أنجلس كليبرز)، ومن دوري النخبة لكرة القاعدة (فريق لوس أنجلس دودجرز، وفريق لوس أنجلس آنجيلز أُف أناهيم، وفريق سان دييغو بادريز)، ومن الدوري الأمريكي لكرة اليد (لوس أنجلس كينغز، أناهيم داكس)، ومن دوري النخبة لكرة القدم (أل آي غالاكسي).,ماسم فريق الرابطة الوطنية لكرة اليد بخلاف أناهيم داكس، والكائن بكاليفورنيا الجنوبية؟,لوس أنجلس كينغز,لوس أنجلس كينغز,القائمة التي تقدمها المقال هي فقط مصطلحات عن كرة القدم الأخرى مثل 'لوس أنجلس ليكرز' و'لوس أنجلس كليبرز'. لكنها لا تشمل 'لوس أنجلس كينغز'.,The context explicitly states that 'من الدوري الأمريكي لكرة اليد' includes 'لوس أنجلس كينغز'. This directly answers the question without providing additional information.,"The context states that the 'Answer to check' is for the 2005 season, which matches the year mentioned in the question as 2005.",لوس أنجلس كينغز,1,1.0,1.0,0.3961165048543689,0.17977528089887637,modular,1.0
57268e2bf1498d1400e8e3b3,xquad.ar,﻿بدأت المعاهدات الأساسية التي تشكل الاتحاد الأوروبي انطلاقا من القواعد المشتركة المتعلقة بالفحم والفولاذ، بالإضافة إلى الطاقة الذرية، بيد أنه تم إحداث هياكل أساسية ورسمية من خلال معاهدة روما سنة 1957 ومعاهدة ماسترخت سنة 1992 (والمعروفة الآن بـ: معاهدة تشكيل الاتحاد الأوروبي). وقد تم إصدار بعض التنقيحات البسيطة بين ستينيات وسبعينيات القرن الماضي، في حين تم التوقيع على الاتفاقيات الكبرى المنقِّحة لإنهاء تطوير السوق داخلية وحيدة عبر قانون الأوروبي الوحدوي سنية 1986، ولتعزيز تنمية الوسط الاجتماعي الأوروبي من خلال معاهدة أمستردام سنة 1997، وللقيام بتنقيحات بسيطة في شأن سلطة الدول الأعضاء في مؤسسات الاتحاد الأوروبي من خلال معاهدة نيس سنة 2001 ومعاهدة لشبونة سنة 2007. انضمّت المزيد من الدول الأعضاء إلى الاتحاد الأوروبي منذ تأسيسه، وذلك من خلال معاهدات انضمام متتالية، بدأً بالمملكة المتّحدة، وأيرلندا، والدانمرك، والنرويج، في سنة 1972 (مع أن النرويج لم تنضمّ في النهاية)، واليونان سنة 1979، وإسبانيا والبرتغال سنة 1985، وأستراليا، وفنلندا، والنرويج، والسويد في سنة 1994 (مع أن النرويج أخفقت مجددا في الانضمام لقلة الدعم في الاستفتاء الشعبي)، وجمهورية التشيك، وسيبيريا، وإستونيا، وهنغاريا، ولاتيفيا، وليتوانيا، ومالطا، وسلوفاكيا، وسلوفينيا في سنة 2004، ورومانيا وبلغاريا في سنة 2007 وكرواتيا في سنة 2013. أما غرينلاند، فقد وقَّعت معاهدةً في سنة 1985 تمنحها منزلةً قانونيةً خاصة.,متى انضمّت الدانمرك إلى الاتحاد الأوروبي؟,سنة 1972,سنة 1972,The passage directly mentions that 'المملكة المتّحدة' joined the European Union in 1972.,The context states that 'المملكة المتّحدة' (the Kingdom of Denmark) 'انضمّت إلى الاتحاد الأوروبي' في سنة 1972.,"The context states that Denmark joined in 1972, which is mentioned as one of the countries that became part of the European Union after its establishment. The year 2005 is incorrect based on the information provided in the context.",سنة 1972,1,1.0,1.0,0.044410413476263406,0.07547169811320753,modular,1.0
57268e2bf1498d1400e8e3b0,xquad.ar,﻿بدأت المعاهدات الأساسية التي تشكل الاتحاد الأوروبي انطلاقا من القواعد المشتركة المتعلقة بالفحم والفولاذ، بالإضافة إلى الطاقة الذرية، بيد أنه تم إحداث هياكل أساسية ورسمية من خلال معاهدة روما سنة 1957 ومعاهدة ماسترخت سنة 1992 (والمعروفة الآن بـ: معاهدة تشكيل الاتحاد الأوروبي). وقد تم إصدار بعض التنقيحات البسيطة بين ستينيات وسبعينيات القرن الماضي، في حين تم التوقيع على الاتفاقيات الكبرى المنقِّحة لإنهاء تطوير السوق داخلية وحيدة عبر قانون الأوروبي الوحدوي سنية 1986، ولتعزيز تنمية الوسط الاجتماعي الأوروبي من خلال معاهدة أمستردام سنة 1997، وللقيام بتنقيحات بسيطة في شأن سلطة الدول الأعضاء في مؤسسات الاتحاد الأوروبي من خلال معاهدة نيس سنة 2001 ومعاهدة لشبونة سنة 2007. انضمّت المزيد من الدول الأعضاء إلى الاتحاد الأوروبي منذ تأسيسه، وذلك من خلال معاهدات انضمام متتالية، بدأً بالمملكة المتّحدة، وأيرلندا، والدانمرك، والنرويج، في سنة 1972 (مع أن النرويج لم تنضمّ في النهاية)، واليونان سنة 1979، وإسبانيا والبرتغال سنة 1985، وأستراليا، وفنلندا، والنرويج، والسويد في سنة 1994 (مع أن النرويج أخفقت مجددا في الانضمام لقلة الدعم في الاستفتاء الشعبي)، وجمهورية التشيك، وسيبيريا، وإستونيا، وهنغاريا، ولاتيفيا، وليتوانيا، ومالطا، وسلوفاكيا، وسلوفينيا في سنة 2004، ورومانيا وبلغاريا في سنة 2007 وكرواتيا في سنة 2013. أما غرينلاند، فقد وقَّعت معاهدةً في سنة 1985 تمنحها منزلةً قانونيةً خاصة.,ما الذي استوجب القيام بالمعاهدات الأساسية التي انتهت بتشكيل الاتحاد الأوروبي؟,القواعد المشتركة المتعلقة بالفحم والفولاذ، بالإضافة إلى الطاقة الذرية,القواعد المشتركة المتعلقة بالفحم والفولاذ، والطاقة الذرية، بيد أنها كانت أساسية للاتحاد الأوروبي.,"The passage mentions that 'بودمت القواعد المشتركة المتعلقة بالفحم والفولاذ، والطاقة الذرية' (Bundan al-kaalim al-faham fi-luwaad, kala'ijr al-tariq) in the first sentence of the given text.","The context explicitly states that the basic principles of the European Union were derived from agreements concerning coal and oil, which were considered essential for the formation of the union.","The context states that the first main agreements of the European Union were signed in 1957 and 1992, which is consistent with the information provided in the answer.",القواعد المشتركة المتعلقة بالفحم والفولاذ، والطاقة الذرية، بيد أنها كانت أساسية للاتحاد الأوروبي.,0,0.5454545454545455,0.7037037037037037,0.10888252148997137,0.0,modular,1.0
57274beff1498d1400e8f5e4,xquad.ar,تسمى المدارس الخاصة في الهند المدارس المستقلة، لكن بما أن بعض المدارس الخاصة تتلقى دعمًا ماليًا من الحكومة، فمن الممكن أن تكون مدرسة مدعومة أو غير مدعومة. لذلك، وبالمعنى الحرفي للكلمة، المدرسة الخاصة هي مدرسة مستقلة دون أي دعم. لأغراض هذا التعريف، يتم النظر فقط في الدعم المالي الذي تم تلقيه، وليس الأراضي المشتراة من الحكومة بسعر مدعوم. من اختصاص كل من الحكومة الاتحادية وحكومات الولايات إدارة المدارس لأن التعليم يظهر في قائمة المواد التشريعية المتزامنة في الدستور. فإن الممارسة المتبعة هي أن تقوم الحكومة الاتحادية بتقديم توجيهات السياسة العامة بينما تقوم الولايات بوضع قواعد وأنظمة خاصة بها لإدارة القطاع. من بين أشياء أخرى، نتج عن ذلك أيضًا 30 لجنة فحص مختلفة أو هيئات أكاديمية تقوم بإجراء اختبارات لشهادات التخرج من هذه المدارس. وإن لجان الفحص البارزة الموجودة في ولايات مختلفة هي: المجلس المركزي للتعليم الثانوي والمجلس الهندي المعني بامتحانات الشهادات الدراسية والمجلس الوطني الشمالي الشرقي للتعليم المدرسي,ما هو المصطلح الهندي الذي يُطلق على المدارس الخاصة؟,المدارس المستقلة,,,,"The context states that in 2005, the Ministry of Education in India introduced the concept of 'Mandated Schools', which refers to schools that receive government funding but do not have direct control over their curriculum or resources. This aligns with the definition provided in the question.",,0,0.0,0.0,0.0,0.0,modular,0.0
572650325951b619008f6fab,xquad.ar,لقد أدت أزمة الطاقة إلى زيادة الاهتمام بالطاقة المتجددة والطاقة النووية والوقود الحفري المحلي. توجد انتقادات بأن سياسات الطاقة الأمريكية منذ هذه الأزمة يهيمن عليها التفكير في عقلية الأزمة، وأنها تشجع على إصلاحات سريعة مكلفة وحلول لمرة واحدة والتي تتجاهل حقائق السوق والتكنولوجيا. وذلك بدلاً من توفير قواعد ثابتة تقوم بدعم البحث الأساسي مع ترك مجال واسع لريادة الأعمال والابتكار، وقد ساندت المؤتمرات والرؤساء عدة مرات السياسات التي تعد بالحلول التي لها فائدة سياسية، لكن إمكانياتها ضعيفة.,من الذي ساند السياسات التي لديها حلول تبدو جيدة ولكن لديها إمكانيات ضعيفة؟,المؤتمرات والرؤساء,السياسيون,"The passage states that 'السياسيون' (the politicians) have endorsed these policies, suggesting they may be seen as promising but lacking in practical implementation.",The context mentions that several political leaders have supported policies that appear good in theory but lack sufficient resources and opportunities for innovation.,The context states that the political leaders have endorsed policies that appear good in theory but lack sufficient capabilities.,السياسيون,0,0.0,0.2962962962962963,0.09493670886075944,0.0,modular,1.0
57096b66200fba1400367fa9,xquad.ar,في الثامن من فيفري 2007 ، صرحت بي سكاي بي أنها عازمة على تغيير ثلاث قنوات مجانية الإتاحة ورقمية أرضية بأربع قنوات باشتراك مدفوع. كان الأمر أن هذه القنوات ستقدم محتوى متنوعاً من ما تبثّه بي سكاي بي، ومن ضمنه الرياضة (مثل الدوري الإنجليزي الأول لكرة القدم)، والأفلام، والبرامج الترفيهية والإخبارية. جاء هذا التصريع بعد تأكيد انطلاق قناة سنتانا في شهر مارس كخدمة اشتراكية علىالمنصة الأرضية الرقمية ، وفي نفس اليوم الذي أعلنت أعيدت فيه شركة إن تي إل تسمية خدماتها لتصبح فيرجين ميديا. لكن يرى أصحاب هذه الخدمة أنه سيتم إجبار بي سكاي بي على إيقاف عمل قنواتها مجانية المشاهدة وتعويضها بقنوات باشتراك مدفوع بسبب احتمال أن تخسر الأرباح الإشهارية.,ما المنصة التي كانت قناة سنتانا الرياضية تنوي البث من خلالها؟,المنصة الأرضية الرقمية,,,,"The context states that in the second quarter of 2007, the company announced plans to change three free-to-air channels and four premium channels. The first two changes were for sports programming, while the third was for entertainment programming. This aligns with the information provided about changing three free-to-air channels and four premium channels in 2007.",,0,0.0,0.0,0.0,0.0,modular,0.0
56d99f99dc89441400fdb628,xquad.ar,هزم  البرونكوس فريق بيتسبرغ ستيلرز في الجولة الفاصلة، 23–16، بتسجيله 11 نقطة في الدقائق الثلاث الأخيرة من لعبه. ثم هزموا بطل السوبر بول 49 المدافع عن لقبه نيو إينغلاند باتريوتس في مباراة بطولة رابطة كرة القدم الأمريكية، 20–18، من خلال اعتراض تمريرة خلال محاولة تحويل 2 نقطة من طرف نيو إينغلاند مع 17 ثانية بقيت من الوقت. وعلى الرغم من مشاكل مانينغ مع الاعتراضات خلال الموسم، إلا أنه لم يرمي أي واحدة خلال المباراتين الفاصلتين.,من الذين هزمهم البرونكوس ليفوزوا بمباراتهم الفاصلة في عام 2015؟,بيتسبرغ ستيلرز,بيتسبرغ ستيلرز,الصورة التي تم تقديمها للإجابة على هذا السؤال هي صورة من قبل البرونكوس في المباراة النهائية.,The context states that 'هزم  البرونكوس فريق بيتسبرغ ستيلرز في الجولة الفاصلة، 23–16،' indicating that they defeated their opponent in the final match of the season.,"The context states that the team won their final match in 2005, which is the year mentioned in the question.",بيتسبرغ ستيلرز,1,1.0,1.0,0.272189349112426,0.18367346938775508,modular,1.0
5726241189a1e219009ac2de,xquad.ar,لقد كان للحظر تأثير سلبي على الاقتصاد الأمريكي من خلال المطالبات الفورية لمواجهة التهديدات التي تواجه أمن الطاقة الأمريكي. على المستوى الدولي، قامت الزيادات في الأسعار بتغيير المواقف التنافسية في العديد من الصناعات، مثل السيارات. تمثلت مشاكل الاقتصاد الكلي في كلٍ من الآثار التضخمية والانكماشية. ترك الحظر شركات النفط تبحث عن طرق جديدة لزيادة إمدادات النفط، حتى في البقاع الوعرة مثل القطب الشمالي. ويحتاج العثور على النفط وتطوير حقول جديدة عادةً خمس إلى عشر سنوات قبل الإنتاج الكبير.,ما الذي كان له تأثير سلبي على الاقتصاد الأمريكي؟,لقد كان للحظر,الحظر,"The passage mentions that the increase in prices led to changes in market competition for various industries, including car manufacturing.",The context states that the ban had a negative impact on the US economy through its influence on the US government's response to energy security threats and its effect on international trade.,"The context states that the impact of the ban on oil prices was negative for the US economy, affecting both inflation and deflation. It also mentions that it led to changes in international trade patterns, particularly in sectors like automotive manufacturing. The economic downturns were described as both short-term and long-term effects.",الحظر,0,0.0,0.5555555555555556,0.05980066445182719,0.0,modular,1.0
570610b275f01819005e792a,xquad.ar,تحوي كاليفورنيا الجنوبية مطار لوس أنجلس الدولي ، وهو ثاني أكثر المطارات نشاطاً في الولايات المتحدة حسب عدد المسافرين (انظر حركة المطارات الأكثر نشاطاً من حيث حركة المسافرين) وهو الثالث من حيث الحركة الدولية للمسافرين  (انظر أكثر المطارات نشاطاً في الولايات المتحدة من حيث الحركة الدولية للمسافرين). أما مطار سان دييغو الدولي فهو المطار أحادي المدرج الأكثر نشاطاً في العالم. ومطار فان نويس فهو أكثر مطارات الطيران العمومي نشاطاً في العالم. كما توجد مطارات تجارية هامة بإقليم أورينج وبيكرزفيلد وأونتاريو وبربانك ولونغ بيتش ومطارات صغيرة أخرى للتجارة والطيران العمومي.,ماسم ثاني أكثر المطارات نشاطاً بالولايات المتحدة؟,مطار لوس أنجلس الدولي,الموسكو,العديد من المصادر التاريخية والحديثة تشير إلى مطار لوس أنجلس الدولي كأكبر مطار في العالم من حيث عدد المسافرين.,The context states that مطار لوس أنجلس الدولي is the second most active airport in the United States in terms of number of passengers and international flights.,"The context states that Moscow is the second most active airport in the United States, referring to the number of flights per day. The answer provided also mentions Moscow as the second most active airport in the world based on international traffic. Therefore, both pieces of information are consistent with each other.",الموسكو,0,0.0,0.3571428571428571,0.2666666666666667,0.07142857142857144,modular,1.0
57280fd3ff5b5019007d9c27,xquad.ar,رسم جان ريبولت عضو كنيسة فرنسا الإصلاحية البروتستانتية خريطة نهر سانت جونز في عام 1562 مسميًا إياه بنهر مايو لأنه اكتشفه في شهر مايو. أقام ريبول عمودًا حجريًا بالقرب من جاكسونفيل الحالية يطالب فيه بالأرض المكتشفة حديثًا لصالح فرنسا. في عام 1564، أنشأ رينيه جولان دو لاودونيير أول مستوطنة أوروبية - فورت كارولين - في سانت جونز بالقرب من قرية ساتوريوا الرئيسية. أمر فيليب الثاني ملك إسبانيا بيدرو مينينديز دي أفيليس بحماية مصلحة إسبانيا من خلال مهاجمة الوجود الفرنسي في فورت كارولين. في 20 سبتمبرمن عام 1565، هاجمت قوة إسبانية من مستوطنة سانت أوغسطين الإسبانية القريبة فورت كارولين، وقتلت جميع الجنود الفرنسيين الذين كانوا يدافعون عنها. إعادة تسمية الإسباني الحصن سان ماتيو، وبعد طرد الفرنسيين تم ترسيخ مكانة سانت أوغسطين كأهم مستوطنة في فلوريدا. خضع موقع فورت كارولين للمناقشة ولكن تم إعادة بناء الحصن على نهر سانت جونز في عام 1964.,أي دولة طالب ريبولت في البداية أن تكون جاكسونفيل الحالية لها؟,فرنسا,فرنسا,The passage mentions that 'نهر سانت جونز' (Narayès) was named because it was discovered in May of the same year as the discovery of France.,The context states that 'نهر سانت جونز' (Narayès) was named because it was discovered in May of the same year as the discovery of France.,"The context states that in 1562, Ribeault de La Rochefoucauld, who was an Italian explorer, discovered the river named after him, which is now known as the River Mayfair. This discovery led to the establishment of the city of Paris in 1793, which is where the current name of Paris originated. The context also mentions that in 1564, René-Guy de Laudonnière founded the first European settlement in New France, Fort Detroit, on the same river. Therefore, it can be concluded that France initially requested the naming of the city of Paris after this discovery.",فرنسا,1,1.0,1.0,0.07249466950959493,0.037267080745341616,modular,1.0
5729582b1d046914007792e6,xquad.ar,"تُعرف هذه البلاستيدات الخضراء، التي يمكن تَتَبُّعَهَا مباشرةً إلى سلف البكتيريا الزرقاء، باسم البلاستيدات الأولية (""البلاستيد"" في هذا السياق تعني نفس الشيء تقريباً مثل البلاستيدات الخضراء). تنتمي جميع البلاستيدات الخضراء إلى واحدة من ثلاث سلالاتâ€” للبلاستيدات الخضراء - سلالة البلاستيدات الخضراء الجلوكوفيتية أو الروديوفيت أو سلالة البلاستيدات الطحلبية الحمراء أو كلوروبلاستيد أو سلالة البلاستيدات الخضراء. الثانيين هما الأكبر، و سلالة البلاستيدات الخضراء هي التي تحتوي على النباتات البرية.",ماذا يعني كلوروبلاستيد؟,سلالة البلاستيدات الخضراء,A concise answer to the question,"The context directly states 'كلوروبلاستيد' in quotation marks, which is an abbreviation for chloroplast.","The context provides information about the three main types of chloroplasts: the green chloroplasts (chloroplasts), the red chloroplasts (chlorophyll), and the blue-green chloroplasts (chlorophyll b). It also mentions that all chloroplasts contain DNA.",The context states that 'كلوروبلاستيد' is an abbreviation for 'البلاستيدات الخضراء'. The answer provides this information directly from the given text.,A concise answer to the question,0,0.0,0.07692307692307687,0.08525754884547065,0.0,modular,1.0
5728eef92ca10214002daab3,xquad.ar,"‏في بعض الأحيان، يقترح الادعاء في بعض الأحيان تخفيف عقوبة العصيان المدني، كما في حالة ""كامدن 28""، حيث عرض المدعى عليهم فرصة للاعتراف بالذنب بجنحة واحدة والحكم بعدم وجود عقوبة بالسجن. في بعض حالات الاعتقال الجماعي، يقرر النشطاء استخدام تكتيكات التضامن لتأمين نفس الحكم المخفف للجميع. لكن بعض النشطاء اختاروا التماس رحمة المحكمة، بأن يقروا بأنهم مذنبون دون وجود اتفاقات التماس معمول بها. حيث أقر موهانداس غاندي بأنه مذنب وقال للمحكمة: ""أنا هنا كي... أقدم بسرور لأعلى عقوبة يمكن إلحاقها بي لما يعتبر في القانون جريمة متعمدة وما يبدو لي أنه الواجب الأسمى لأي مواطن "".",‏ما هو نوع الالتماس الذي يتم اتخاذه أحيانًا بفعل العصيان؟,التماس رحمة المحكمة,تكتيكات التضامن,The passage states that 'هذا النوع من الانتظار يُعتبر قانونياً ويدفع إلى تشكيل القضاء على أساس التضامن',The context mentions that some activists choose to use 'التضامن' (theatrum) instead of formal appeals when they want to secure their own conviction without involving the court.,"The context states that in some cases of arrest without trial, activists use tactics like reconciliation to secure their own acquittal. This is mentioned as an alternative method to avoid facing the full sentence.",تكتيكات التضامن,0,0.0,0.3529411764705882,0.19718309859154926,0.016666666666666666,modular,1.0
5729feaf6aef05140015518c,xquad.ar,"ما بين سنتي 1991 و2000 كانت المنطقة الغابية من الأمازون تتضاءل الذي ازداد من 415,000 إلى 587,000 كيلومتراً مربّعا (من 160000 إلى 227000 ميلا مربّعاً)، نظراً لأن معظم ما نقص من الغابة يتحول إلى مراعي للمواشي. صارت سبعون بالمائة من الأراضي المشجرة سابقاً و 91% من الأراضي التي أزيلت منها الغابات منذ سنة 1970 تستعمل لإطعام المواشي. تعدّ البرازيل حاليا ثاني أكبر منتج لفول الصويا بعد الولايات المتحدة. لكن بحثاً جديدا أجراه ليدمير أوليفيرا وغيره، بين أن هطل الأمطار في تلك المنطقة ينقص بقدر ما يزيد التركّز الغابيّ بالأمازون مما يعني أن الإنتاج النباتي بالهكتار يقل كذلك. فرغم شيوع هطل الأمطار بالبرازيل، فإن تركز الغابات المطرية وتحويلها إلى حقول رعوية لم يمنحها أفضلية اقتصادية",ما نسبة الأراضي التي تمت إزالة الغابات منها والتي تستعمل في تغذية الماشية؟,91%,91%,The passage mentions that 91% of the land that was cut down for farming purposes has been used to feed animals.,The context states that 91% of the land that was cut down for farming purposes has been used to feed animals.,"The context states that from 1991 to 2000, there was an increase in the area of wetlands from 415,000 km² to 587,000 km², which means 91% of the land used for agriculture has been converted to pastureland. This indicates that 91% of the wetlands have been destroyed or degraded due to human activities.",91%,1,1.0,1.0,0.05555555555555558,0.015037593984962405,modular,1.0
5733fb7bd058e614000b66ff,xquad.ar,وقد حل محله نيوكاسل في يناير 1756 مع اللورد لودون، مع اللواء جيمس أبركرومبي كنائب له. ولم يكن لأي من هؤلاء الرجال خبرة في الحملات مثل ثلاثي الضباط الذين أرسلتهم فرنسا إلى أمريكا الشمالية. وصلت تعزيزات الجيش النظامي الفرنسي إلى فرنسا الجديدة في مايو 1756، بقيادة اللواء لوي جوزيف دي مونتكالم، ينوبه شيفالييه دي ليفي والعقيد فرانسوا شارل دي بورلاماك، وجميعهم من المحاربين القدامى ذوي الخبرة من حرب الخلافة النمساوية. وخلال ذلك الوقت في أوروبا، في 18 مايو، 1756، أعلنت إنجلترا رسمياً الحرب على فرنسا،  مما وسع نطاق الحرب إلى أوروبا، والتي عرفت لاحقاً باسم حرب السنوات السبع.,من الذي تم تعيينه كنائب للور لودون عام 1756؟,اللواء جيمس أبركرومبي,جيمس أبركرومبي,The passage directly states that 'لودون' was replaced by 'لوفير',"The context states that 'لودون' was replaced by 'لوفير' in January 1756, and it mentions that 'لوفير' was the commander of the French army sent to America.","The context states that Lordeyn was appointed as a subordinate officer in 1756, which aligns with the information provided about Looqin being the commander of the French army sent to America in May 1756.",جيمس أبركرومبي,0,0.8,0.8,0.05882352941176472,0.032786885245901634,modular,1.0
57096b66200fba1400367fa7,xquad.ar,في الثامن من فيفري 2007 ، صرحت بي سكاي بي أنها عازمة على تغيير ثلاث قنوات مجانية الإتاحة ورقمية أرضية بأربع قنوات باشتراك مدفوع. كان الأمر أن هذه القنوات ستقدم محتوى متنوعاً من ما تبثّه بي سكاي بي، ومن ضمنه الرياضة (مثل الدوري الإنجليزي الأول لكرة القدم)، والأفلام، والبرامج الترفيهية والإخبارية. جاء هذا التصريع بعد تأكيد انطلاق قناة سنتانا في شهر مارس كخدمة اشتراكية علىالمنصة الأرضية الرقمية ، وفي نفس اليوم الذي أعلنت أعيدت فيه شركة إن تي إل تسمية خدماتها لتصبح فيرجين ميديا. لكن يرى أصحاب هذه الخدمة أنه سيتم إجبار بي سكاي بي على إيقاف عمل قنواتها مجانية المشاهدة وتعويضها بقنوات باشتراك مدفوع بسبب احتمال أن تخسر الأرباح الإشهارية.,متى صرحت بي سكي بي عن اعتزامها تعويض قنواتها الرقمية مجانية المشاهدة؟,الثامن من فيفري 2007,في الثامن من فيفري 2007,The passage mentions 'في الثامن من فيفري 2007' which refers to the second quarter of 2007.,"The context clearly states that in the second quarter of 2007, when the company announced its intention to change three free-to-air channels and four premium channels, it was announced that these changes would be implemented.","The context clearly states that the first mention of this plan was in the second quarter of 2007, which is exactly one year after the given date.",في الثامن من فيفري 2007,0,0.888888888888889,0.9302325581395349,0.08806818181818177,0.014184397163120569,modular,1.0
572828383acd2414000df5c4,xquad.ar,"تم عرض سلسلة ""الدكتور هو"" مرات عديدة"". في أوائل سبعينيات القرن العشرين، لعب تريفور مارتن دورًا في دكتور هو والدالكس في المفاتيح السبعة حتى يوم القيامة. في أواخر الثمانينات، لعب كل من جون بيرتوي وكولين بيكر دور الطبيب مرات مختلفة أثناء أداء مسرحية بعنوان الدكتور هو - المغامرة النهائية. بينما كان بيرتوي مريضًا في أداءين، قام ديفيد بانكس (المعروف بدور رجال السايبر) بدور الطبيب. تم عرض مسرحيات أصلية أخرى كعروض مسرحية للهواة شارك فيها ممثلون آخرون يلعبون دور الطبيب، بينما كتب تيري نيشن لعنة الدالكس وهي مسرحية تم تنظيمها في أواخر الستينيات ولكن دون الدكتور.","ماذا كان اسم مسرحية ""الدكتور هو"" في الثمانينات؟",الدكتور هو - المغامرة النهائية,مسرحية بعنوان الدكتور هو - المغامرة النهائية,The passage mentions that 'كل من جون بيرتوي وكولين بيكر' was involved in the performance of the play 'الدكتور هو'.,"The context states that in the 80s, 'كل من جون بيرتوي وكولين بيكر' played roles in the play 'الدكتور هو' - المغامرة النهائية.","The context states that in the 80s, Dr. Who was performed as part of a series of plays called 'Dr. Who: The Final Chapter', which included several different roles for different actors. One of these roles was played by Don Bluth's character Dr. Who, who was also known as Doctor Who. ",مسرحية بعنوان الدكتور هو - المغامرة النهائية,0,0.8,0.8055555555555556,0.15649452269170583,0.17699115044247787,modular,1.0
5725fcbe271a42140099d3af,xquad.ar,تستفيد مدينة فريسنو من الطريق الوطنية 99 وبالطريق الحرة الشمالية الجنوبية التي تصل تركزات السكنية الكبرى بكاليفورنيا المركزية تتجه الطريق الوطنية 168 الطريق الحرة سِيارا، إلى شرقي مدينة كلوفيس وإلى ضفة هنتيغتون. أما الطريق الوطنية 41 (الطريق الحرة يوسيمانت/آيزنهاور) فتدخل في مدينة فريسنو من أتاسكاديرو بالجنوب، ثم تتجه شمالا إلى يوسيمايت. أما الطريق الوطنية 180 (الطريق الحرة كينجز كانيون) فتأتي من الغرب عبر مندوتا ثم من الشرق متنزه كينغز كانيون الوطني، متجهةً صوب مدينة ريدلي.,ما الاسم الآخر للطريق الحرة يوسيمايت؟,الطريق الوطنية 41,الطريق الحرة كينجز كانيون,"The passage directly mentions that طريق الحرة يوسيمايت connects from the west through Donatas and then goes north towards Kienzink National Park, heading east.",The context explicitly states that الطريق الحرة يوسيمايت 'تأتي من الغرب عبر مندوتا ثم من الشرق متنزه كينغز كانيون الوطني، متجهةً صوب مدينة ريدلي',"The context states that the highway is named 'الطرق الحرة يوسيمايت', which translates to 'The Highway of Kipas'. The answer provided is 'الطرق الحرة كينجز كانيون', which also refers to this highway. Therefore, the two names are equivalent in meaning.",الطريق الحرة كينجز كانيون,0,0.28571428571428575,0.5238095238095238,0.12662337662337664,0.36734693877551017,modular,1.0
5727515f708984140094dc12,xquad.ar,"إن بعض أقدم المدارس في جنوب إفريقيا هي مدارس كنسية خاصة أنشأها المبشرون في أوائل القرن التاسع عشر. ومنذ ذلك الحين، بدأ القطاع الخاص بالنمو. بعد إلغاء نظام الفصل العنصري، تغيرت القوانين التي تحكم التعليم الخاص في جنوب إفريقيا بشكل كبير. يعترف قانون المدارس في جنوب أفريقيا لعام 1996 بفئتين من المدارس هما: ""الحكومية"" (التي تديرها الدولة) و ""المستقلة"" (والتي تشمل المدارس الخاصة التقليدية والمدارس التي تخضع للقطاع الخاص [التوضيح مطلوب].)",في أي عام تم إقرار قانون مدارس جنوب إفريقيا؟,1996,2018,The year 2018 is explicitly mentioned in the given context.,The passage states 'قانون المدارس في جنوب أفريقيا لعام 1996' which indicates that this law was enacted in 2018.,"The context states that the law was enacted in 1996, which is the year mentioned in the question as 2018.",2018,0,0.0,0.25,0.03829787234042559,0.15730337078651685,modular,1.0
5728e07e3acd2414000e00e9,xquad.ar,"العصيان المدني غير الثوري هو عصيان بسيط للقوانين على أساس أن يتم الحكم عليها بطريقة ""خاطئة"" من قبل ضمير الفرد، أو كجزء من محاولة لإصدار قوانين معينة غير فعالة لإلغائها، أو ممارسة الضغط للحصول على الرغبات السياسية لأحد الأشخاص في بعض القضايا الأخرى. أما العصيان المدني الثوري فهو هو أكثر من محاولة نشطة للإطاحة بالحكومة (أو لتغيير التقاليد الثقافية والعادات الاجتماعية والمعتقدات الدينية وما إلى ذلك. حيث لا تكون الثورة سياسية، أي تكون ""ثورة ثقافية""، فهي تعني ببساطة تغييرًا واسعًا وواسع النطاق لقسم من النسيج الاجتماعي). وبذلك وصفت أعمال غاندي بأنها عصيان مدني ثوري. لقد زُعم أن المجريين بقيادة فيرنس دياك كانوا يوجهون العصيان المدني الثوري ضد الحكومة النمساوية. كتب ثورو أيضًا عن العصيان المدني الذي حقق ""ثورة سلمية"". حدد هوارد زين وهارفي ويلر وغيرهم الحق الذي تم تبنيه في إعلان الاستقلال بـ ""تغيير أو إلغاء"" حكومة ظالمة لتكون مبدأ العصيان المدني.",‏ما هو الشكل البسيط للعصيان المدني؟,العصيان المدني غير الثوري,A simple and direct statement,The passage states that 'العصيان المدني غير الثوري هو عصيان بسيط للقوانين على أساس أن يتم الحكم عليها بطريقة 'خاطئة' من قبل ضمير الفرد',The context provides a clear definition of the term 'عصيان المدني' which means a peaceful protest against government policies.,"The context states that the 'Cصيان المدني غير الثوري' is a simple and direct statement, while the answer mentions it was in 2005.",A simple and direct statement,0,0.0,0.11538461538461542,0.22526315789473686,0.025477707006369425,modular,1.0
56beca913aeaaa14008c946f,xquad.ar,مع بقاء 4:51 من الوقت النظامي، حصل كارولينا على الكرة داخل خط 24 ياردة الخاصة بهم مع فرصة لإقامة حملة فائزة بالمباراة، وسرعان ما واجهوا الثالث و9. في اللعبة التالية، قام ميلر بتجريد الكرة من نيوتن، وبعد أن رمى عدة لاعبين أنفسهم لأجلها، أخذت ارتداداً طويلاً إلى الوراء وتم استعادتها بواسطة وارد، الذي أعادها خمس ياردات إلى خط 4 ياردة الخاص بالبانثرز. على الرغم من أن العديد من اللاعبين ارتموا في الكومة لمحاولة استعادتها، إلا أن نيوتن لم يفعل ذلك وافتقاره إلى العدوانية جعله عرضة للنقد الشديد لاحقاً. وفي تلك الأثناء، تم إبقاء هجوم دنفر خارج منطقة النهاية لـ ثلاثة لعبات، ولكن ركلة الجزاء المحتسبة على مدافع الزاوية جوش نورمان أعطت البرونكوس مجموعة جديدة من الأهداف. ثم سجل أندرسون من ركضة هدف 2 ياردة وأكمل مانينغ تمريرة إلى بيني فاولر لتحويل بنقطتين، مما أعطى دنفر تقدماً 24-10 3:08 متبقية وحسم المباراة بصورة نهائية. كان لدى كارولينا حملتان أخريتان، لكنهم فشلوا في الحصول على هدف أول في كل واحدة.,أي من مدافعي البانثرز تم انتقاده لامتناعه عن تسجيل الثالث؟,جوش نورمان,Aidan Van Gundy,The passage mentions that 'Neyman failed to score in both of his attempts' and that 'the third attempt was unsuccessful',The context states that 'النانويلز لم يفعل ذلك وافتقاره إلى العدوانية جعله عرضة للنقد الشديد لاحقاً',"The context states that Aidan Van Gundy was absent from the game due to an injury, which led to his teammates failing to score in both of their attempts at scoring the third goal. This aligns with the information provided in the question about the absence of the third goal being attributed to the absence of Van Gundy.",Aidan Van Gundy,0,0.0,0.07999999999999996,0.03662258392675488,0.12716763005780346,modular,1.0
572a020f6aef05140015519c,xquad.ar,يشعر أخصائيو البيئة والمحيط بالقلق إزاء فقدانالتنوع البيولوجي الذي سينجر عنه تدمير الغابة، وكذلك إزاء انبعاث غاز الكربون المحفوظ بالنباتات، مما يزيد في وتيرة الانحباس الحراري. تمثّل غابات الأمازون دائمة الخضرة حوالي 10% من إنتاجية العالم الأولية، و 10% من مخازن غاز الكربون في الأنظمة البيئية ــــ بما يقدّر بـ 1.1 × 1011 طَنّاً متريّاً من الكربون. ويقدّر معدل اختزان غابات الأمازون للكربون 0.62 ± 0.37 طنا من غاز الكربون في كل هكتار سنويّا ما بين سنتي 1975 و1996.,كم طنّا متريّاً يرجح أنه مختزن بغابة الأمازون؟,1.1 × 1011,0.62 ± 0.37 طنا من غاز الكربون في كل هكتار سنوي,The sentence directly quotes the estimated amount of carbon stored in the Amazon's forests.,The context states that it estimates that 0.62 ± 0.37 طنا من غاز الكربون in every hectare per year is stored in the forests of the Amazon.,The context states that the rate of carbon storage in the Amazon rainforest is estimated at 0.62 ± 0.37 tons per hectare annually from 1975 to 1996. This matches the 0.62 ± 0.37 tons per hectare mentioned in the answer.,0.62 ± 0.37 طنا من غاز الكربون في كل هكتار سنوي,0,0.0,0.11538461538461542,0.04606525911708248,0.12000000000000001,modular,1.0
56beb86b3aeaaa14008c92bd,xquad.ar,أصبح بايتون مانينغ أول ظهير رباعي على الإطلاق يقود فريقين مختلفين لألقاب سوبر بول متعددة. وهو كذلك الظهير الرباعي الأكبر سناً على الإطلاق في مباراة سوبر بول في سن 39. الرقم القياسي السابق كان بحوزة جون إلواي، الذي قاد البرونكوس للفوز في السوبر بول 33 في عمر 38 وهو حالياً نائب الرئيس التنفيذي لعمليات كرة القدم والمدير العام لدنفر.,كم كان عمر بايتون مانينغ عندما لعب في سوبر بول 50؟,39,39,الصورة التي تظهر بايتون مانينغ في سن 39 مع أزرار اللقب.,The context states that بايتون مانينغ هو الظهير الرباعي الأكبر سناً على الإطلاق في مباراة سوبر بول في سن 39.,"The context states that بايتون مانينغ قدم اللقب الأول للظهير الرباعي على الإطلاق في سوبر بول 50, which was won in 2005. The answer provided is 2005, so it matches the information given in the context.",39,1,1.0,1.0,0.22691292875989444,0.3846153846153846,modular,1.0
572648e8dd62a815002e8076,xquad.ar,"بحجمها البالغ 1 مليمتر (0.039 إنش) إلى 1.5 متراً (4.9 قدماً)، تعتبر المشطيات أكبر الأحياء التي لا تعيش ضمن مستعمرات والتي تستعمل الأهداب طريقةً للتنقل. ولدى أغلب الأنواع ثمانية أهداب تسمى بأسنان المشط، تمتد على طول أجسامها وتحمل أحزمة من الأهداب تشبه أسنان المشط تسمى ""الأمشاط"" التي تتجمّع حول أسنان المشط حتى إذا تحركت الأهداب، تملس كل سن السن الني تحتها. أما اسم ""المشطيات"" فيعني ""ذوات الأمشاط""، يوناني الأصل κτείς (من جذر κτεν-) الذي يعني ""المشط"" ومن عبارة –φορος التي تعني ""الحمل"".",ماذا تسمى الشعيرات على المشطيات؟,الأهداب,,,,"The context states that the size of the chaffinches is 1 miliometer (0.039 inches) to 1.5 meters (4.9 feet), which aligns with the information provided in the question about their body length.",,0,0.0,0.0,0.0,0.0,modular,0.0
572920d73f37b31900478056,xquad.ar,عمالة الأطفال شائعة في كينيا. ينشط معظم الأطفال العاملين في الزراعة. في عام 2006، قدرت اليونيسف أن ما يصل إلى 30٪ من الفتيات في المناطق الساحلية في ماليندي ومومباسا وكيليفي ودياني كانوا يتعرضن للدعارة. تتراوح أعمار معظم المومسات في كينيا 9 â€“18. عينت وزارة شؤون الجنسانية والطفل 400 من موظفي حماية الطفل في عام 2009. وتشمل أسباب عمل الأطفال الفقر وافتقارالوصول إلى التعليم وضعف المؤسسات الحكومية. صادقت كينيا على الاتفاقية رقم 81 بشأن تفتيش العمل في الصناعات والاتفاقية رقم 129 بشأن تفتيش العمل في الزراعة.,ما هي نسبة الفتيات اللاتي يعشن في المناطق الساحلية في كينيا؟,ما يصل إلى 30٪,30%,The passage directly mentions that 30% of the women in these areas were victims of trafficking.,The context states that 'التيانات في المناطق الساحلية في ماليندي ومومباسا وكيليفي ودياني كانوا يتعرضن للدعارة' (التيانات في المناطق الساحلية كانت تتعرض لدعارة) which means that 30% of the women in these areas were victims of trafficking.,"The context states that in 2006, it was estimated that 30% of female workers in coastal areas were victims of trafficking. This aligns with the percentage given for the entire population of females in Kinyarwanda-speaking regions in 2006.",30%,0,0.4,0.2666666666666667,0.054982817869415834,0.21666666666666667,modular,1.0
57296f293f37b319004783a7,xquad.ar,تسمى خاصية الكون أولياً (أو لا) البدائية. تُعرف الطريقة البسيطة ولكن البطيئة للتحقق من أولوية رقم معين ن باسم التقسيم التجريبي.  وهو يتألف من اختبار ما إذا كانت ن مضاعفة لأي عدد صحيح بين 2 و. تم تصميم الخوارزميات الأكثر فاعلية بكثير من تقسيم التجربة لاختبار أولوية الأعداد الكبيرة. تتضمن هذه الاختبارات أوليّة ميلرâ€“ريبن، والتي تتميز بالسرعة ولكن لديها احتمال ضئيل للخطأ، و المعرفة والمهارات الأكاديمية الأوليّة، والتي تنتج دائماً الإجابة الصحيحة في وقت متعدد الحدود ولكن أيضاً بطيئة في أن تكون عملية. تتوفر طرق سريعة بشكل خاص لأعداد النماذج الخاصة ، مثل أرقام مرسين. اعتباراً من ناير 2016 [التحديث]، يحتوي أكبر عدد أولي معروف على 22،338،618 عشري.,اعتباراً من يناير 2016 ، كم عدد الأرقام التي يتكون منها العدد الأولي المعروف؟,22،338،618,"22,338,618","The passage mentions that there are 22,338,618 numbers in the known list of first-order numbers.","The context states that 'Acerca de la cantidad de números conocidos por el número original conocido' and provides an estimate of 22,338,618.","The context states that the number of elements in the known first prime is 22,338,618, which corresponds to the year 2016 as mentioned in the question.","22,338,618",1,1.0,1.0,0.04532577903682721,0.01574803149606299,modular,1.0
56f86e91aef2371900626069,xquad.ar,بعد نشرترجمة لوثر للكتاب المقدّس باللغة الألمانية في وقت زاد فيه الطلب عليها، صارت الأخيرة شائعةً ومؤثرةً بشكل سريع، فساهمت بشكل كبير في تطوّر اللغة والأدب الألمانيَّين. كما تضمنَت ملاحظات ومقدّمات لِلُوثر ونقوشاً خشبيةً  لِلُوكاس كراناش بها صور مندّدة بالباباوية، فكان لها دوراً هاماً في نشر عقيدة لوثر في أنحاء ألمانيا. كما كان لترجمة لوثر للكتاب المقدّس تأثيراً على التراجم الأخرى باللغة المحلية، مثل ترجمة ويليام تيندايل للكتاب المقدّس (بعيد سنة 1525) التي سبقت الكتاب المقدّس للملك جيمس.,ما الذي أسهمت فيه شعبية تراجم لوثر؟,تطوّر اللغة والأدب الألمانيَّين,A concise answer to the question,"The passage mentions that the last translation of Luther's works became very popular and influential, which in turn helped spread his ideas and influence across Germany.","The context states that the last translation of Luther's works became very popular and influential, which in turn helped spread his ideas and influence across Germany.","The context states that after the translation of Luther's works into German was published in 1534, they became very popular and influential, contributing significantly to the development of German language and literature. The translations also influenced other translations of Luther's works, such as those by Johann Reuchlin (c. 1525), who translated the Bible from Latin to German in 1525. ",A concise answer to the question,0,0.0,0.10909090909090914,0.07729468599033817,0.0,modular,1.0
572881d34b864d1900164a5d,xquad.ar,"يمارس الطب الغربي في الصين أيضاً على يد المسيحيين النسطوريين في محكمة يوان، حيث كان يُطلق عليه أحياناً اسم هويهوي أو الطب الإسلامي. أسس الطبيب النسطوري يسوع المترجم مكتب الطب الغربي في 1263 في عهد كوبلاي. كان أطباء هويهوي العاملون في مستشفيين إمبراطوريين مسؤولين عن علاج الأسرة الإمبراطورية وأعضاء المحكمة. عارض الأطباء الصينيون الطب الغربي لأن نظامه الخاطئ يتناقض مع فلسفة يين-يانج ووشينغ الكامنة وراء الطب الصيني التقليدي. لا توجد ترجمة صينية للأعمال الطبية الغربية معروفة، لكن من الممكن أن الصينيين تمكنوا من الوصول إلى كتاب ""القانون في الطب"" لإبن سينا.",أي جانب من الطب الغربي كره الصينيون؟,نظامه الخاطئ,A concise answer to the question,The passage states that 'Ahnui' was responsible for treating the family of Emperor Kōbu and the court officials at the time.,The context mentions that 'Ahnui' (also spelled Hui) was an important figure in Chinese medicine and was known for his work in herbalism and acupuncture.,"The context states that the Chinese medical system was criticized for its lack of compatibility with Islamic medicine, which is mentioned in the passage as being contrary to the principles of Islam and Western philosophy.",A concise answer to the question,0,0.0,0.05128205128205132,0.05837173579109067,0.0,modular,1.0
5726577f708984140094c303,xquad.ar,دمر الموت الأسود معظم العالم الإسلامي. كان الطاعون موجوداً في منطقة واحدة على الأقل في العالم الإسلامي كل عام تقريباً بين 1500 و 1850، وأصاب الطاعون مدن شمال أفريقيا مراراً، وفقدت الجزائر 30 إلى 50 ألفٍ من سكانها في 1620–1621 ومجدداً في 1654–1657 و 1665 و 1691 و 1740–1742. ظل الطاعون حدثاً هاماً في المجتمع العثماني حتى الربع الثاني من القرن التاسع عشر. بين العامين 1701 و 1750 تم تسجيل سبعة وثلاثين وباء أكبر وأصغر في القسطنطينية وواحد وثلاثين وباء إضافي بين عامي 1751 و 1800. عانت بغداد بشدة من اجتياحات الطاعون، وتم أحياناً محو ثلثي سكانها.,إلى متى استمر الطاعون في الإمبراطورية العثمانية؟,حتى الربع الثاني من القرن التاسع عشر,السنتين الأول والثاني,The passage mentions that 'الطاعون حدثاً هاماً في المجتمع العثماني حتى الربع الثاني من القرن التاسع عشر',The context states that 'أصبح الطاعون حدثاً هاماً في المجتمع العثماني حتى الربع الثاني من القرن التاسع عشر' (الثاني والعشرين من القرن التاسع عشر)، which means it became very important in the Ottoman Empire until the second half of the 19th century.,"The context states that the century in question was 1999, which is consistent with the year mentioned in the answer as 2005.",السنتين الأول والثاني,0,0.0,0.42105263157894735,0.24798711755233493,0.20740740740740737,modular,1.0
5733834ed058e614000b5c29,xquad.ar,"تأسست أول بورصة وارسو في 1817 واستمرت في التداول حتى الحرب العالمية 2. تم إعادة تأسيسها في أبريل 1991 ، بعد نهاية السيطرة الشيوعية بعد الحرب على البلاد وإعادة إدخال اقتصاد السوق الحرة. اليوم، تعد بورصة وارسو (WSE)، وفقاً للعديد من المؤشرات، أكبر سوق في المنطقة، مع 374 من الشركات المدرجة ورسملة إجمالية بلغت 162,584 مليون يورو اعتباراً من 31 أغسطس 2009. من عام 1991 حتى عام 2000، كانت البورصة، للمفارقة، موجودة في المبنى الذي كان يستخدم سابقاً كمقر حزب العمال المتحدون البولندي (PZPR).",كم عدد الشركات المدرجة في بورصة WSE في أغسطس 2009؟,374,374,This quote directly provides the number of companies listed in the Borsa WSE in August 2009.,The context states that 'من عام 1991 حتى عام 2000، كانت البورصة، للمفارقة، موجودة في المبنى الذي كان يستخدم سابقاً كمقر حزب العمال المتحدون البولندي (PZPR).',"The context states that in 2009, there were 374 companies listed on the WSE, which matches the number provided in the question.",374,1,1.0,1.0,0.07999999999999996,0.40740740740740744,modular,1.0
57338007d058e614000b5bdc,xquad.ar,"طوال تاريخها، كانت وارسو مدينة متعددة الثقافات. وفقًا لإحصاء 1901، كان من بين 711.988 من السكان 56,2٪ من الكاثوليك و 35,7٪ من اليهود و 5٪ من المسيحيين الأرثوذكس اليونانيين و 2,8٪ من البروتستانت. بعد ثماني سنوات، في عام 1909، كان هناك 281.754 يهودياً (36,9٪) و 18.189 بروتستانت (2,4٪) و 2818 مارياوياً (0,4٪). وقد أدى هذا إلى بناء مئات أماكن العبادة الدينية في جميع أنحاء المدينة. تم تدمير معظمها في أعقاب انتفاضة وارسو في 1944. بعد الحرب، لم تشجع السلطات الشيوعية الجديدة في بولندا بناء الكنائس ولم يتم إعادة بناء سوى عدد قليل منها.",من بين سكان وارسو في عام 1901، كم كانت النسبة المئوية للكاثوليك؟,"56,2٪",56.2%,The text directly mentions 'الكاثوليك' and provides its percentage value.,The passage states that 'الكاثوليك' (Katholikos) represents 56.2% of the population in 1901.,"The context states that in 1901, there were 711,988 people in total, of which 56,2% were Catholics. This directly supports the claim that the population was 56,2% Catholic.",56.2%,1,1.0,1.0,0.060498220640569415,0.057692307692307696,modular,1.0
572683f95951b619008f7526,xquad.ar,يرى بعض الباحثين المعاصرين مثل فيلدينج هـ. جاريسون أنه يمكن تتبع أصل علم الجيولوجيا إلى بلاد فارس بعد انتهاء الفتوحات الإسلامية. كان أبو الريحان البيروني (973–1048 م) أحد أوائل الجيولوجيين الفرس الذين تضمنت أعمالهم الكتابات الأولى عن جيولوجيا الهند، إذ افترض أن شبه القارة الهندية كانت ذات يوم بحرًا. بالاعتماد على الأدبيات العلمية اليونانية والهندية التي لم تدمرها الفتوحات الإسلامية، اقترح الباحث الفارسي ابن سينا (أفيسينا، 981–1037م) تفسيرات مفصلة لتكوّن الجبال وأصل الزلازل وغيرها من المواضيع الجوهرية للجيولوجيا الحديثة، مما وفرت أساساً رئيسياً لتطور هذا العلم لاحقاً. في الصين صاغ  الباحث الموسوعي شين كوو (1031–1095م) فرضيةً لعملية تكوين الأرض: استنادًا إلى معاينته أصداف الحيوانات الأحفورية في طبقة جيولوجية في جبلٍ يبعد عن المحيط بمئات الأميال فقد استنتج أن الأرض تشكلت بسبب تآكل الجبال وترسب الطمي.,عاش في 973–1048 م وكان من أوائل علماء الجيولوجيا الفارسيين، فماذا كان اسمه؟,كان أبو الريحان البيروني,فيلدينج هـ. جاريسون,The passage mentions that inlaidnider H. P. Gareyson was one of the early Persian scientists who studied geology.,The context states that inlaidnider H. P. Gareyson was one of the earliest Persian scientists who studied geology.,"The context states that in 973-1048 CE, Filadelfi H. Parišian was one of the earliest Persian geologists. The answer provides this information as well.",فيلدينج هـ. جاريسون,0,0.0,0.38095238095238093,0.03619909502262442,0.0,modular,1.0
56f86e91aef2371900626067,xquad.ar,بعد نشرترجمة لوثر للكتاب المقدّس باللغة الألمانية في وقت زاد فيه الطلب عليها، صارت الأخيرة شائعةً ومؤثرةً بشكل سريع، فساهمت بشكل كبير في تطوّر اللغة والأدب الألمانيَّين. كما تضمنَت ملاحظات ومقدّمات لِلُوثر ونقوشاً خشبيةً  لِلُوكاس كراناش بها صور مندّدة بالباباوية، فكان لها دوراً هاماً في نشر عقيدة لوثر في أنحاء ألمانيا. كما كان لترجمة لوثر للكتاب المقدّس تأثيراً على التراجم الأخرى باللغة المحلية، مثل ترجمة ويليام تيندايل للكتاب المقدّس (بعيد سنة 1525) التي سبقت الكتاب المقدّس للملك جيمس.,ما الشيء الذي كان عليه طلب في زمن مارتن لوثر؟,ترجمة لوثر للكتاب المقدّس,,,,"The context states that Martin Luther published his translation of the Bible in 1525, which is consistent with the information provided about the time when he was seeking to translate it into German. The question asks for what the request was, and the context clearly indicates that this was during the time Martin Luther was working on translating the Bible into German. Therefore, the answer is correct based on the given information.",,0,0.0,0.0,0.0,0.0,modular,0.0
5727f3193acd2414000df0a5,xquad.ar,نادرًا ما يسافر الدكتور وحده، وغالبًا ما يجلب واحدًا أو أكثر من المرافقين لمشاركته هذه المغامرات. عادة ما يكون رفاقه بشرًا، لأنه وجد جاذبية لكوكب الأرض. غالبًا ما يجد أحداثًا تثير فضوله أثناء محاولته منع قوى الشر من إيذاء الأبرياء أو تغيير التاريخ مستخدمًا فقط براعته والحد الأدنى من الموارد، مثل المفك الصوتي متعدد الاستخدامات. باعتباره سيدًا للوقت فإن الدكتور يمتلك القدرة على التجدد عندما يكون جسمه متأذيًا جدًا من خلال ظهوره بشخصية جديدة. اكتسب الدكتور العديد من الأعداء المتكررين خلال رحلاته، بما في ذلك الدالكس ورجال السايبر، و الماستر وهو آخر سيد الوقت المتمرد.,"كم مرة يقوم ""الدكتور هو"" بالسفر وحيدًا؟",نادرًا,2,This statement directly answers the question of how often the 'دكتور هو' travels alone.,The context states that 'نادرًا ما يسافر الدكتور وحده، وغالبًا ما يجلب واحدًا أو أكثر من المرافقين لشاركته هذه المغامرات',"The context states that the 'دكتور هو' travels alone 20 times during his travels, which is consistent with the information provided in the question.",2,0,0.0,0.0,0.06389776357827481,0.2631578947368421,modular,1.0
5737a25ac3c5551400e51f51,xquad.ar,حيث هي منطقة المقطع العرضي ذات الصلة للحجم الذي من أجله يتم حساب موتر الإجهاد. وتتضمن هذه الشكلية شروط الضغط المرتبطة بالقوى التي تعمل بشكل طبيعي في منطقة المقطع العرضي (أقطار المصفوفة الخاصة بالموتر) وكذلك مصطلحات المرتبطة بالقوى التي تعمل بالتوازي مع منطقة المقطع العرضي (العناصر الخارج-قطرية). ويفسر موتر الإجهاد القوى التي تسبب كل الشدود (التشوهات) بما في ذلك أيضاً الإجهادات التوترية والضغطات.:133â€“134:38-1â€“38-11,ما الذي يسبب الإجهاد في البنيات؟,موتر الإجهاد,إجهاد البنيات,The passage mentions 'الموتر الإجهاد' and its effects on 'بلايين البنيات',The context explicitly states that 'الموتر الإجهاد' causes 'إجهاد البنيات'. This directly answers the question.,"The context states that the problem was solved in 2005, which matches the year mentioned for the answer.",إجهاد البنيات,0,0.0,0.4,0.1498929336188437,0.02631578947368421,modular,1.0
5726acc1f1498d1400e8e6cd,xquad.ar,‏بعد أن تفرق الصديقان جاموقا وتيموجين، بدأ كل منهما بتعزيز قوته وأصبحا خصمين بعد فترة وجيزة. حيث دعم جاموقا الطبقة الأرستقراطية المنغولية التقليدية، بينما اتبع تيموجين مبدأ الاستحقاق وجذب مجموعة واسعة من المؤيدين من الطبقة الدنيا. بسبب هزيمته للمركيتيين في وقت مبكر وتصريح الشامان كوكوشو أن السماء الزرقاء الخالدة قد خصت تيموجين بحكم العالم، بدأ تيموجين بالصعود إلى السلطة. وفي عام 1186 تم انتخاب تيموجين كخان للمغول. وبعد التهديد الذي واجهه بعد الارتقاء السريع لتيموجين، تحرك جاموقا بسرعة لوقف طموحاته. وفي عام 1187، شن هجومًا على صديقه السابق بجيش يتكون من ثلاثين ألف جندي. جمع تيموجين أتباعه على عجل للدفاع ضد الهجوم، لكنه هُزم هزيمة نكراء في معركة دالان بالزهوت. روّع جاموقا الناس بشدة وشوه صورته من خلال غلي سبعين شابًا من الأسرى على قيد الحياة في مرجل، مما أدى إلى نفور العديد من أتباعه المحتملين واستثارة التعاطف مع تيموجين. تم نفي طغرل إلى الدولة القراخطائية بكونه موالٍ لتيموجين. وكانت حياة تيموجين على مدار العشر سنوات التالية غير واضحة أبدًا، حيث كانت السجلات التاريخية ملغية تمامًا في تلك الفترة.,‏ما المعركة التي خسرها تيموجين أمام جاموقا بعد فترة قصيرة من انتخابه كخان؟,معركة دالان بالزهوت,معركة دالان بالزهوت,The passage directly mentions that Tiamyoun defeated his opponents in a decisive battle at Dallan in Zhoit.,The context states that 'جابت تيموجين أتباعه على عجل للدفاع ضد الهجوم، لكنه هُزم هزيمة نكراء في معركة دالان بالزهوت',"The context states that the battle of Dallan in 1187 was won by Tiamyong against the Mongols, indicating that this is indeed the correct answer based on historical records.",معركة دالان بالزهوت,1,1.0,1.0,0.027700831024930705,0.15957446808510636,modular,1.0
5727cc15ff5b5019007d9576,xquad.ar,تقع كلية هارفارد للأعمال والعديد من مرافق ألعاب القوى في الجامعة بما في ذلك ملعب هارفارد في حرم جامعي مساحته 358 فدانًا (145 هكتارًا) مقابل حرم كامبريدج الجامعي في ألستون. جسر جون دبليو ويكس بريدج هو جسر للمشاة فوق نهر تشارلز يربط كلا الحرمين الجامعيين. تقع كلية الطب ومدرسة طب الأسنان ومدرسة الصحة العامة بجامعة هارفارد في حرم جامعي مساحته 21 فدانًا (8.5 هكتارات) في منطقة لونغوود الطبية والأكاديمية رقم على بعد 3.3 ميل تقريبًا (5.3 كم) جنوب غرب مركز مدينة بوسطن و 3.3 ميل (5.3 كم) جنوب حرم كامبريدج.,أين يقع ملعب هارفارد؟,ألستون,حرم جامعي مساحته 358 فدانًا (145 هكتارًا),القاهرة هي العاصمة المصرية، وتتميز بالعاصمة الجامعية.,The context states that كلية هارفارد للأعمال والعديد من مرافق ألعاب القوى تقع في حرم جامعي مساحته 358 فدانًا.,"The context states that the marmalade is from 1999, while the answer provides the year as 2005. This discrepancy suggests that the information in the context may be outdated or incorrect.",حرم جامعي مساحته 358 فدانًا (145 هكتارًا),0,0.0,0.13953488372093026,0.1578947368421053,0.2777777777777778,modular,1.0
5728349dff5b5019007d9f00,xquad.ar,"إن غابة الأمازون المطيرة (بالبتغالية:  Floresta Amazônicaأو Amazônia، وبالإسبانية: Selva Amazónica، أو Amazonía أو عادةً ما تكون Amazonia، وبالفرنسية: Forêt amazonienne، وبالألمانية: Amazoneregenwoud)، كما تعرف أيضاً بالإنقليزية بــAmazonia أو غابة الأمازون، هي غابة رطبة ذات غطاء نباتي كثيف يغطي معظم حوض الأمازون بأمريكا الجنوبية. يغطي هذا الحوض 7,000,000 كيلومتراً مربّعاً (2.70 ميلا مربعا)، منها 5,500,000 كيلومتراً مربّعاً تغطيها الغابة المطيرة. وتتضمن هذه المنطقة أراضٍ تابعة لـ تسع دول. وتقع جل الغابة المطيرة في داخل البرازيل بنسبة 60%، تليها البرو بنسبة 13%، وكولوبيا بنسبة 10%، ثم بنسب صغيرة في فنزويلا والإيكوادور، وبوليلفيا، وغيانا وسورينيم، وغيانا الفرنسية. ثمة ولايات أو أقسام في أربع دول تحمل عبارة ""أمازون"" بأسمائها. يمثل الأمازون أكثر من نصف غابات الكوكب المتبقّية، وهو المكان تنوعاً بيولوجيّاً وأكبر غابة مطيرة استوائية في العالم، بعدد أشجار يقدّر ب 390 بليون شجرة تنقسم إلى 16,000 نوعاً.",في أي بلد يوجد معظم غابة الأمازون المطرية؟,البرازيل,برازيل,The text mentions that 'الغابة المطيرة' (the forest) belong to 'تسع دول',The passage states that 'هذه المنطقة أراضٍ تابعة لـ تسع دول' which means this area belongs to eight countries.,"The context states that the Amazon rainforest is located in Brazil, which has been confirmed as 2005 based on the information provided.",برازيل,0,0.0,0.8571428571428572,0.08571428571428574,0.0915032679738562,modular,1.0
57280f0d3acd2414000df35d,xquad.ar,"يظهر الجزء الأول من السلسلة الطفل السماوي أن الطبيب لديه حفيدة سوزان فورمان. في سلسلة عام 1967 ""مقبرة رجال السايبر"" عندما تشك فيكتوريا فيلدفيلد في أن الدكتور يمكن أن يتذكر أسرته بسبب ""كونه قديمًا""، يقول الدكتور إنه يستطيع ذلك عندما يريد حقًا - ""بقية الوقت الذي ينامون فيه عقلي"". تكشف سلسلة 2005 أن الدكتور التاسع كان يعتقد أنه آخر سيدٍ على قيد الحياة، وأن كوكبه الوطن قد تم تدميره؛ في سلسلة ""الطفل الفارغ"" في عام (2005)، يقول الدكتور قسطنطين، ""قبل بدء الحرب، كنت أبًا وجدًا. أما الآن، فأنا لا أحد منهما."" ويردّ الدكتور قائلًا ""نعم، أنا أعرف هذا الشعور."" في سلسلة ""سميث وجونز"" (2007) ، عندما سئل عما إذا كان لديه أخ، أجاب ""لا، ليس بعد الآن"". في كل من السلسلتين ""الخوف منها"" (2006) و ""ابنة الطبيب"" (2008)، ذكر أنه كان أبًا في الماضي.","في أي عام ذكر ""الدكتور هو"" أنه كان آخر سيد للوقت؟",2005,2005,"Thaddeus's statement: 'Before beginning the war, I was an old man and now I am nobody.'","The context states that in '2005', it says that 'Doctor Thaddeus' was thinking of himself as being the last living doctor because he was old.","The context states that in '2005', the doctor said he believed he was the last living doctor on earth, referring to his position as the last surviving doctor after the war. This aligns with the information provided in the question about when the doctor stated he was the last living doctor.",2005,1,1.0,1.0,0.039946737683089206,0.012903225806451613,modular,1.0
572a005f1d046914007796b8,xquad.ar,لطالما كانت الحاجة إلى فلاحي الصويا تستعمل كتعلّة للعديد من مشاريع النقل المثيرة للجدل والآخذة في التطور في الأمازون. قامت الطريقين السريعتين جعل الغابة المطرية متفتحةً وأدّت إلى زيادة في المساكن وإزالة الغابات. وأقل نسبة إزالة للغابات في السنة منذ سنة 2000 وحتى سنة 2005 (22.392 كيلومترا مربّعا أو 8.646 ميلاً مربّعاً سنويّأ) كانت أعلى بنسبة 18% من السنوات الخمس الماضية (19.018 كيلومترا مربّعا أو 7.343 ميلاً مربّعاً سنوياّ). رغم أن إزالة الغابات تراجعت بشكل كبير بمنطقة الأمازون البرازيلية ما بين سنتي 2004 و2014، إلا أنا ما فتئت تزداد حتى هذا اليوم.,ما الذي أدى إليه تمهيد تلك الطرقات في الغابة المطرية الأمازونية؟,زيادة في المساكن وإزالة الغابات,A decline in the number of trees and vegetation caused by deforestation.,"The text mentions that the number of trees and vegetation decreased since 2000-2005, indicating a decline in the number of trees and vegetation.","The passage states that 'الغابة المطرية' (the wetland area) has been reduced due to 'الزراعة السريعة' (the rapid farming activities), which led to an increase in human settlements and waste disposal, resulting in a decrease in tree cover and vegetation.","The context states that the number of trees and vegetation decreased due to deforestation, which led to an increase in the area covered by forests over time.",A decline in the number of trees and vegetation caused by deforestation.,0,0.0,0.08247422680412375,0.08841463414634143,0.03149606299212598,modular,1.0
5728eef92ca10214002daab1,xquad.ar,"‏في بعض الأحيان، يقترح الادعاء في بعض الأحيان تخفيف عقوبة العصيان المدني، كما في حالة ""كامدن 28""، حيث عرض المدعى عليهم فرصة للاعتراف بالذنب بجنحة واحدة والحكم بعدم وجود عقوبة بالسجن. في بعض حالات الاعتقال الجماعي، يقرر النشطاء استخدام تكتيكات التضامن لتأمين نفس الحكم المخفف للجميع. لكن بعض النشطاء اختاروا التماس رحمة المحكمة، بأن يقروا بأنهم مذنبون دون وجود اتفاقات التماس معمول بها. حيث أقر موهانداس غاندي بأنه مذنب وقال للمحكمة: ""أنا هنا كي... أقدم بسرور لأعلى عقوبة يمكن إلحاقها بي لما يعتبر في القانون جريمة متعمدة وما يبدو لي أنه الواجب الأسمى لأي مواطن "".",‏ما هو عادة هدف أخذ العقوبة المخفضة؟,بعدم وجود عقوبة بالسجن,A concise answer to the question,"The passage describes various methods activists might use to achieve their goal, including using reconciliation and avoiding formal agreements.","The context does not explicitly state what the aim of taking the reduced sentence is. However, it mentions that some activists chose to use tactics of reconciliation to secure their own sentence without formalizing a deal with the court.","The context states that in some cases of arrest without trial, activists use tactics like 'talking tough' to secure their own acquittal. This is mentioned as part of the broader narrative about how activists might seek leniency or avoid prosecution through these methods. The specific mention of 2005 does not contradict this information; it could be referring to a different year or another period.",A concise answer to the question,0,0.0,0.12244897959183676,0.04992657856093984,0.0,modular,1.0
57296f293f37b319004783a6,xquad.ar,تسمى خاصية الكون أولياً (أو لا) البدائية. تُعرف الطريقة البسيطة ولكن البطيئة للتحقق من أولوية رقم معين ن باسم التقسيم التجريبي.  وهو يتألف من اختبار ما إذا كانت ن مضاعفة لأي عدد صحيح بين 2 و. تم تصميم الخوارزميات الأكثر فاعلية بكثير من تقسيم التجربة لاختبار أولوية الأعداد الكبيرة. تتضمن هذه الاختبارات أوليّة ميلرâ€“ريبن، والتي تتميز بالسرعة ولكن لديها احتمال ضئيل للخطأ، و المعرفة والمهارات الأكاديمية الأوليّة، والتي تنتج دائماً الإجابة الصحيحة في وقت متعدد الحدود ولكن أيضاً بطيئة في أن تكون عملية. تتوفر طرق سريعة بشكل خاص لأعداد النماذج الخاصة ، مثل أرقام مرسين. اعتباراً من ناير 2016 [التحديث]، يحتوي أكبر عدد أولي معروف على 22،338،618 عشري.,ما هو اسم خوارزمية أخرى مفيدة للاختبار بشكل مناسب بدائية الأعداد الكبيرة؟,المعرفة والمهارات الأكاديمية الأوليّة,الخوارزمية الأكثر فعالية بكثير من تقسيم التجربة,The passage states that it 'is designed for faster testing of large numbers' and provides an example of its effectiveness in identifying prime numbers.,The context mentions that this method is more efficient than traditional trial and error.,"The context states that the algorithm was developed in 2005, which is consistent with the year mentioned in the question.",الخوارزمية الأكثر فعالية بكثير من تقسيم التجربة,0,0.0,0.45783132530120485,0.05766710353866323,0.0,modular,1.0
5725cc38ec44d21400f3d5bd,xquad.ar,﻿بدأت المعاهدات الأساسية التي تشكل الاتحاد الأوروبي انطلاقا من القواعد المشتركة المتعلقة بالفحم والفولاذ، بالإضافة إلى الطاقة الذرية، بيد أنه تم إحداث هياكل أساسية ورسمية من خلال معاهدة روما سنة 1957 ومعاهدة ماسترخت سنة 1992 (والمعروفة الآن بـ: معاهدة تشكيل الاتحاد الأوروبي). وقد تم إصدار بعض التنقيحات البسيطة بين ستينيات وسبعينيات القرن الماضي، في حين تم التوقيع على الاتفاقيات الكبرى المنقِّحة لإنهاء تطوير السوق داخلية وحيدة عبر قانون الأوروبي الوحدوي سنية 1986، ولتعزيز تنمية الوسط الاجتماعي الأوروبي من خلال معاهدة أمستردام سنة 1997، وللقيام بتنقيحات بسيطة في شأن سلطة الدول الأعضاء في مؤسسات الاتحاد الأوروبي من خلال معاهدة نيس سنة 2001 ومعاهدة لشبونة سنة 2007. انضمّت المزيد من الدول الأعضاء إلى الاتحاد الأوروبي منذ تأسيسه، وذلك من خلال معاهدات انضمام متتالية، بدأً بالمملكة المتّحدة، وأيرلندا، والدانمرك، والنرويج، في سنة 1972 (مع أن النرويج لم تنضمّ في النهاية)، واليونان سنة 1979، وإسبانيا والبرتغال سنة 1985، وأستراليا، وفنلندا، والنرويج، والسويد في سنة 1994 (مع أن النرويج أخفقت مجددا في الانضمام لقلة الدعم في الاستفتاء الشعبي)، وجمهورية التشيك، وسيبيريا، وإستونيا، وهنغاريا، ولاتيفيا، وليتوانيا، ومالطا، وسلوفاكيا، وسلوفينيا في سنة 2004، ورومانيا وبلغاريا في سنة 2007 وكرواتيا في سنة 2013. أما غرينلاند، فقد وقَّعت معاهدةً في سنة 1985 تمنحها منزلةً قانونيةً خاصة.,ما السنوات التي انضمّت فيها كل من إسبانيا والبرتغال إلى الاتحاد الأوروبي؟,سنة 1985,,,,"The context states that both Spain and Portugal joined in 1994, which is consistent with the information provided in the question.",,0,0.0,0.0,0.0,0.0,modular,0.0
57264b3edd62a815002e80ac,xquad.ar,"﻿لقد مرت المعرفة الطبية بفترة ركودٍ في العصور الوسطى. جاء أكثر بيان ذي حجية حينها من كلية الطب في باريس في تقرير لملك فرنسا إذ تعزى فيه الأمر إلى السماوات، تمثل ذلك باقتران ثلاثة كواكبٍ معاً في عام 1345 مما سبب ""وباءً عظيماً في الهواء"". أصبح هذا التقرير الأول والأكثر قبولاً على نطاقٍ واسع من ضمن سلسلة من منشورات الطاعون التي سعت لإسداء المشورة للمرضى. أصبحت النظرية المقبولة على نطاق واسع هي أن الطاعون قد نتج عن فساد الهواء. تُعرف هذه النظرية اليوم بنظرية ميازما. لم يكن لكلمة ""الطاعون"" دلالة خاصة في ذلك الزمن، فكان تفشي المرض بتكرار خلال العصور الوسطى هو ما أعطى الظاهرة الاسم الذي أصبح المصطلح الطبي لها.",ما هي النظرية الأحدث والأكثر قبولاً وراء انتشار الطاعون؟,أصبحت النظرية المقبولة على نطاق واسع هي أن الطاعون قد نتج عن فساد الهواء,نظرية ميازما,"Galileo Galilei's writings on cholera, which were published in his book 'De Materia Medica', established its existence and made it widely recognized.","The passage states that today's theory of cholera is named after Galileo Galilei, who wrote about it in his book 'De Materia Medica' (On Medicinal Materials). This indicates that the concept of cholera has been around for centuries and was known to Galileo.","The context states that the theory of miasma was widely accepted in France during the Middle Ages, which is consistent with the information provided about its prevalence in the 1340s when it was first mentioned in a royal report.",نظرية ميازما,0,0.0,0.23809523809523814,0.05737704918032782,0.0,modular,1.0
5726847f708984140094c8ae,xquad.ar,"ليندسفارن عبارة عن فرقة لموسيقى الروك الشعبي ذات علاقة وثيقة بمجتمع تاين. أعيد غناء أغنيتهم ​​الأكثر شهرة ""فوغ أون ذا تاين"" (1971) من قبل بول غاسكوين في عام 1990 وهو لاعب كرة قدم سابق من نيوكاسل أو ما يلقب بالجوردي. تشكلت فرقة فينوم في نيوكاسل عام 1979 ويرى العديد أنها كانت منشأ موسيقى البلاك ميتال وذات تأثير كبير جداً على ساحة موسيقى الإكستريم ميتال بشكلٍ عام، كما تشكلت فرقة الميتال الشعبي سكايكلاد أيضاً في نيوكاسل وغالباً ما تُعتبر أول فرقة لموسيقى الميتال الشعبي، وقد تشكلت بعد تفكك فرقة سابات لموسيقى الثراش ميتال التابعة لمارتن واكير. وُلد أندي تايلور وهو عازف الجيتار السابق لفرقة دوران دوران هنا في عام 1961. كان برايان جونسون عضواً في فرقة موسيقى الروك المحلية جوردي قبل أن يصبح المطرب الرئيسي لفرقة أيه سي\دي سي.",ما الفرقة التي غالباً ما تعتبر أول فرقة ميتال شعبي؟,سكايكلاد,,,,"The context states that the Maital Jazz Party formed in 1999, which is consistent with the information provided about the Maital Jazz Party being one of the first groups to incorporate elements from the Black Metal genre into their music. The context also mentions that this group was formed after the breakup of the earlier Maital Jazz Party group, which suggests it may be considered an early example of the Black Metal revival movement. However, without more specific details or dates for the formation year, we cannot confirm if it's exactly 1999 as stated in the question. Therefore, while the context supports the idea that it was likely the first group to incorporate elements from the Black Metal genre, we cannot definitively state its exact year of formation based on the given information.",,0,0.0,0.0,0.0,0.0,modular,0.0
572a04d51d046914007796cd,xquad.ar,‏في المقابل، تبلغ الخلايا المتمايزة الفاعلة ذروتها خلال فترات النشاط، مثل الخلايا القاتلة الطبيعية القاتلة للخلايا والخلايا اللمفاوية التائية القاتلة للخلايا، من أجل الحصول على استجابة فعالة ضد مسببات الأمراض المتطفلة. كذلك خلال أوقات النشاط، تبلغ الجزيئات المضادة للالتهابات مثل الكورتيزول والكاتيكولامينات ذروتها. هناك نوعان من النظريات حول سبب اقتصار الحالة المؤيدة للالتهابات على أوقات النوم. أولًا: قد يسبب الالتهاب إعاقات معرفية وجسدية خطيرة إذا حدث ذلك أثناء أوقات الاستيقاظ. ثانيًا: قد يحدث التهاب أثناء أوقات النوم بسبب تواجد الميلاتونين. يسبب الالتهاب قدرًا كبيرًا من الإجهاد التأكسدي ووجود الميلاتونين في أوقات النوم يمكن أن يقاوم بفعالية إنتاج الجذور الحرة خلال هذا الوقت.,‏ما هي الأمثلة على الخلايا المتمايزة الفاعلة التي تبلغ ذروتها خلال فترات الاستيقاظ؟,الخلايا القاتلة الطبيعية القاتلة للخلايا والخلايا اللمفاوية التائية القاتلة للخلايا,الخلايا القاتلة الطبيعية القاتلة للخلايا والخلايا اللمفاوية التائية القاتلة للخلايا,This sentence directly addresses the question and provides an example of what these cells do during their peak activity.,The passage states that 'خلايا المتمايزة الفاعلة' (the cells that can produce antibodies) 'تبلغ ذروتها خلال فترات النشاط، مثل الخلايا القاتلة الطبيعية القاتلة للخلايا والخلايا اللمفاوية التائية القاتلة للخلايا، من أجل الحصول على استجابة فعالة ضد مسببات الأمراض المتطفلة',"The context states that the chemoattractant effects of activated killer cells during sleep are pronounced, while the inflammatory effects occur during wakefulness.",الخلايا القاتلة الطبيعية القاتلة للخلايا والخلايا اللمفاوية التائية القاتلة للخلايا,1,1.0,1.0,0.04609475032010247,0.4028776978417266,modular,1.0
5733a32bd058e614000b5f32,xquad.ar,خصمهم المحلي، بولونيا وارسو، لديهم عدد مشجعين أقل بكثير، غير أنهم تمكنوا من الفوز ببطولة اكستراكلازا في 2000. كما فازوا ببطولة البلاد في 1946، وفازوا بالكأس مرتين أيضاً. يقع ملعب الاستقبال الخاص ببولونيا في شارع كونفيكتورسكا، على بعد 10 دقائق سيراً على الأقدام شمال المدينة القديمة. تم إنزال بولونيا من دوري الدرجة الأولى في البلاد عام 2013 بسبب وضعهم المالي الكارثي. وهم يلعبون الآن في البطولة الرابعة (المستوى الخامس في بولندا) -أدنى بطولة محترفة في هيكلة الاتحاد البولندي لكرة القدم (PZPN).,من فاز ببطولة اكستراكلازا في 2000؟,بولونيا وارسو,بولونيا,The text explicitly mentions that بولونيا وارسو فازوا ببطولة اكستراكلازا في 2000.,The passage states that بولونيا وارسو لديهم عدد مشجعين أقل بكثير، غير أنهم تمكنوا من الفوز ببطولة اكستراكلازا في 2000.,"The context states that Bologna won the 2000 World Cup in Italy, which is equivalent to winning the 1999 World Cup in Brazil. The 2000 World Cup was held in South Africa, so it's accurate that Bologna won the 2000 World Cup. ",بولونيا,0,0.6666666666666666,0.7,0.1630434782608695,0.32,modular,1.0
5727de862ca10214002d9862,xquad.ar,علم السياسة: الأمين العام للأمم المتحدة بان كي مون. القادة السياسيون الأمريكيون جون هانكوك وجون آدامز وجون كوينسي آدامز روثرفورد بيرتشارد هايز وثيودور روزفلت وفرانكلين روزفلت وجون جاك كينيدي وآل جور وجورج دبليو بوش وباراك أوباما. الرئيس الشيلي سيباستيان بينيرا. الرئيس الكولومبي خوان مانويل سانتوس. رئيس كوستاريكا خوسيه ماريا فيغيريس. الرؤساء المكسيكيون فيليبي كالديرون وكارلوس ساليناس دي غورتاري وميغيل دي لا مدريد. الرئيس المنغولي تشياغين البجدورج. رئيس بيرو اليخاندرو توليدو. الرئيس التايواني ما يينغ جيو. الحاكم العام الكندي ديفيد لويد جونستون. عضو البرلمان الهندي جايانت سينها. رئيس الوزراء الألباني فان نولي. رئيسا الوزراء الكنديين ماكنزي كينج وبيير ترودو. رئيس الوزراء اليوناني أنتونيس ساماراس. رئيس الوزراء الإسرائيلي بنيامين نتنياهو رئيسة الوزراء الباكستانية السابقة بينظير بوتو. وزير الإسكان والتنمية الحضرية شون دونوفان. الزعيم السياسي الكندي مايكل إغناتييف. عضوا الجمعية الإقليمية الباكستانية مرتضى بوتو وسنام بوتو. وزير المالية البنغلاديشي عبد المعال عبد المهيث. رئيس بونتلاند عبد الولي محمد علي. سفير الولايات المتحدة لدى الاتحاد الأوروبي أنتوني لوزاتو غاردنر.,من هو الرئيس الكوستاريكي الذي ارتاد هارفارد؟,خوسيه ماريا فيغيريس,أنتونيس ساماراس,The text mentions that 'رئيسكوستاريكا خوسيه ماريا فيغيريس' (President of Kenya Chikwawa Ismaili) was the leader of Kenya at the time.,The passage states that 'رئيسكوستاريكا خوسيه ماريا فيغيريس' (President of Kenya Chikwawa Ismaili) was the leader of Kenya at the time.,"The context states that the president of Kenya was Inua Samarasi in 2005, which matches the information provided in the question.",أنتونيس ساماراس,0,0.0,0.4705882352941176,0.0837606837606838,0.034682080924855495,modular,1.0
572685cd5951b619008f7576,xquad.ar,يعود أصل متحف فكتوريا وألبرت إلى المعرض الكبير لعام 1851 الذي شارك في تخطيطه هنري كول وهو أول مدير للمتحف؛ كان يُعرف في البداية باسم متحف المصنوعات إذ تم افتتاحه لأول مرة في أيار من عام 1852 في مارلبورو هاوس، ولكن بحلول أيلول تم نقله إلى سومرسيت هاوس. اشتملت المجموعة في هذه المرحلة على كل من الفنون والعلوم التطبيقية. تم شراء العديد من المعروضات في المعرض لتشكيل نواة المجموعة. بحلول شباط من عام 1854 كانت المناقشات جارية لنقل المتحف إلى موقعه الحالي وأعيدت تسميته باسم متحف ساوث كينزنغتون. في عام 1855 قام المهندس المعماري الألماني غوتفريت زيمبا بوضع تصميمٍ للمتحف بناءً على طلب كول، لكن مجلس التجارة رفضه لبهظ تكلفته. كان برومبتون بارك هاوس يحتل الموقع، وتم تمديده بما في ذلك قاعة المرطبات الأولى التي افتُتحت عام 1857، إذ كان المتحف الأول في العالم الذي يوفر مرافقاً كتلك.,إلى أين تم نقل  متحف فكتوريا وألبرت من موقعه الأصلي في مارلبورو هاوس؟,سومرسيت هاوس,في أيار من عام 1852 في مارلبورو هاوس,النص يذكر أن المتحف تم افتتاحه لأول مرة في أيار من عام 1852 في مارلبورو هاوس.,"The passage states that 'تم افتتاحه لأول مرة في أيار من عام 1852 في مارلبورو هاوس', which directly answers the question.","The context states that the museum was renamed from Museo del Manufacturio in 1852, which is when it moved to Sorel-Saint-Étienne. The question asks about the year of moving from Marbouaro-Haussan to Sorel-Saint-Etienne, which matches the information provided in the context.",في أيار من عام 1852 في مارلبورو هاوس,0,0.2,0.29166666666666663,0.17703349282296654,0.15286624203821658,modular,1.0
57268e2bf1498d1400e8e3b2,xquad.ar,﻿بدأت المعاهدات الأساسية التي تشكل الاتحاد الأوروبي انطلاقا من القواعد المشتركة المتعلقة بالفحم والفولاذ، بالإضافة إلى الطاقة الذرية، بيد أنه تم إحداث هياكل أساسية ورسمية من خلال معاهدة روما سنة 1957 ومعاهدة ماسترخت سنة 1992 (والمعروفة الآن بـ: معاهدة تشكيل الاتحاد الأوروبي). وقد تم إصدار بعض التنقيحات البسيطة بين ستينيات وسبعينيات القرن الماضي، في حين تم التوقيع على الاتفاقيات الكبرى المنقِّحة لإنهاء تطوير السوق داخلية وحيدة عبر قانون الأوروبي الوحدوي سنية 1986، ولتعزيز تنمية الوسط الاجتماعي الأوروبي من خلال معاهدة أمستردام سنة 1997، وللقيام بتنقيحات بسيطة في شأن سلطة الدول الأعضاء في مؤسسات الاتحاد الأوروبي من خلال معاهدة نيس سنة 2001 ومعاهدة لشبونة سنة 2007. انضمّت المزيد من الدول الأعضاء إلى الاتحاد الأوروبي منذ تأسيسه، وذلك من خلال معاهدات انضمام متتالية، بدأً بالمملكة المتّحدة، وأيرلندا، والدانمرك، والنرويج، في سنة 1972 (مع أن النرويج لم تنضمّ في النهاية)، واليونان سنة 1979، وإسبانيا والبرتغال سنة 1985، وأستراليا، وفنلندا، والنرويج، والسويد في سنة 1994 (مع أن النرويج أخفقت مجددا في الانضمام لقلة الدعم في الاستفتاء الشعبي)، وجمهورية التشيك، وسيبيريا، وإستونيا، وهنغاريا، ولاتيفيا، وليتوانيا، ومالطا، وسلوفاكيا، وسلوفينيا في سنة 2004، ورومانيا وبلغاريا في سنة 2007 وكرواتيا في سنة 2013. أما غرينلاند، فقد وقَّعت معاهدةً في سنة 1985 تمنحها منزلةً قانونيةً خاصة.,متى صدر قانون الأوروبية الوحدوية؟,سنية 1986,1986,The text mentions 'قانون الأوروبي الوحدوي سنية 1986',The passage states 'قانون الأوروبي الوحدوي سنية 1986' which directly answers the question.,"The context states that the 'Answer to check' is 1986, which matches the information provided in the question.",1986,0,0.6666666666666666,0.6153846153846154,0.05333333333333334,0.04807692307692307,modular,1.0
57296f293f37b319004783a4,xquad.ar,تسمى خاصية الكون أولياً (أو لا) البدائية. تُعرف الطريقة البسيطة ولكن البطيئة للتحقق من أولوية رقم معين ن باسم التقسيم التجريبي.  وهو يتألف من اختبار ما إذا كانت ن مضاعفة لأي عدد صحيح بين 2 و. تم تصميم الخوارزميات الأكثر فاعلية بكثير من تقسيم التجربة لاختبار أولوية الأعداد الكبيرة. تتضمن هذه الاختبارات أوليّة ميلرâ€“ريبن، والتي تتميز بالسرعة ولكن لديها احتمال ضئيل للخطأ، و المعرفة والمهارات الأكاديمية الأوليّة، والتي تنتج دائماً الإجابة الصحيحة في وقت متعدد الحدود ولكن أيضاً بطيئة في أن تكون عملية. تتوفر طرق سريعة بشكل خاص لأعداد النماذج الخاصة ، مثل أرقام مرسين. اعتباراً من ناير 2016 [التحديث]، يحتوي أكبر عدد أولي معروف على 22،338،618 عشري.,ما هو اسم العملية التي تؤكد أولوية العدد ن؟,التقسيم التجريبي,تقسيم التجربة,The passage mentions that this method involves dividing the number into two parts: the first part being divisible by 2 and the second part being greater than or equal to 2.,"The context explicitly states that 'البدائية' means 'the simple but slow way of checking priority numbers', which refers to the process of dividing the number into smaller parts for easier comparison.","The context states that the first operation in the process of determining the order of numbers is the division by 2, which is equivalent to dividing by 1999. The answer provided uses 2005 as the reference year, so this aligns with the information given in the context.",تقسيم التجربة,0,0.0,0.8275862068965517,0.07969151670951158,0.014925373134328358,modular,1.0
57309ef18ab72b1400f9c603,xquad.ar,إن الترابط بين الرأسمالية والأرستقراطية  والإمبريالية كان لفترة طويلة محل نقاش بين المؤرخين والمنظرين السياسيين. وقد كان طليعة الكثير من هذا النقاش منظرون مثل ج. أ. هوبسون (1858 - 1940) وجوزيف شومبيتر (1883 - 1950) وثورستين فيبلن (1857 - 1929) ونورمان آنجل (1872 - 1967). وبينما كان هؤلاء الكتاب غير الماركسيين في ذروة انتاجهم الأدبي قبل الحرب العالمية الأولى، إلا أنهم ظلوا نشطين في سنوات ما بين الحربين. وقد أضاف مجموع أعمالهم إلى دراسة الإمبريالية وتأثيرها على أوروبا، كما ساهم في تأملات في صعود المجمع العسكري - السياسي في الولايات المتحدة في الخمسينات 1950. وقد جادل هوبسون بأن الإصلاحات الاجتماعية الداخلية يمكن أن تعالج المرض المرض الدولي للإمبريالية عن طريق إزالة أساسها الاقتصادي. فقد قدم هوبسون نظرية تقول أن تدخل الدولة من خلال الضرائب يمكن أن يعزز الاستهلاك على نطاق أوسع، وأن يخلق الثروة، وأن يشجع عل قيام نظام عالمي مسالم ومتسامح ومتعدد الأقطاب.,جادل هوبسون أن الإمبريالية كانت ماذا على المستوى الدولي؟,المرض,,,,"The context states that Hobbster's argument was made in 1999, which is consistent with the information provided in the question.",,0,0.0,0.0,0.0,0.0,modular,0.0
5726da89dd62a815002e92b3,xquad.ar,‏يعتبر فني الصيدلة في المملكة المتحدة أخصائي رعاية صحية وغالبًا لا يعمل تحت إشراف مباشر من صيدلي (إذا كان يعمل في صيدلية في المستشفى) ولكن بدلًا من ذلك يتم الإشراف عليه وإدارته من قبل فنيي صيدلة كبار السن. نمى دور فنيي الصيدلة في المملكة المتحدة وتم نقل المسؤولية إليهم لإدارة قسم الصيدلة والمجالات المتخصصة في ممارسة الصيدلة مما يتيح للصيادلة الوقت للتخصص في مجالاتهم التخصصية حيث يقضي مستشارو الأدوية المزيد من وقت العمل مع المرضى وفي البحث. يجب أن يسجل فني الصيدلة كأخصائي في سجل الهيئة الصيدلية العامة حال تأهيله. وتعتبر الهيئة الصيدلية العامة الهيئة الحاكمة لأخصائيي الرعاية الصحية الصيدلية وذلك الذي ينظم ممارسة الصيادلة وفنيي الصيدلة.,‏ما هي الهيئة التي يجب تسجيل فني الصيدلة فيها؟,سجل الهيئة الصيدلية العامة,الهيئة الصيدلية العامة,The passage mentions that 'هيئة الصيدلية العامة' (General Pharmaceutical Services Authority) is responsible for overseeing the practice of medicine and providing guidance to healthcare providers.,The context explicitly states that 'هيئة الصيدلية العامة' (the General Pharmaceutical Services Authority) is the highest authority for managing and regulating healthcare professionals in England.,"The context states that the 'Answer to check' is for the 'HSE' (Health and Safety Executive), which is an independent body responsible for enforcing health and safety regulations in the UK. The question asks about the 'HSE' as it pertains to the role of an EY (Elderly Worker) in healthcare settings, specifically regarding their responsibilities and qualifications. Therefore, the correct answer should be HSE, not HSE General Services. However, since the context mentions the 'HSE' directly, we can infer that the answer would be HSE. ",الهيئة الصيدلية العامة,0,0.8571428571428571,0.9166666666666665,0.10061349693251531,0.031007751937984492,modular,1.0
572fcc43b2c2fd140056847f,xquad.ar,المسائل المحفوظة هي الموضوعات التي هي خارج نطاق السلطة التشريعية لبرلمان اسكتلندا. البرلمان  الاسكتلندي غير قادر على إصدار تشريعات بشأن القضايا المحجوزة والتعامل معها، وستمنستر (وحيث تقع الوظائف الوزارية عادةً مع وزراء حكومة المملكة المتحدة). ويشمل ذلك الإجهاض وسياسة البث والخدمة المدنية والأسواق المشتركة للسلع والخدمات في المملكة المتحدة والدستور والكهرباء والفحم والنفط والغاز والطاقة النووية والدفاع والأمن القومي وسياسة الأدوية والتوظيف والسياسة الخارجية والعلاقات مع أوروبا معظم جوانب سلامة النقل والتنظيم واليانصيب الوطني وحماية الحدود والضمان الاجتماعي واستقرار النظام المالي والاقتصادي والنقدي في المملكة المتحدة.,أين يتم تشريع قضايا مثل الإجهاض وسياسة الأدوية؟,وستمنستر,Africa,الإجابة الأكثر دقة من خلال استنتاج أن هذه القضايا تتعلق بال-abortion وال Pharmaceuticals.,The passage states that 'المسائل المحفوظة' include topics like abortion and pharmaceuticals.,"The context states that the Scottish Parliament is unable to legislate on abortion and pharmaceutical policies due to its inability to exercise legislative authority over these issues. The answer provides specific examples of these areas, such as abortion and pharmaceutical regulations in the UK. Therefore, the information in the context supports the claim that Scotland's parliament deals with these topics outside of parliamentary jurisdiction. ",Africa,0,0.0,0.0,0.15362731152204834,0.04123711340206186,modular,1.0
5728d63c4b864d1900164f1a,xquad.ar,"‏في أعقاب مذبحة بيترلو في عام 1819، كتب الشاعر بيرسي شيلي القصيدة السياسية ""قناع الفوضى"" في وقت لاحق من ذلك العام، والتي تبدأ مع صور ما يعتقد أنه أشكال غير عادلة للسلطة من زمانه، ثم يتخيل التحركات نحو شكل جديد من أشكال العمل الاجتماعي. ربما تكون أول عبارة [غامضة] حديثة عن مبدأ المظاهرات السلمية. قام المؤلف هنري ديفد ثورو بنسخها في مقالته ""العصيان المدني""، ثم في وقت لاحق اقتبس منها غاندي في عقيدة ساتياغراها. تأثرت فلسفة غاندي ساتياغراها جزئياً واستلهمت من أفكار شيلي في التظاهرات السلمية والعمل السياسي. ومن المعروف خصوصًا أن غاندي كان يقتبس غالبًا من قصيدة قناع الفوضى لشيلي لجماهير واسعة خلال حملته للحصول على هند حرة.",‏ما هو المبدأ الموضح في قصيدة قناع الفوضى؟,المظاهرات السلمية,المبدأ المحدد في قصيدة قناع الفوضى هو أن كل شخص يجب أن يكون له حق في المشاركة في الحياة社会، وأن هذا الحق يمكن تحقيقه من خلال التظاهرات السلمية.,The context quotes the poet's words: 'أشكال غير عادلة للسلطة من زمانه، ثم يتخيل التحركات نحو شكل جديد من أشكال العمل الاجتماعي',The context provides an example of a political poem called 'قناع الفوضى' written by Bézier Joli in 1819. It describes a society where power is divided into different classes and individuals have no say in what happens in their lives. The poet argues that everyone should be able to participate in politics and that this can only be achieved through peaceful protests and demonstrations.,"The context states that in 1819, Bézier wrote 'Charming Factions', which is an early version of the quote about peaceful protests. The context also mentions that Hénon de Sainte-Pierre copied this idea from Bézier's work. Therefore, it can be inferred that the original quote was written around 1819.",المبدأ المحدد في قصيدة قناع الفوضى هو أن كل شخص يجب أن يكون له حق في المشاركة في الحياة社会، وأن هذا الحق يمكن تحقيقه من خلال التظاهرات السلمية.,0,0.06666666666666667,0.2165605095541401,0.25591098748261476,0.03571428571428572,modular,1.0
572fadcbb2c2fd140056832c,xquad.ar,بموجب أحكام قانون اسكتلندا لعام 1978، سيتم تشكيل جمعية مُنتَخَبَة في أدنبره بشرط أن تكون غالبية من الناخبين الاسكتلنديين صوتت لصالحها في استفتاء يُعقد في 1 مارس 1979 يمثل 40٪ على الأقل من مجموع الناخبين. استفتاء انتقال السلطة الاسكتلندي عام 1979 لإنشاء الجمعية الاسكتلندية المنقولة فشل. على الرغم من أن التصويت كان 51.6٪ لصالح الجمعية الاسكتلندية، فإن هذا الرقم لم يساوي 40٪ من إجمالي عتبة الناخبين الذي يُعتَبر ضرورياً لاجتياز التدبير، لأن 32.9٪ من الناخبين المؤهلين للتصويت لم يصوتوا، أو لم يتمكنوا من التصويت.,ما هي النسبة المئوية من التصويت لصالح الجمعية الاسكتلندية؟,51.6٪,40%,The passage explicitly mentions that 40% of the total votes were for the Association of Scotland (AS).,"The context states that 40% of the total votes were for the Association of Scotland (AS), which represents at least 40% of the eligible voters.","The context states that the 1979 election resulted in 51.6% of the votes for the Association of Scotland, which is exactly 40% of the total electorate. This aligns with the 40% threshold mentioned in the question.",40%,0,0.0,0.0,0.05872193436960272,0.03809523809523809,modular,1.0
57284d484b864d1900164902,xquad.ar,بعد أربعينات القرن الماضي، بدأ النمط القوطي في الحرم الجامعي في إفساح المجال للأساليب الحديثة. في عام 1955، تم التعاقد مع إيرو سارنين لوضع خطة رئيسية ثانية، والتي أدت إلى تشييد المباني في كل من شمال وجنوب الطريق الأوسط، بما في ذلك مربع قانون ليرد بيل (مجمع صممه سارنين)؛ سلسلة من المباني الفنية؛ مبنى صممه لودفيج ميس فان دير روه لمدرسة الجامعية لإدارة الخدمة الاجتماعية؛ وهو مبنى سيصبح مقر مدرسة هاريس لدراسات السياسة العامة من قِبَل إدوارد دوريل ستون، ومكتبة ريجنشتاين، أكبر مبنى في الحرم الجامعي، وهو هيكل وحشي صممه والتر نيتش من شركة شيكاغو سكيدمور، أوينغس وميريل. خطة رئيسية أخرى، تم تصميمها في عام 1999 وتم تحديثها في عام 2004، أنتجت مركز جيرالد راتنر لألعاب القوى (2003)، و مُشاعات بالفسكاي الداخلية (2001) وقاعة إقامة الحرم الجنوبي ومُشاعات الطعام (2009)، مستشفى أطفال جديد، وغيرها من الأبنية والتوسعات والترميمات. في عام 2011 ، أكملت الجامعة مكتبة جوي وريكا مانسيتو التي على شكل قبة زجاجية، والتي توفر غرفة قراءة كبيرة لمكتبة الجامعة وتمنع الحاجة إلى إيداع الكتب خارج الحرم الجامعي.,ما هي الإدارة التي صمَّمَ لها لودفيج ميس فان دير روه بناء؟,الجامعية لإدارة الخدمة الاجتماعية,Aude Davis,The text mentions that 'هاريس لدراسات السياسة العامة' was the largest building in the university's complex and became its headquarters in 2001.,The passage states that 'هاريس لدراسات السياسة العامة' became the headquarters of the university in 2001.,"The context states that the 1999 plan was updated in 2004, so it is reasonable to assume that the 2005 plan would have been completed as well.",Aude Davis,0,0.0,0.04651162790697672,0.0903225806451613,0.05555555555555556,modular,1.0
5729e2316aef0514001550c7,xquad.ar,"إن غابة الأمازون المطيرة (بالبتغالية:  Floresta Amazônicaأو Amazônia، وبالإسبانية: Selva Amazónica، أو Amazonía أو عادةً ما تكون Amazonia، وبالفرنسية: Forêt amazonienne، وبالألمانية: Amazoneregenwoud)، كما تعرف أيضاً بالإنقليزية بــAmazonia أو غابة الأمازون، هي غابة رطبة ذات غطاء نباتي كثيف يغطي معظم حوض الأمازون بأمريكا الجنوبية. يغطي هذا الحوض 7,000,000 كيلومتراً مربّعاً (2.70 ميلا مربعا)، منها 5,500,000 كيلومتراً مربّعاً تغطيها الغابة المطيرة. وتتضمن هذه المنطقة أراضٍ تابعة لـ تسع دول. وتقع جل الغابة المطيرة في داخل البرازيل بنسبة 60%، تليها البرو بنسبة 13%، وكولوبيا بنسبة 10%، ثم بنسب صغيرة في فنزويلا والإيكوادور، وبوليلفيا، وغيانا وسورينيم، وغيانا الفرنسية. ثمة ولايات أو أقسام في أربع دول تحمل عبارة ""أمازون"" بأسمائها. يمثل الأمازون أكثر من نصف غابات الكوكب المتبقّية، وهو المكان تنوعاً بيولوجيّاً وأكبر غابة مطيرة استوائية في العالم، بعدد أشجار يقدّر ب 390 بليون شجرة تنقسم إلى 16,000 نوعاً.",ما هي الدولة التي تحوي معظم غابة الأمازون؟,البرازيل,برازيل,The text mentions that 'الغابة المطيرة' (the forest) belong to 'تسع دول',The passage states that 'هذه المنطقة أراضٍ تابعة لـ تسع دول' which means this area belongs to eight countries.,"The context states that Brazil is the country that contains the majority of the Amazon rainforest, which is confirmed in the given information.",برازيل,0,0.0,0.8571428571428572,0.08571428571428574,0.0915032679738562,modular,1.0
57338007d058e614000b5bda,xquad.ar,"طوال تاريخها، كانت وارسو مدينة متعددة الثقافات. وفقًا لإحصاء 1901، كان من بين 711.988 من السكان 56,2٪ من الكاثوليك و 35,7٪ من اليهود و 5٪ من المسيحيين الأرثوذكس اليونانيين و 2,8٪ من البروتستانت. بعد ثماني سنوات، في عام 1909، كان هناك 281.754 يهودياً (36,9٪) و 18.189 بروتستانت (2,4٪) و 2818 مارياوياً (0,4٪). وقد أدى هذا إلى بناء مئات أماكن العبادة الدينية في جميع أنحاء المدينة. تم تدمير معظمها في أعقاب انتفاضة وارسو في 1944. بعد الحرب، لم تشجع السلطات الشيوعية الجديدة في بولندا بناء الكنائس ولم يتم إعادة بناء سوى عدد قليل منها.",ما نوع المدينة التي كانت وارسو طوال تاريخها كمدينة؟,متعددة الثقافات,متعددة الثقافات,"The passage provides specific data about the demographics of the city's population, including Catholicism, Jewishness, Muslim majority, and Protestant minority.","The passage states that 'السكان' (the population) was 711,988 in 1901 and 56,2% of them were Catholics, 35,7% were Jews, 5% were Muslims, and 2,8% were Protestants. This indicates that the city had a diverse religious population.","The context states that 'ال Ville de Vars' was in existence from 1901 until 1944, during which time it had a diverse population of Christians, Jews, Muslims, and Orthodox Jews. The question asks about the type of city, and based on this information, we can conclude that the correct answer is 'متعددة الثقافات'.",متعددة الثقافات,1,1.0,1.0,0.056250000000000015,0.1111111111111111,modular,1.0
5726e37ef1498d1400e8eeda,xquad.ar,"مجموعة الأزياء هي الأكثر شمولاً في بريطانيا، إذ تحتوي على أكثر من 14,000 لباسٍ بالإضافة إلى الإكسسوارات، يعود أصل معظمها من عام 1600 إلى الوقت الحاضر. عادةً ما يتم الاحتفاظ برسومات الأزياء ودفاتر التصميم وغيرها من الأعمال على الورق في قسم الكلمات والصور. نظرًا لأن الملابس اليومية من العصور السابقة لم تنج عبر الزمن بشكل عام، فإن أغلبية المجموعة تتكون من ملابس أنيقة قد صُنعت للمناسبات الخاصة. ظهر أحد أول الإهداءات البارزة للأزياء عام 1913 عندما تلقى متحف فكتوريا وألبرت مجموعة  تالبوت هيوز التي تحتوي على 1,442 من الأزياء والقطع هديةً من هارودز بعد عرضها في المتجر القريب.",لماذا تغلب الملابس الأنيقة للمناسبات الخاصة على المجموعة؟,نظرًا لأن الملابس اليومية من العصور السابقة لم تنج عبر الزمن بشكل عام,A concise answer to the question,The passage mentions that many of the items in the collection date back to the 16th century and have remained unchanged over time.,The context states that most of the items in the collection were made during the 16th century and have remained unchanged since then. This makes it easier for people to remember and appreciate the beauty of these specific pieces.,"The context states that the majority of the collection is made up of elegant garments for special occasions, indicating that these items were often kept in high-quality condition due to their historical significance and importance in fashion history.",A concise answer to the question,0,0.0,0.08421052631578953,0.06814814814814818,0.0,modular,1.0
57273e50dd62a815002e9a04,xquad.ar,سجل الأخبار الهندسية عبارة عن مجلة تجارية لصناعة البناء والتشييد. تقوم مجلة سجل الأخبار الهندسية في كل عام بتجميع وإعداد تقارير حول حجم شركات التصميم والبناء. حيث تنشر قائمة بأكبر الشركات في الولايات المتحدة (أكبر 40 شركة) وأيضًا قائمة أكبر الشركات العالمية (أكبر250 شركة، حسب حجم العمل الذي يقومون به خارج بلدهم الأم). في عام 2014، جمعت مجلة سجل الأخبار الهندسية البيانات من تسعة قطاعات من قطاعات السوق. وتم تقسيمها على الشكل التالي: النقل، البترول، البناء، الطاقة، الصناعة، المياه، التصنيع، الصرف الصحي\النفايات، الاتصالات، النفايات الخطرة بالإضافة إلى فئة عاشرة وتشمل المشاريع الأخرى. في تقاريرها عن أفضل 400 شركة، استخدمت بيانات متعلقة بالنقل والصرف الصحي والنفايات الخطرة والمياه لتصنيف الشركات كمقاولين كبار.,‏في أي عام جمعت مجلة سجل الأخبار الهندسية البيانات في تسعة قطاعات من السوق؟,2014,2014,The passage mentions that 'المجلة سجل الأخبار الهندسية' gathered data from 'تسعة قطاعات من قطاعات السوق',"The context states that in the year 2014, 'المجلة سجل الأخبار الهندسية' collected data from nine sectors of the market.","The context states that in 2014, it gathered data from nine sectors of the market, including transportation, energy, construction, water supply, sanitation, waste management, telecommunications, environmental protection, and hazardous waste disposal. This information is consistent with the year mentioned in the question.",2014,1,1.0,1.0,0.15541401273885347,0.0625,modular,1.0
572fcc43b2c2fd140056847e,xquad.ar,المسائل المحفوظة هي الموضوعات التي هي خارج نطاق السلطة التشريعية لبرلمان اسكتلندا. البرلمان  الاسكتلندي غير قادر على إصدار تشريعات بشأن القضايا المحجوزة والتعامل معها، وستمنستر (وحيث تقع الوظائف الوزارية عادةً مع وزراء حكومة المملكة المتحدة). ويشمل ذلك الإجهاض وسياسة البث والخدمة المدنية والأسواق المشتركة للسلع والخدمات في المملكة المتحدة والدستور والكهرباء والفحم والنفط والغاز والطاقة النووية والدفاع والأمن القومي وسياسة الأدوية والتوظيف والسياسة الخارجية والعلاقات مع أوروبا معظم جوانب سلامة النقل والتنظيم واليانصيب الوطني وحماية الحدود والضمان الاجتماعي واستقرار النظام المالي والاقتصادي والنقدي في المملكة المتحدة.,القضايا التي يتم تناولها في وستمنستر مَن هو القادر على التعامل معها؟,البرلمان  الاسكتلندي,برلمان اسكتلندا,The relevant sentence: 'برلمان اسكتلندا غير قادر على إصدار تشريعات بشأن القضايا المحجوزة والتعامل معها',The passage states that 'برلمان اسكتلندا غير قادر على إصدار تشريعات بشأن القضايا المحجوزة والتعامل معها'. This directly indicates that Parliament in Scotland has no authority to deal with matters that fall outside its legislative jurisdiction.,"The context states that the Parliament of Scotland is responsible for handling matters outside its legislative powers, including abortion, policy on broadcasting, healthcare services, energy production, defense, safety, national security, monetary stability, border management, social welfare, and economic and financial policies in Scotland. This aligns with the information provided in the question.",برلمان اسكتلندا,0,0.0,0.8,0.2247191011235955,0.18181818181818182,modular,1.0
5725c337271a42140099d166,xquad.ar,"تُعَدّ كل المشطيات تقريباً ضارية، فهي تقتات على فرائس متنوعة من اليرقات المجهرية إلى الحيوانات الدولابية، وحتى القشريات الصغيرة البالغة، أما الاستثناءات فهي نوعين ناشئين يعيشان كفطريات على السالبيات التي تقتات عليها الأنواع البالغة منها. يمكن للمشطيات في أفضل الظروف أن تأكل عشرة أضعاف وزنها في اليوم. وقدتم التعريف فقط 100-150 نوعا، هناك تقريبا 25 نوعا آخر لم يتم تعريفه وتسميته. ومن أمثلة مشطيات البحر الموجودة في الكتاب هناك ذوات الجسم البيضاوي وع زوج من المجسات القابلة للانكماش وهي تهدّبها المويجسات (""مجسّات صغيرة"") تغطيها مولدات المادة الغروية، وهي خلايا تلتصق بالفريسة لتثبيتها. أما الشعبة فبها العديد من الأشكال البدنية مثل نوغ بليتيتسنيدا المسطّحة والكائنة في أعماق البحر، ويفتقر البالغون من هذا النوع إلى الثقوب، نوع البروادا التي ليس لها مجسات وتقتات على المشطيات الأخرى باستعمال فم كبير مزود بمجموعة من الأهداب المتصلبة التي تعمل عمل الأسنان. وتمكن هذا الاختلافات الأنواع المتعددة من التكاثر بشكل كبير وفي نفس المنطقة، فلكل من هذه الأنواع فرائس مختلفة والتي تختلف طريقة صيدها كاختلاف طريقة صيد العناكب لفرائسها.",ما الشيء الذي لا تملكه فصيلة البروادا الساحلية والذي تملكه أنواع أخرى من المشطيات؟,مجسات,African sea snails,"The passage mentions that 'الشعبة' (the African sea snails) have several body shapes and sizes, including nontubby and knotty shells, which differ in their hunting methods.","The passage states that 'الشعبة' (the African sea snails) have many different types of bodies like nontubby and knotty shells in the ocean, which differ in their methods of hunting for mollusks.","The context states that there were 1999 species of African sea snails in 2005, while the answer claims 2005 is for 2014. The information provided in the context directly supports this claim.",African sea snails,0,0.0,0.0,0.051903114186851236,0.010416666666666666,modular,1.0
57114667a58dae1900cd6d82,xquad.ar,الأداة الأكثر فائدة من أجل تحليل أداء المحركات البخارية هي مؤشر المحرك البخاري. لقد كانت الإصدارات الأولى مستخدمة بواسطة 1851، لكن تم تطوير المؤشر الأكثر نجاحاً من أجل مخترع وصانع المحرك عالي السرعة تشارلز بورتر بواسطة تشارلز ريتشارد وعرضه في معرض لندن في عام 1862. يقوم مؤشر المحرك البخاري بتتبع الضغط على الورق في الأسطوانة طوال الدورة، والتي من الممكن استخدامها لاكتشاف المشكلات المختلفة وحساب القوة الحصانية المتقدمة. تم استخدام ذلك بشكلٍ روتيني من قِبل المهندسين والميكانيكيين ومفتشي التأمين. وكذلك من الممكن استخدام مؤشر المحرك في محركات الاحتراق الداخلي. انظر صورة الرسم البياني للمؤشر أدناه (في قسم أنواع وحدات المحركات).,ما هي الشركة التي طورت مؤشر المحرك البخاري الأكثر نجاحاً؟,تشارلز بورتر,شركة شارلز بورتر,ال quotation: 'قام مؤشر المحرك البخاري بتتبع الضغط على الورق في الأسطوانة طوال الدورة، والتي من الممكن استخدامها لاكتشاف المشكلات المختلفة وحساب القوة الحصانية المتقدمة',The context states that 'تم تطوير المؤشر الأكثر نجاحاً من أجل مخترع وصانع المحرك عالي السرعة تشارلز بورتر'.,"The context states that the first version of the indicator was developed in 1862, which aligns with the year mentioned in the question (2005).",شركة شارلز بورتر,0,0.4,0.7857142857142857,0.3994878361075544,0.23931623931623933,modular,1.0
570610b275f01819005e792c,xquad.ar,تحوي كاليفورنيا الجنوبية مطار لوس أنجلس الدولي ، وهو ثاني أكثر المطارات نشاطاً في الولايات المتحدة حسب عدد المسافرين (انظر حركة المطارات الأكثر نشاطاً من حيث حركة المسافرين) وهو الثالث من حيث الحركة الدولية للمسافرين  (انظر أكثر المطارات نشاطاً في الولايات المتحدة من حيث الحركة الدولية للمسافرين). أما مطار سان دييغو الدولي فهو المطار أحادي المدرج الأكثر نشاطاً في العالم. ومطار فان نويس فهو أكثر مطارات الطيران العمومي نشاطاً في العالم. كما توجد مطارات تجارية هامة بإقليم أورينج وبيكرزفيلد وأونتاريو وبربانك ولونغ بيتش ومطارات صغيرة أخرى للتجارة والطيران العمومي.,أي مرتبة يحتلها مطار لوس أنجلس الدولي من حيث النشاط والحركة الدولية للمسافرين؟,الثالث من حيث الحركة الدولية للمسافرين,3,الصورة التي تم إنشاؤها بواسطة Alibaba Cloud هي واحدة من أفضل الصور للمطار.,The context states that مطار لوس أنجلس الدولي هو الثالث من حيث الحركة الدولية للمسافرين.,"The context states that LAX is the second most active airport in terms of international traffic, while the answer claims it's third globally for both international and domestic traffic. The discrepancy suggests that the context might be referring to an earlier year or a different airport.",3,0,0.0,0.0,0.16666666666666663,0.19607843137254902,modular,1.0
5725fe63ec44d21400f3d7de,xquad.ar,تعتبر فريسنو المدينة الأمريكية الأكبر التي لا ترتبط مباشرةً بطريق سريعة بين الولايات. تم إحداث نظام الطرق السريعة الرابطة للولايات في الخمسينيات، قد تم اتخاذ قرار بناء ما بات يعرف بإنترستايت 5 على الجانب الغربي بالمركزي، مما يسمح بتجاوز العديد من التركزات السكانية في المنطقة بدلا عن تطوير ما صار يعرف بـ: الطريق الوطنية 99. وبسبب النمو المطرد للسكان والازدحام بالمدن على طول ط. و. 99 ونظراً للرغبة في التمويل الاتحادي، فقد كان هناك نقاش كثير حول تطويرها وفقا لمعايير ما بين الولايات حتى يتم دمجها في النظام ما بين الولايات، والذي يرجح تسميته بإنترستايت 9. يجرى حاليا القيام بتحسينات على علامات الطريق، وسمك المسارب، والفصل التوسطي، والتفاوت الرأسي وغيرها من الأمور.,ما السنة التي تم فيها إحداث نظام الطرق ما بين الولايات؟,الخمسينيات,السبعينيات,الصورة 2 في الصفحة الرئيسية من المقالة التي تشير إلى أن هذا النظام تم إنشاؤه في السبعينيات.,The passage states that 'تم إحداث نظام الطرق السريعة الرابطة للولايات في الخمسينيات' (تم إحداث نظام الطرق السريعة الرابطة للولايات في السبعينيات). This indicates that the system was established in the 1970s.,"The context states that the system of connecting highways between the United States was established in the 1970s (SIXTY), which aligns with the year 2005 mentioned in the answer.",السبعينيات,0,0.0,0.8,0.19999999999999996,0.15602836879432624,modular,1.0
5726bf325951b619008f7cff,xquad.ar,"تشمل مجموعات الشرق الأقصى أكثر من 70,000 من الأعمال الفنية من بلدان شرق آسيا: الصين واليابان وكوريا. افتُتح معرض تي تي تسوي للفن الصيني عام 1991، حيث عرض مجموعة نموذجية مما يقارب 16,000 قطعة من الصين لدى متحف فكتوريا وألبرت، والتي يتراوح أصلها من الألفية الرابعة قبل الميلاد وحتى يومنا هذا. على الرغم من أن معظم الأعمال الفنية المعروضة يعود أصلها إلى السلالتين الحاكمتين مينغ وتشينغ إلّا أن هنالك أمثلة بديعة على قطع يعود أصلها إلى عهد سلالة تانغ والفترات السابقة لها. الجدير بالذكر أن هنالك رأس بوذا برونزي يبلغ ارتفاعه متر واحد يعود إلى عام 750 بعد الميلاد، وأحد أقدم القطع هو رأس حصان يشميّ من مدفنٍ عمره ألفي عام، وتشمل التماثيل الأخرى حرّاس قبورٍ بالحجم الحقيقي. تُعرض أمثلة كلاسيكية على التصنيع الصيني تشمل الورنيش والحرير والخزف واليشم والطلاء الزخرفي المصاغ بطريقة الكلوازونيه. يعود أصل لوحتين سلفيتين كبيرتين لزوج وزوجة رسمتا بالألوان المائية على الحرير إلى القرن الثامن عشر. هنالك طاولة صينية مطلية بالورنيش فريدة من نوعها صنعت في ورَش الإمبراطورية خلال عهد الإمبراطور شوان من سلالة مينغ الحاكمة. تُعرض أمثلة على الملابس أيضاً. إحدى أكبر القطع حجماً هي سريرٍ من منتصف القرن السابع عشر. تُعرض كذلك أعمال مصممين صينيين معاصرين.",ما اسم المعرض المخصص للفن الصيني؟,تي تي تسوي,معرض تي تي تسوي,The passage mentions that 'معرض تي تي تسوي' (معرض تي تي تسوي) opened in 1991 and was one of the first major exhibitions of Chinese art in Europe.,The context explicitly states that 'معرض تي تي تسوي' (معرض تي تي تسوي) is the name of the exhibition dedicated to Chinese art.,"The context states that the exhibition opened in 1991, which matches the year mentioned in the answer.",معرض تي تي تسوي,0,0.8571428571428571,0.8,0.08077544426494343,0.03773584905660377,modular,1.0
57111380a58dae1900cd6bd7,xquad.ar,الأسلاف الآخرون للكنيسة البروتستانتية المؤيدين للإصلاح الديني والكاثوليك الرومان أتباع الغليكانية، مثل جاك لوفيفر (c. 1455–1536). حقق الغاليانيون لفترة وجيزة استقلال الكنيسة الفرنسية، على أساس مبدأ أن دين فرنسا لا يمكن أن يتحكم به أسقف روما، وهي قوة أجنبية. وخلال الإصلاح البروتستانتي، نشر لوفيفر، الأستاذ بجامعة باريس ترجمته الفرنسية للعهد الجديد في عام 1523، تبعه الكتاب المقدس بالكامل بالفرنسية في 1530. كان ويليام فاريل طالباً في جامعة لوفيفر والذي واصل ليصبح قائداً للإصلاح الديني السويسري، وقد أسس حكومة بروتستانتية في جنيف. جان كوفين (جون كالفن)، طالب آخر في جامعة باريس، تحوّل إلى البروتستانتية كذلك. بعد مضي مدة طويلة من قيام فرانسيس الأول بقمع الطائفة من قبل فرانسيس، سعى باقي الولدينيسيون الفرنسيين، معظمهم في منطقة لوبيرون، للانضمام إلى ويليام فاريل وكالفن وحركة الإصلاح الديني، وأوليفتان نشر لهم كتاباً بالفرنسية. ويظهر الاعتراف الفرنسي عام 1559 تأثير كالفيني بالتأكيد. وفي وقت ما بين عامي 1550 و1580، أصبح يُعرف أعضاء الكنيسة البروتستانتية في فرنسا باسم الهوغونوت.[بحاجة لمصدر],أين قام هذا القائد المؤيد للإصلاح الديني بالتدريس؟,الأستاذ بجامعة باريس,الغاليانيون,The text mentions that 'الغاليانيون' were 'أتباع الغليكانية، مثل جاك لوفيفر (c. 1455–1536)',The passage states that 'حقق الغاليانيون لفترة وجيزة استقلال الكنيسة الفرنسية، على أساس مبدأ أن دين فرنسا لا يمكن أن يتحكم به أسقف روما، وهي قوة أجنبية',"The context states that the reformers of the Reformation, including Pius V, taught in Paris from 1523 until 1530. This aligns with the information provided in the question about the French reformer Jean de La Fontaine teaching in Paris.",الغاليانيون,0,0.0,0.32258064516129037,0.10831721470019338,0.2569832402234637,modular,1.0
57286951ff5b5019007da20f,xquad.ar,"في مجال الأعمال التجارية، من بين الخريجين البارزين الرئيس التنفيذي لشركة مايكروسوفت ساتيا ناديلا ومؤسس شركة ""أوراكل"" وثالث أغنى رجل في أمريكا لاري إليسون وجولدمان ساكس والرئيس التنفيذي ل""إم إف جلوبال"" وكذلك حاكم نيوجرسي السابق جون كورزين، مؤسس شركة ""ماكينزي وشركاؤه"" ومؤلف أول كتاب تدريبي للمحاسبة الإدارية جيمس أو. ماكينزي وأرلي د. كاثي والرئيس التنفيذي ل""بلومبيرج إل.بي”. دانييل دكتوروف والرئيس التنفيذي لبنك كريدي سويس برادي دوغان والمؤسس والمدير التنفيذي لشركة مورنينج ستارجو مانسويتو ومالك ورئيس ""شيكاغو كوبس"" توماس إس ريكيتس ومُفَوَّض الرابطة الوطنية لكرة السلة آدم سيلفر.",من الذي كان مؤسس شركة أوراكل؟,لاري إليسون,أولاً,أوراكل was described as the second richest person in America according to the given information.,The passage states that 'أوراكل' was 'ثانية أغنى رجل في أمريكا'. This directly indicates that it was the second wealthiest person in America.,"The context states that أوراكل was founded in 2005, while the answer claims it was founded in 2003. The discrepancy is due to the year being different.",أولاً,0,0.0,0.2666666666666667,0.0619195046439629,0.0925925925925926,modular,1.0
57378c9b1c456719005744aa,xquad.ar,من خلال الجمع بين تعريف التيار الكهربائي كمعدل زمني لتغير الشحنة الكهربائية، تصف قاعدة جداء الأشعة المسماة قانون لورنتز القوة المحمولة على شحنة تتحرك في مجال مغناطيسي. ويسمح الاتصال بين الكهرباء والمغناطيسية بوصف قوة كهرومغناطيسية موحدة تؤثر على الشحنة. ويمكن كتابة هذه القوة كمجموع للقوة الكهروستاتيكية القوة الكهروستاتيكية (بسبب الحقل الكهربائي) والقوة المغناطيسية (بسبب المجال المغناطيسي). هذا هو القانون مذكوراً بالكامل:,القوة الكهرستاتيكية والمغناطيسية مكتوبتان كمجموع ماذا؟,القوة الكهروستاتيكية,A concise answer to the question,The context states that the law of conservation of energy applies to both kinetic and potential energies separately.,"The context provides two separate definitions of the law of conservation of energy: one for the kinetic energy and another for the potential energy. The first definition uses the term 'force' while the second uses the term 'potential force'. Since these terms refer to different concepts in physics, they cannot be combined into a single equation.","The context states that the law of conservation of energy is mentioned in the 1999 edition of the book, while the answer provides the formula for the total force acting on the moving wire as a sum of the electric force due to the magnetic field and the magnetic force due to the electric field. This aligns with the information provided in the context.",A concise answer to the question,0,0.0,0.042553191489361646,0.061302681992337134,0.0,modular,1.0
5727de862ca10214002d9860,xquad.ar,علم السياسة: الأمين العام للأمم المتحدة بان كي مون. القادة السياسيون الأمريكيون جون هانكوك وجون آدامز وجون كوينسي آدامز روثرفورد بيرتشارد هايز وثيودور روزفلت وفرانكلين روزفلت وجون جاك كينيدي وآل جور وجورج دبليو بوش وباراك أوباما. الرئيس الشيلي سيباستيان بينيرا. الرئيس الكولومبي خوان مانويل سانتوس. رئيس كوستاريكا خوسيه ماريا فيغيريس. الرؤساء المكسيكيون فيليبي كالديرون وكارلوس ساليناس دي غورتاري وميغيل دي لا مدريد. الرئيس المنغولي تشياغين البجدورج. رئيس بيرو اليخاندرو توليدو. الرئيس التايواني ما يينغ جيو. الحاكم العام الكندي ديفيد لويد جونستون. عضو البرلمان الهندي جايانت سينها. رئيس الوزراء الألباني فان نولي. رئيسا الوزراء الكنديين ماكنزي كينج وبيير ترودو. رئيس الوزراء اليوناني أنتونيس ساماراس. رئيس الوزراء الإسرائيلي بنيامين نتنياهو رئيسة الوزراء الباكستانية السابقة بينظير بوتو. وزير الإسكان والتنمية الحضرية شون دونوفان. الزعيم السياسي الكندي مايكل إغناتييف. عضوا الجمعية الإقليمية الباكستانية مرتضى بوتو وسنام بوتو. وزير المالية البنغلاديشي عبد المعال عبد المهيث. رئيس بونتلاند عبد الولي محمد علي. سفير الولايات المتحدة لدى الاتحاد الأوروبي أنتوني لوزاتو غاردنر.,من هو الأمين العام للأمم المتحدة الذي ارتاد هارفارد؟,بان كي مون,أبو نواف,Bénédicte de Saint-Maurice was the American President who visited Harvard University in 2013.,"The context states that 'علم السياسة' (Political Science) includes the role of the American President, and it mentions that Bénédicte de Saint-Maurice was the American President who visited Harvard University.","The context states that Bénédicte de Sainte-Helene arrived in Haverfordwest on 30 September 1999, which is consistent with the information provided in the question.",أبو نواف,0,0.0,0.33333333333333337,0.021052631578947323,0.022099447513812154,modular,1.0
56e16182e3433e1400422e29,xquad.ar,نظرية التعقيد الحاسوبي هي فرع من نظرية الحوسبة في علوم الحاسوب النظرية التي تركز على تصنيف المسائل الحاسوبية وفقاً لـ صعوبتها المتأصلة، وربط تلك الأصناف ببعضها البعض. يُفهم أن المسألة الحاسوبية هي مهمة قابلة من حيث المبدأ للحل بواسطة كمبيوتر، وهو ما يعادل القول بأن المشكلة يمكن حلها عن طريق التطبيق الميكانيكي لخطوات رياضية، مثل الخوارزمية.,ما السمة الرئيسية التي تصنف حسبها المسائل الحاسوبية باستخدام نظرية التعقيد الحاسوبي؟,صعوبتها المتأصلة,سالم,The passage states: 'نظرية التعقيد الحاسوبي هي فرع من نظرية الحوسبة في علوم الحاسوب النظرية التي تركز على تصنيف المسائل الحاسوبية وفقاً لـ صعوبتها المتأصلة، وربط تلك الأصناف ببعضها البعض',The context explains that the classification of problems in computer science (specifically in the field of computational complexity) is based on their inherent difficulty and can be categorized into different classes.,"The context states that the theory of complexity is divided into categories based on their difficulty, and these categories are connected through connections between them. This means that problems can be categorized according to their computational ease, which aligns with the idea that they can be solved using mathematical algorithms like computer programs.",سالم,0,0.0,0.30000000000000004,0.63671875,0.0,modular,1.0
56e7796637bdd419002c4000,xquad.ar,"تقوم كل ولاية في الولايات المتحدة بضبط شروط الحصول على إجازة للتدريس في المدارس العمومية. عادةً ما تدوم شهادة التدريس لثلاث سنوات، لكن يمكن للمدرّسين الحصول على شهادات تدوم حتى عشر سنوات. على المدرّسين في المدارس العمومية أن يكونوا من حاملي شهادة الأستاذية كما على الأغلبية أن تكونوا مصادقاً عليهم من طرف الولاية التي يدرّسون بها. لا تشترط كثير من المدارس المستقلة أن يكون مدرّسوها مصادقاً عليهم من طرف نظراً لمطابقتهم لمعايير التأهيل والتي تم ضبطها من قبل قانون عدم تخلف أي طفل. كما أن شروط المدرّسين المعوِّضين ليست عادةً بالدقيقة كتلك الخاصة بالعاملين بدوام كامل. بحسب إحصائيات مكتب العمل، هناك 1.4 مليون مدرّساً بالمدارس الابتدائية، و674,000 مدرّساً بالمدارس الإعدادية، ومليونَ مدرّسٍ بالمدارس الثانوية، كلهم يعملون بالولايات المتّحدة.",ما المدارس التي لا تتطلب أن مصادقةً على مدرّسيها؟,كثير من المدارس المستقلة,المدارس الابتدائية والتعليم الثانوي,The passage mentions that there are no specific requirements for teachers in these schools.,"The context states that there are 1.4 مليون مدرّساً بالمدارس الابتدائية، و674,000 مدرّساً بالمدارس الإعدادية، ومليونَ مدرّسٍ بالمدارس الثانوية، كلهم يعملون بالولايات المتّحدة.","The context states that there were 1.4 million elementary schools in the United States as of 2005, which is consistent with the number of schools mentioned in the question.",المدارس الابتدائية والتعليم الثانوي,0,0.25,0.4067796610169492,0.030303030303030276,0.24285714285714283,modular,1.0
572a005f1d046914007796ba,xquad.ar,لطالما كانت الحاجة إلى فلاحي الصويا تستعمل كتعلّة للعديد من مشاريع النقل المثيرة للجدل والآخذة في التطور في الأمازون. قامت الطريقين السريعتين جعل الغابة المطرية متفتحةً وأدّت إلى زيادة في المساكن وإزالة الغابات. وأقل نسبة إزالة للغابات في السنة منذ سنة 2000 وحتى سنة 2005 (22.392 كيلومترا مربّعا أو 8.646 ميلاً مربّعاً سنويّأ) كانت أعلى بنسبة 18% من السنوات الخمس الماضية (19.018 كيلومترا مربّعا أو 7.343 ميلاً مربّعاً سنوياّ). رغم أن إزالة الغابات تراجعت بشكل كبير بمنطقة الأمازون البرازيلية ما بين سنتي 2004 و2014، إلا أنا ما فتئت تزداد حتى هذا اليوم.,كم ارتفعت نسبة إزالة الغابات بين سنتي 2000 و2005 مقارنةً بما كانت عليه مابين سنتي 1995 و2000؟,18%,18%,The passage provides specific data about the deforestation rates over time and compares them between different periods.,The context states that the ratio of the increase in the number of years since 2000 to the decrease in the number of years since 1995 was 18%. This directly indicates that the percentage of the year's length that has been lost due to deforestation increased from 19.018 km²/yr to 8.646 km²/yr.,"The context states that the percentage of removals from 2000 to 2005 was 18%, which is higher than the previous five years (19.018%).",18%,1,1.0,1.0,0.04709576138147565,0.0588235294117647,modular,1.0
5727d1c93acd2414000ded40,xquad.ar,"وصفت مؤسسة كارنيجي قبول الطلاب الجامعيين في جامعة هارفارد على أنه ""أكثر انتقائية وأقل قبولًا"". قبلت كلية هارفارد 5% من المتقدمين للعام الدراسي 2019، وهو رقم قياسي منخفض وثاني أدنى معدل قبول بين جميع الجامعات الوطنية. أنهت كلية هارفارد برنامج القبول المبكر في عام 2007 لأنه كان يعتقد أنه يضر بالمتقدمين من الأقليات ذوي الدخل المنخفض والممثلين تمثيلا ناقصا عند التقدم إلى جامعات انتقائية، ولكن بالنسبة للعام الدراسي 2016 أعيد تقديم برنامج التقديم المبكر.",في أي عام أنهت جامعة هارفارد برنامج القبول المبكر؟,2007,2016,The passage mentions that 'هارفارد أعيد تقديم برنامج التقديم المبكر' (HARFARDA offered an early admission program again in 2016),The context states that 'هارفارد أعيد تقديم برنامج التقديم المبكر' (HARFARDA offered an early admission program again in 2016) which indicates that the university canceled its program for 2016.,"The context states that the program was canceled in 2007, which is consistent with the information provided about the cancellation of the program in 2016.",2016,0,0.0,0.5,0.18538324420677366,0.14,modular,1.0
5727f3193acd2414000df0a7,xquad.ar,نادرًا ما يسافر الدكتور وحده، وغالبًا ما يجلب واحدًا أو أكثر من المرافقين لمشاركته هذه المغامرات. عادة ما يكون رفاقه بشرًا، لأنه وجد جاذبية لكوكب الأرض. غالبًا ما يجد أحداثًا تثير فضوله أثناء محاولته منع قوى الشر من إيذاء الأبرياء أو تغيير التاريخ مستخدمًا فقط براعته والحد الأدنى من الموارد، مثل المفك الصوتي متعدد الاستخدامات. باعتباره سيدًا للوقت فإن الدكتور يمتلك القدرة على التجدد عندما يكون جسمه متأذيًا جدًا من خلال ظهوره بشخصية جديدة. اكتسب الدكتور العديد من الأعداء المتكررين خلال رحلاته، بما في ذلك الدالكس ورجال السايبر، و الماستر وهو آخر سيد الوقت المتمرد.,"ماذا يفعل ""الدكتور هو"" عندما يتضرر جسمه جدًا؟",التجدد,A concise answer to the question,The passage mentions that 'الدكتور يمتلك القدرة على التجدد عندما يكون جسمه متأذيًا جدًا من خلال ظهوره بشخصية جديدة',"The context states that 'أيضاً يُطلق عليه اسم الدكتور، ويُعرف أيضاً باسم دالكس'. This indicates that when the doctor's body becomes severely damaged, he can regenerate new parts of his body.","The context states that the 'دكتور هو' is from 1999, which matches the year mentioned in the answer as 2005.",A concise answer to the question,0,0.0,0.0,0.26870229007633584,0.016129032258064516,modular,1.0
572828383acd2414000df5c5,xquad.ar,"تم عرض سلسلة ""الدكتور هو"" مرات عديدة"". في أوائل سبعينيات القرن العشرين، لعب تريفور مارتن دورًا في دكتور هو والدالكس في المفاتيح السبعة حتى يوم القيامة. في أواخر الثمانينات، لعب كل من جون بيرتوي وكولين بيكر دور الطبيب مرات مختلفة أثناء أداء مسرحية بعنوان الدكتور هو - المغامرة النهائية. بينما كان بيرتوي مريضًا في أداءين، قام ديفيد بانكس (المعروف بدور رجال السايبر) بدور الطبيب. تم عرض مسرحيات أصلية أخرى كعروض مسرحية للهواة شارك فيها ممثلون آخرون يلعبون دور الطبيب، بينما كتب تيري نيشن لعنة الدالكس وهي مسرحية تم تنظيمها في أواخر الستينيات ولكن دون الدكتور.","ما هو جزء ""الدكتور هو"" الذي لم يكن فيه طبيب؟",لعنة الدالكس,كل من جون بيرتوي وكولين بيكر,"James Bond was played by James Bond, while Keanu Reeves was played by Keanu Reeves.","The context mentions that in the early 80s, both James Bond and Keanu Reeves played roles in the play 'Doctor Who: The Final Episode'. However, it does not specify which character they were playing.","The context states that in the early 1970s, Trevor Martin played the role of Doctor Who and his doctor, while in the late 1980s, Ian Bremmer and Ken Bailey played different roles for the show.",كل من جون بيرتوي وكولين بيكر,0,0.0,0.25,0.04508856682769724,0.0,modular,1.0
57302bd0b2c2fd14005689db,xquad.ar,"""الدولة الإسلامية""، التي كانت تُعرف سابقًا باسم ""الدولة الإسلامية من العراق والشام"" وقبل ذلك باسم ""دولة العراق الإسلامية""، (وتسمى اختصاراً داعش من قِبَل العديد من منتقديها)، هي وهابي / جماعة سلفية جهادية متطرفة مُقَاتِلَة التي يقودها وتتألف أساساً من العرب السنة من العراق وسوريا. في عام 2014، أعلنت المجموعة نفسها خلافة، مع السلطة الدينية والسياسية والعسكرية على جميع المسلمين في جميع أنحاء العالم. اعتباراً من مارس 2015 [تحديث]، سيطرت على أراضٍ يشغلها عشرة ملايين شخص في العراق وسوريا، ولديها سيطرة اسمية على مناطق صغيرة من ليبيا ونيجيريا وأفغانستان. ( ولأنها دولة موصوفة ذاتياً، فهي تفتقر إلى التقدير العالمي.). تعمل المجموعة أيضاً أو لها فروع في أجزاء أخرى من العالم، بما في ذلك شمال إفريقيا وجنوب آسيا.",ما نوع الجماعة هي الدولة الإسلامية؟,وهابي / جماعة سلفية جهادية متطرفة مُقَاتِلَة,,,,The context clearly states that the 'دولة الإسلامية' was first known as 'الدولة الإسلامية من العراق والشام' in 1999 and later changed its name to 'الدولة الإسلامية' in 2005. This information directly supports the claim that it is a 'hijri' group or 'jihadist' organization.,,0,0.0,0.0,0.0,0.0,modular,0.0
572811434b864d190016438c,xquad.ar,منذ إحياءه في عام 2005، يسافر الدكتور عمومًا مع مرافقة أنثى، التي تشغل دورًا أكبر في القصة. وصف ستيفن موفات المرافقة بأنها الشخصية الرئيسية في العرض، حيث تبدأ القصة من جديد مع كل مرافقة وهي تخضع للتغيير أكثر من الدكتور. المرافقون الأساسيون للأطباء التاسع والعاشر هم روز تايلر (بيلي بايبر)، مارثا جونز (فريما أجيمان)، ودونا نوبل (كاثرين تيت) مع ميكي سميث (نويل كلارك) وجاك هاركنيس (جون بارومان) مكررين كمرافقين ثانويين. أصبح الطبيب الحادي عشر أول من سافر مع زوجين متزوجين، إيمي بوند (كارين جيلان) وروري ويليامز (آرثر دارفيل)، في حين قدمت اللقاءات غير متزامنة مع ريفر سونج (أليكس كينغستون) وكلارا أوزوالد (جينا كولمان) قصصًا كثيرة مستمرة. سوف تقدم السلسلة العاشرة مشروع جوهرة ماكي المرافق الأحدث للدكتور.,"ماذا كان جنس المرافقين الأساسيين الذين يسافرون مع ""الدكتور هو"" منذ عام 2005؟",أنثى,مرافقة أنثى,The passage mentions that 'المجموعات الأساسية للممرضين الأوليين هي روز تايلر (بيلي بايبر)، مارثا جونز (فريما أجيمان)، ودونا نوبل (كاثرين تيت)' (المجموعات الأساسية للممرضين الأوليين هي روز تايلر، مارثا جونز، ودونا نوبل).,The context states that 'سيفنت موفات' (ستيفن موفات) describes the doctor's companions as 'المرافقة الأنثوية' (المرافقة الأنثوية). This directly answers the question.,"The context states that Dr. Holmes travels with an actress as his main companion since 2005, which is consistent with the information provided in the question.",مرافقة أنثى,0,0.6666666666666666,0.5333333333333333,0.3567318757192175,0.044444444444444446,modular,1.0
572968cf1d046914007793ce,xquad.ar,"البلاستيدات الخضراء لها الحمض النووي الخاص بها، وغالبا ما يتم اختصاره ك ctDNA أو cpDNA. ومن المعروف أيضا باسم البلاستوم. تم إثبات وجودها لأول مرة في 1962، وتسلسلها لأول مرة في 1986 â€” عندماقام فريقان بحثيان يابانيان بسَلسَلِة الحمض النووي للبلاستيدات الخضراء من حمض الكبد والتبغ. منذ ذلك الحين، تم سَلسَلِة المئات من الأحماض النووي للبلاستيدات الخضراء من أنواع مختلفة، لكنها في الغالب تلك الموجودة في النباتات البرية والطحالبâ€” الخضراء والغلوفريات والطحالب الحمراء وغيرها من مجموعات الطحالب ممثلة تمثيلاً ناقصاً للغاية، مما قد يؤدي إلى بعض التحيزات في وجهات نظر تجاه بنية الحمض النووي ""النموذجية"" للبلاستيدات الخضراء ومحتواها.",متى تم سَلسَلِة أول البلاستوم؟,1986,1962,The passage mentions that 'بلاستوم' (Blastoderm) was first described in 1962.,The context states that 'البلاستيدات الخضراء' were first identified in 1962.,"The context states that the first study of the chloroplast DNA was conducted in 1962, while the answer provides the year as 2005. This discrepancy suggests that the information may be outdated or incorrect.",1962,0,0.0,0.75,0.06835066864784545,0.05555555555555555,modular,1.0
571c9348dd7acb1400e4c115,xquad.ar,"في 1891 تمكن الكيميائي الاسكتلندي جيمس ديوار من إنتاج كمية كافية من الأكسجين السائل للدراسة. تم تطوير أول عملية قابلة للتطبيق التجاري لإنتاج الأكسجين السائل بشكلٍ مستقل في 1895 بواسطة المهندس الألماني كارل فون ليند والمهندس البريطاني ويليام هامبسون. قام كلا الرجلين بخفض درجة حرارة الهواء حتى يصبح مُسال ثم يتم تقطير الغازات المكونة عن طريق غليانها في آنٍ واحد واستخلاصها. وفيما بعد، في عام 1901، تم التوضيح عملياً اللحام بالأكسجين والأسيتلين لأول مرة بحرق خليط من الأسيتيلين وO
2 المضغوط. أصبحت طريقة اللحام وقطع المعادن هذه شائعة فيما بعد.",في أي عام قام ديوار بتجربة على الأكسجين السائل؟,1891,1891,"The passage directly mentions that in 1891, the English chemist James Dewar produced oxygen gas.",The context states that 'في 1891 تمكن الكيميائي الاسكتلندي جيمس ديوار من إنتاج كمية كافية من الأكسجين السائل للدراسة',"The context states that in 1891, the English chemist James Dewar produced oxygen gas using a device called a spark chamber, which was later used for industrial purposes. This aligns with the information provided in the question.",1891,1,1.0,1.0,0.05834683954619124,0.2777777777777778,modular,1.0
571cd3b55efbb31900334e04,xquad.ar,"يقوم دواء الضغط العالي (الضغط العالي) باستخدام غرف الأكسجين الخاصة وذلك لزيادة الضغط الجزئي لـ O
2 حول المريض، وعند الحاجة حول الطاقم الطبي. يتم معالجة التسمم بأول أكسيد الكربون، الغرغرينا الغازية، ومرض تخفيف الضغط (""الغُواص"") أحياناً باستخدام هذه الأجهزة. يساعد زيادة تركيزO
2 في الرئتين على فصل أول أكسيد الكربون من مجموعة الهيموغلوبين. إن غاز الأكسجين سام للبكتريا اللاهوائية التي تسبب الغرغرينا الغازية، لذا فإن زيادة الضغط الجزئي يساعد على قتلها. يحدث مرض تخفيف الضغط في الغواصين الذين يخففون الضغط بسرعة كبيرة بعد الغوص، فينتج عن ذلك  فقاعات من الغاز الخامل، معظمها من النيتروجين والهيليوم، وتتشكل في دمائهم. إن زيادة ضغط O
2 في أسرع وقت ممكن هو جزء من العلاج.",ما الذي يؤدي إلى زيادة تركيزات الأكسجين في رئة المريض؟,أول أكسيد الكربون,,,,"The context states that in 1999, the pressure of oxygen in a patient's lungs was increased using special oxygen tanks. This is consistent with the information provided in the question.",,0,0.0,0.0,0.0,0.0,modular,0.0
56bf3fd53aeaaa14008c9595,xquad.ar,أصبح بايتون مانينغ أول ظهير رباعي على الإطلاق يقود فريقين مختلفين لألقاب سوبر بول متعددة. وهو كذلك الظهير الرباعي الأكبر سناً على الإطلاق في مباراة سوبر بول في سن 39. الرقم القياسي السابق كان بحوزة جون إلواي، الذي قاد البرونكوس للفوز في السوبر بول 33 في عمر 38 وهو حالياً نائب الرئيس التنفيذي لعمليات كرة القدم والمدير العام لدنفر.,كم عدد الفرق التي لعب لها مانينغ والتي وصلت إلى السوبر بول، بينما كان في صفوفها؟,فريقين,2,الصورة المقدمة تشير إلى أن بايتون مانينغ قدم لقب سوبر بول لأحد فرقه.,The context states that بايتون مانينغ هو أول ظهير رباعي على الإطلاق يقود فريقين مختلفين لألقاب سوبر بول متعددة.,"The context states that Maning led the US national team to multiple Super Bowls from ages 39 to 46, including in 2005 when he was the youngest player ever to lead the US national team to a Super Bowl victory at age 39. This directly supports the claim of having played for two Super Bowls while still being under 39 years old.",2,0,0.0,0.0,0.25,0.3636363636363637,modular,1.0
5728e715ff5b5019007da917,xquad.ar,"‏إن بعض أشكال العصيان المدني مثل: المقاطعة غير القانونية و رفض دفع الضرائب ومشاريع التهرب والهجمات الموزعة لتعطيل تقديم الخدمة والاعتصامات تجعل الأمر أكثر صعوبة فيما يتعلق بعمل النظام. وبهذه الطريقة، يمكن اعتبارها قسرية. يلاحظ براونلي أنه ""على الرغم من أن العصاة المدنيين مقيدين في استخدامهم للعنف من خلال هدفهم الضميري للدخول في حوار أخلاقي، إلا أنهم قد يجدون أنه من الضروري استخدام العنف المحدود من أجل الوصول إلى النقاش"". أغلقت منظمة بلوشيرز مؤقتًا مكتب أمن الاتصالات الحكومية في ايهوباي من خلال إغلاق البوابات و باستخدام المناجل لتفرغ أحد القباب الكبيرة التي تغطي اثنين من أطباق الأقمار الصناعية.",‏ما الهدف من هذه الاحتجاجات؟,الوصول إلى النقاش,To gain access to information and discuss issues related to communication technology.,"Brouwerly notes that 'they may find it necessary to use violence for this purpose,' which directly supports the idea that their primary goal is to gain access to information and discuss issues related to communication technology.",The context mentions that some forms of protest like the ones described (like the one by Brouwerly) aim to enter into an ethical dialogue about the use of technology in society. This aligns with the goal of gaining access to information and discussing issues related to communication technology.,"The context states that these protests were initiated in 1999, while the answer claims they occurred in 2005. This discrepancy suggests that the context may be outdated or inaccurate regarding the specific date of these protests.",To gain access to information and discuss issues related to communication technology.,0,0.0,0.03960396039603964,0.0863131935881628,0.0,modular,1.0
5726f1ec708984140094d6aa,xquad.ar,"أغُلق معرض الآلات الموسيقية في 25 من شباط عام 2010، وهو قرارٌ مثير للجدل إلى حدٍ بعيد. أدت عريضةٌ عبر الإنترنت وقعها أكثر من 5,100 شخص على موقع البرلمان على الإنترنت إلى أن يسأل كريس سميث البرلمان عن مستقبل المجموعة. جاء الجواب من برايان ديفيز بأن المتحف يهدف إلى الحفاظ على المجموعة والعناية بها وإتاحتها للعامة، مع إعادة توزيع القطع على المعارض البريطانية ومعارض العصور الوسطى وعصر النهضة والمعارض الجديدة المخطط لها للأثاث وأوروبا في الفترة 1600–1800، وأن متحف هورنيمان وغيره من المؤسسات كانوا مرشحين محتملين لإعارتهم المواد لضمان إتاحة رؤية الآلات الموسيقية للعامة. مضى هورنيمان لاستضافة معرض مشترك مع متحف فكتوريا وألبرت للآلات الموسيقية، ولديه 35 آلة موسيقية مستعارة من المتحف.",كم العدد التقريبي للأشخاص الذين وقعوا عريضةً عبر الإنترنت على الموقع البرلماني استجابةً لإغلاق معرض الآلات الموسيقية؟,"أكثر من 5,100","5,100",الصورة: https://www.alibaba.com/zh-cn/news/detail/479556.html,"The passage states that 'العريضة عبر الإنترنت التي أطلق عليها كريس سميث البرلمان كانت أكثر من 5,100 شخصاً', which directly answers the question.","The context states that the museum closed in 2010, which is approximately 19 years after the internet censors were implemented. Therefore, it's reasonable to assume that at least 19 people participated in the online petition.","5,100",0,0.5,0.5,0.02228412256267409,0.12030075187969924,modular,1.0
57286dfa2ca10214002da333,xquad.ar,"واجهت حكومة كوبلاي صعوبات مالية بعد 1279. كانت الحروب ومشاريع البناء قد استنزفت الخزينة المغولية. الجهود المبذولة لرفع وجمع إيرادات الضرائب ابتليت بالفساد والفضائح السياسية. البعثات العسكرية الخاطئة تبعت المشاكل المالية. فشل غزو كوبلاي الثاني لليابان في عام 1281 بسبب إعصار مشؤوم. فاشل كوبلاي حملاته ضد أنام وتشامبا وجافا، لكنه حقق فوزاً باهظاً ضد بورما. أعيقت الحملات بسبب المرض  والمناخ غير المضياف والتضاريس الاستوائية غير المناسبة للحرب التي شنت على المغول.سلالة سلالة تران التي حكمت أنام (داي فييت) سحقت المغول وهزمتهم في معركة من BáÄ�ch Ä�áº ± ng (1288).كانت منطقة ""فوجيان"" الصينية هي الموطن الأصلي لعشيرة تران الصينية (تشن) قبل أن يرحلوا تحت ترانشن كينه (é ™ ³äº¬ ، ChÃ © n JÄ «ng) Ä�áº¡i Viá»‡t إلى داي فييت والذين أسس أحفادهم أسرة تران التي حكمت فيتنام على فياتشي »، ولا يزال بإمكان بعض أفراد العشيرة التحدث باللغة الصينية كما حدث عندما عقد مبعوث من أسرة يوان مقابلة مع أمير Tráº§n الناطق باللغة الصينية Tráº§n Quá» (n (فيما بعد الملك Tráº§n HÆ ° ng Ä�áº¡o) في 1282.أشار البروفيسور ليام كيلي إلى أن أشخاصاً من سلالة سونغ الصين مثل زهاو زهونج وشو زونغداو فروا إلى سلالة تران التي حكمت فيتنام بعد الغزو المغولي لسونج وساعدوا في حرب تران ضد الغزو المغولي. نشأت أسرة تران من منطقة فوجيان في الصين كما فعل رجل الدين الداويست شو زونغداو الذي سجل الغزو المغولي وأشار إليهم باسم ""العصابات الشمالية"". اعترف أنام وبورما وشامبا بهيمنة المغول وأقاموا علاقات رافدية مع أسرة يوان.",ما الذي تدخل في غزو كوبلاي الثاني لليابان؟,إعصار مشؤوم,إعصار مشؤوم,الغزو الثاني لليابان (العدوى الثانية لليابان),The context states that 'الغزو الثاني لليابان' (the second invasion of Japan) was due to an 'اعصار مشؤوم'. This indicates that the war against Japan was caused by an inclement weather event.,"The context states that the garrison of Kobaile II was defeated in the year 1281 due to an Adare disaster, which is consistent with the information provided in the answer.",إعصار مشؤوم,1,1.0,1.0,0.06295754026354317,0.0311284046692607,modular,1.0
57264f18f1498d1400e8dbb2,xquad.ar,كما وجدت الدراسة أنه كان هنالك فرعان حيويان (مجموعات جينية وحيدة الأصل) لم تسبق معرفتهما ولكنهما مرتبطين بجينوم بكتيريا اليرسينيا الطاعونية ذات الصلة بالقبور الجماعية في العصور الوسطى. اتضح أن هذين الفرعين الحيويين (الذين يعتقد أنهما انقرضا) من أسلاف المستفردات الحديثة لسلالات اليرسينيا الطاعونية الحديثة يرسينيا بيستيس أوريانتاليس ويرسينيا بيستيس ميديفاليس، مما يشير إلى أن الطاعون قد يكون قد دخل أوروبا في موجتين. تشير عمليات المسح لبقايا الطاعون في فرنسا وإنجلترا إلى أن المتغير الأول دخل أوروبا عبر ميناء مارسيليا حوالي العام 1347 وانتشر في أرجاء فرنسا على مدى العامين التاليين، فوصل إنجلترا في النهاية في ربيع العام 1349 حيث تفشى في جميع أنحاء البلاد في ثلاثة أوبئة. أظهرت عمليات المسح لبقايا الطاعون من بلدة بيرخن أوب زووم الهولندية أن التركيب الوراثي يرسينيا بيستيس المسؤول عن الوباء الذي انتشر عبر البلدان المنخفضة منذ عام 1350 كان يختلف عن ذلك الموجود في بريطانيا وفرنسا، مما يشير إلى أن بيرخن أوب زووم (وأجزاء أخرى محتملة من جنوب هولندا) لم تصب بالعدوى مباشرة من إنجلترا أو فرنسا في عام 1349، مما يشير إلى احتمال حدوث موجة ثانية من الطاعون مختلفة عن تلك الموجودة في بريطانيا وفرنسا قد انتقلت إلى البلدان المنخفضة من النرويج أو المدن الهانزية أو موقعٍ آخر.,متى وصلت يرسينيا الطاعونية إلى إنجلترا؟,1349,في الربيع العام 1349,الصورة التي تم إنشاؤها للإشارة إلى هذا التاريخ,The passage states that 'أظهرت عمليات المسح لبقايا الطاعون من بلدة بيرخن أوب زووم الهولندية أن التركيب الوراثي يرسينيا بيستيس المسؤول عن الوباء الذي انتشر عبر البلدان المنخفضة منذ عام 1350 كان يختلف عن ذلك الموجود في بريطانيا وفرنسا، مما يشير إلى أن بيرخن أوب زووم (وأجزاء أخرى محتملة من جنوب هولندا) لم تصب بالعدوى مباشرة من إنجلترا أو فرنسا في عام 1349، مما يشير إلى احتمال حدوث موجة ثانية من الطاعون مختلفة عن تلك الموجودة في بريطانيا وفرنسا.,"The context states that the outbreak of the bubonic plague in England occurred in the year 1349, which matches the date given for the answer.",في الربيع العام 1349,0,0.4,0.33333333333333337,0.07184628237259816,0.5474452554744526,modular,1.0
5730b9852461fd1900a9cffb,xquad.ar,"تعارض الكنيسة الميثودية المتحدة التجنيد الإجباري باعتباره غير متوافق مع تعاليم الكتاب المقدس. وعليه، تدعم الكنيسة وتوسع خدمتها لتشمل الأشخاص الذين يعارضون ضميرياً كل الحروب، أو أي حرب بعينها، والذين يرفضون بالتالي الخدمة في القوات المسلحة أو التعاون مع أنظمة التجنيد العسكري. ورغم ذلك، تدعم الكنيسة الميثودية المتحدة وتوسع خدمتها لتشمل الأشخاص الذين يختارون بضمير الخدمة في القوات المسلحة أو قبول الخدمة البديلة. وتنص الكنيسة أيضاً على أنهم ""كمسيحيين فهم يدركون أنه لا طريقة العمل العسكري، ولا طريقة عدم القيام بفعل تكون دائماً عملاً صالحاً عند الله"".",تدعم الكنيسة الأشخاص الذين يعارضون ضميريًا ماذا؟,الحروب,A concise answer to the question,The passage directly addresses individuals who oppose military service due to their beliefs in Christ and their opposition to war.,The context states that the Catholic Church supports those who oppose military service due to their belief in Christ and their opposition to war.,"The context states that in 1999, the Catholic Church supports those who reject military service or alternative service, while it also supports those who choose to serve in the military or opt for civilian alternatives. The information provided is consistent with this statement.",A concise answer to the question,0,0.0,0.0,0.05454545454545457,0.0,modular,1.0
572f6a0ba23a5019007fc5ed,xquad.ar,"بين بينجن  وبون، يتدفق الراين الأوسط عبر مضيق رهين، وهو تكوين تم إنشاؤه بواسطة التعرية. عادل معدل التعرية الارتفاع في المنطقة، بحيث بقي النهر عند مستواه الأصلي بينما ارتفعت الأراضي المحيطة. المضيق عميق للغاية ويمتد على طول النهر المعروف بالعديد من القلاع وكرومات العنب. إنه أحد مواقع التراث العالمي لليونسكو (2002) والمعروف باسم ""نهر الراين الرومانسي"" ، مع أكثر من 40 قلعة وحصن من العصور الوسطى والعديد من القرى الريفية الطريفة والجميلة.",كيف تم تشكيل مضيق الراين؟,التعرية,A concise answer to the question,The sentence 'عادل معدل التعرية الارتفاع في المنطقة' (the area's elevation increased due to tectonic activity) provides evidence for this explanation.,The passage states that 'الراين الأوسط' (the Middle Passage) was formed through tectonic activity and uplift of the land around it.,"The context states that the construction of the Panama Canal began in 1908, which is approximately 19 years before the year mentioned in the answer (2005). Therefore, it can be concluded that the 'Answer to check' factually supports the information provided in the context about the construction of the Panama Canal.",A concise answer to the question,0,0.0,0.0,0.18149466192170816,0.04494382022471911,modular,1.0
5726ddf6f1498d1400e8ee06,xquad.ar,"‏أدى التقدم المحرز في الشرق الأوسط في علم النبات والكيمياء في الإسلام في العصور الوسطى إلى تطوير علم الصيدلة بشكل كبير. فعلى سبيل المثال، عمل محمد بن زكريا الرازي (865–915) على تعزيز الاستخدامات الطبية للمركبات الكيميائية. وكان كان أبو القاسم الزهراوي (936–1013) رائدًا في تحضير الأدوية بالتسامي والتقطير. ولكتابه ""لايبر سيرفيتوريس"" أهمية خاصة لأنه يزود القارئ بوصفات علاجية ويشرح كيفية تحضير ""المركبات البسيطة"" التي ضاعفت من عدد العقاقير المعقدة المستخدمة عمومًا. كان صابر بن سهل (توفي عام 869) أول طبيب يشرع في دستور الأدوية، حيث وصف مجموعة كبيرة ومتنوعة من الأدوية وعلاجات الأمراض. كتب البيروني (973-1050) واحدًا من أكثر الأعمال الإسلامية قيمة في علم الصيدلة بعنوان ""كتاب الصيدلة""، والذي شرح فيه خصائص العقاقير وشرح دور الصيدلية ووظائفها وواجبات الصيدلي. ووصف ابن سينا أيضًا ما لا يقل عن 700 مستحضر بالإضافة إلى وخصائصها وطرق عملها ومؤشراتها. لقد كرس في الواقع مجلدًا كاملًا للعقاقير البسيطة في موسوعة القانون في الطب. كان لأعمال المارديني في بغداد والقاهرة وابن وافد (1008–1074) تأثير كبير أيضًا، وكلاهما مطبوعان باللاتينية أكثر من خمسين مرة، ويظهران باسم ""Medicineis universalibus et specialibus"" من تأليف ""ماسويه الأصغر"". و ""Medicamentis simplicibus"" من تأليف ""ابن وافد"". قام بييترو دابانو (1250-1316) بترجمة وإضافة ملحق لعمل المارديني تحت عنوان ""De Veneris”. كما أن مساهمات الموفق بالله في هذا المجال رائدة أيضًا. عاش في القرن العاشر وكتب أسس الخصائص الحقيقية للعلاجات، من بين أمور أخرى تصف أكسيد الزرنيخ، وتساعد على التعرف على حامض السيليسيك. قام بتمييز واضح بين كربونات الصوديوم وكربونات البوتاسيوم ولفت الانتباه إلى الطبيعة السامة لمركبات النحاس وخاصة زاج النحاس، بالإضافة إلى مركبات الرصاص. كما يصف كيفية تقطير مياه البحر للشرب.[التحقق مطلوب]",‏من هو مؤلف كتاب لايبر سيرفيتوريس؟,كان أبو القاسم الزهراوي,محمد بن زكريا الرازي,The text mentions that 'عمدت محمد بن زكريا الرازي' in his work 'لايبر سيرفيتوريس',The passage states that 'عمدت محمد بن زكريا الرازي (865–915) على تعزيز الاستخدامات الطبية للمركبات الكيميائية',"The context states that 'Abo Qasim Zharawi' was the author of 'Liber de la medicina', which is mentioned in the provided information as being published in 936 CE. The year 2005 is given as the publication date for 'Liber de la medicina'. Therefore, it can be concluded that the 'Answer to check' fact is supported by the given context.",محمد بن زكريا الرازي,0,0.0,0.4651162790697675,0.06268836648583487,0.0802919708029197,modular,1.0
56e1a0dccd28a01900c67a2f,xquad.ar,إنه لمن المغري الاعتقاد بأن مفهوم مسائل الدوال أكثر ثراءً من مفهوم مسائل القرار. بيد أن هذا ليس هو الحال بالفعل، حيث يمكن إعادة صياغة مسائل الدوال كمسائل قرار. على سبيل المثال، يمكن التعبير عن جداء عددين صحيحين على أنه مجموعة ثلاثيات (أ، ب، ج) بحيث تكون العلاقة أ × ب = ج صحيحة. تحديد ما إذا كان ثلاثي ما معطى هو عضو في هذه المجموعة يتوافق مع حل مسألة ضرب رقمين.,إذا تم ضرب عددين صحيحين وإخراج قيمة، فماذا تسمى مجموعة التعبير هذه؟,مجموعة ثلاثيات,مذابح,The passage states 'تحديد ما إذا كان ثلاثي ما معطى هو عضو في هذه المجموعة يتوافق مع حل مسألة ضرب رقمين',"The context explains that if we multiply two numbers and get a result, we can represent it as a set of three elements: one element for each number multiplied together.","The context states that the answer is 2005, which matches the year given in the question.",مذابح,0,0.0,0.21052631578947367,0.37668161434977576,0.0,modular,1.0
56e7788200c9c71400d77184,xquad.de,"Lehrkräfte in Wales können registrierte Mitglieder von Gewerkschaften wie ATL, NUT oder NASUWT sein. Berichten zufolge fällt in den letzten Jahren in Wales das Durchschnittsalter der Lehrkräfte. Die Lehrkräfte sind also jünger als in der Vergangenheit. Ein wachsender Grund zur Sorge sind Angriffe auf Lehrkräfte an walisischen Schulen, die zwischen 2005 und 2010 ein Allzeithoch erreichten.",Wozu führen die Angriffe auf Lehrkräfte?,Sorge,To protect their rights and interests,"The passage states that 'Angriffe auf Lehrkräfte' (attacks on teachers) have been occurring in recent years, particularly during the period when Walisian schools experienced high levels of violence.","The context mentions that attacks on teachers occurred between 2005 and 2010 at Walisian schools, which indicates that these attacks were aimed at protecting the rights of teachers.","The context states that attacks on teachers occurred between 2005 and 2010, which is consistent with the information provided about the All Zeithoch in 2010. This aligns with the claim that there has been a growing concern over attacks on teachers in Wales. The context does not provide additional details about the specific nature of these attacks or their impact on the teaching profession. However, it's reasonable to assume that such incidents could be part of broader issues affecting the education system in Wales. ",To protect their rights and interests,0,0.0,0.19047619047619047,0.37676056338028174,0.04938271604938271,modular,1.0
56f8ca289b226e1400dd1009,xquad.de,"Später wurde ein Stück Papier entdeckt, auf dem Luther seine letzte Schrift verfasst hatte. Der Text war in Lateinisch geschrieben, abgesehen von den Worten „Wir sind Bettler”, welche er auf Deutsch niederschrieb.",Welcher Teil von Luthers letzter Schrift war auf Deutsch?,"„Wir sind Bettler”,",A concise answer to the question,"Luther's last written work was his letter 'Dei Gratia', which he wrote in Latin and included the phrase 'Wir sind Bettler' in German.","The context explicitly states that Luther's last written work was his letter 'Dei Gratia', which he wrote in Latin and included the phrase 'Wir sind Bettler' in German.","The context states that Luther's last written work was in Latin, while the answer claims it was in German. The discrepancy suggests that the information might be outdated or inaccurate.",A concise answer to the question,0,0.0,0.2790697674418605,0.46808510638297873,0.13793103448275862,modular,1.0
57111b95a58dae1900cd6c54,xquad.de,"Friedrich Wilhelm, Kurfürst von Brandenburg, lud die Hugenotten ein, sich in seinen Gebieten niederzulassen, und eine Reihe ihrer Nachkommen stieg zu wichtigen Positionen in Preußen auf. Mehrere prominente deutsche Persönlichkeiten aus Militär, Kultur und Politik stammten von den Hugenotten ab, darunter der Dichter Theodor Fontane, General Hermann von François, der Held der Schlacht bei Tannenberg im Ersten Weltkrieg, Luftwaffengeneral und Jagdfliegerass Adolf Galland, das Fliegerass der Luftwaffe Hans-Joachim Marseille sowie der berühmte U-Bootkapitän Lothar von Arnauld de la Perière. Auch der letzte Premierminister der Deutschen Demokratischen Republik, Lothar de Maizière, ist Nachfahre einer hugenottischen Familie, genau wie der deutsche Bundesminister des Innern, Thomas de Maizière.",Thomas de Maizière hat welche Position im deutschen Regierungskabinett inne?,Bundesminister des Innern,Politiker,The context provides information about his political career and positions within the German government.,"The passage states that Thomas de Maizière is 'Auch der deutsche Bundesminister des Innern, Thomas de Maizière', which indicates he is a politician.","The context states that Thomas de Maizière is the last Premierminister of the German Democratic Republic (GDR), which was established in 1999. However, the question asks about his position in the German government during the time of the GDR's existence, which is from 1949 to 1989. Therefore, the correct answer should be based on the period when he served as the President of Germany, not the GDR itself. ",Politiker,0,0.0,0.2941176470588235,0.18556701030927836,0.17460317460317462,modular,1.0
56de0daecffd8e1900b4b595,xquad.de,"Die beiden bekanntesten normannischen Familien, die im Mittelmeer ankamen, waren die Nachkommen von Tankred von Hauteville und der Familie Drengot. Rainulf Drengot erhielt 1030 von Herzog Sergius IV. von Neapel die Grafschaft Aversa, den ersten normannischen Brückenkopf im Süden. Die Familie Hauteville erlangte fürstlichen Rang, indem sie Prinz Guaimar IV. von Salerno zum „Herzog von Apulien und Kalabrien“ erklärte. Er verlieh seinem gewählten Anführer, Wilhelm Eisenarm, prompt den Titel eines Grafen in seiner Hauptstadt Melfi. Die Familie Drengot erlangte daraufhin das Fürstentum Capua und Kaiser Heinrich III. adelte 1047 den Anührer der Hautevilles, Drogo, offiziell zum „dux et magister Italiae comesque Normannorum totius Apuliae et Calabriae“ („Herzog und Meister von Italien und Graf der Normannen von ganz Apulien und Kalabrien“).","Wie hieß der Anführer, der von Heinrich III. geadelt wurde?",Drogo,Wilhelm Eisenarm,The passage mentions that Wilhelm Eisenarm received the title of Graf in his hometown Melfi.,"The context explicitly states that 'Er verlieh seinem gewählten Anführer, Wilhelm Eisenarm, prompt den Titel eines Grafen in seiner Hauptstadt Melfi.' This directly confirms that Wilhelm Eisenarm was the Anführer who was granted the title of Graf in his hometown Melfi.","The context states that Heinrich III. adelte 1047 den Anührer der Hautevilles, Drogo, offiziell zum „dux et magister Italiae comesque Normannorum totius Apuliae et Calabriae“. The answer provides the year as 2005, which is consistent with the information given in the context.",Wilhelm Eisenarm,0,0.0,0.09523809523809523,0.16795580110497232,0.21518987341772153,modular,1.0
5726a8d4dd62a815002e8c38,xquad.de,"Wie zuvor von seinem Vater arrangiert, heiratete Temüdschin, als er 16 Jahre alt war, Börte aus dem Stamm Onggirat, um Allianzen zwischen ihren jeweiligen Stämmen zu zementieren. Kurz nach Börtes Heirat mit Temüdschin wurde sie von den Merkiten entführt und Berichten zufolge als Ehefrau verschenkt. Temüdschin rettete sie mit Hilfe seines Freundes und zukünftigen Rivalen Jamukha und seines Beschützers Toghrul Khan aus dem keraitischen Stamm. Neun Monate später brachte sie einen Sohn zur Welt, nämlich Dschötschi (1185–1226), was die Frage nach seinem Vater aufwarf. Trotz der Spekulationen über Dschötschi war Börte die alleinige Kaiserin an Temüdschins Seite, obwohl er der Tradition folgte, indem er sich mehrere morganatische Frauen nahm.",In welchem ​​Jahr brachte Börte Dschötschi zur Welt?,1185,1185,The passage directly mentions that Börte bricked her son Dschötschi to life at the age of 1185.,"The context states that 'Neun Monate später brachte sie einen Sohn zur Welt', which means she brought him up in the year 1185.","The context states that Börte bricked Dschötschi in 1185, which is the year mentioned as the question's answer.",1185,1,1.0,1.0,0.1842751842751843,0.13953488372093023,modular,1.0
5726241189a1e219009ac2e2,xquad.de,"Das Embargo hatte einen negativen Einfluss auf die US-Wirtschaft, indem es unmittelbare Forderungen als Reaktion auf die Bedrohung der Energiesicherheit der USA auslöste. Auf internationaler Ebene veränderten die Preisanstiege Wettbewerbsstellungen in vielen Branchen wie etwa der Autoindustrie. Die makroökonomischen Probleme bestanden sowohl in inflationären als auch deflationären Auswirkungen. Wegen des Embargos suchten Ölfirmen nach neuen Wegen zur Aufstockung der Ölvorräte, selbst in unwegsamen Gebieten wie der Arktis. Das Finden von Öl und die Entwicklung neuer Felder dauerte normalerweise fünf bis zehn Jahre, bevor eine nennenswerte Produktion erreicht wurde.","Wie lange dauert es, bis in neuen Gebieten eine nennenswerte Ölproduktion erreicht wird?",fünf bis zehn Jahre,A concise answer to the question,The passage mentions that the process of finding and developing new fields typically takes five to ten years.,The context states that it takes normaly 5-10 years for a nennenswerte Produktion of oil to be reached in new fields.,"The context states that it took five to ten years for new oil fields to be found and developed, which means the actual production would have been reached around 2005. The year 2005 is mentioned as the year when a significant amount of oil was discovered in the Arctic region. ",A concise answer to the question,0,0.0,0.34782608695652173,0.2198952879581152,0.056074766355140186,modular,1.0
5725d79e89a1e219009abf91,xquad.de,"Nach dem unbemannten LM-Testflug AS-206 würde eine Besatzung den ersten Block II CDM und LM in einer als AS-207/208 oder AS-278 bekannten Doppelmission fliegen (jedes Raumfahrzeug würde mit einer eigenen Saturn IB gestartet werden). Die Ränge der Besatzung des Block II wurden bezeichnet als Commander (CDR, Kommandant), Command Module Pilot (CMP, Kommandokapsel-Pilot) und Lunar Module Pilot (LMP, Mondlandefähre-Pilot). Die Astronauten würden einen neuen Apollo-Raumanzug tragen, der dazu designt wurde, Außenbordaktivitäten auf dem Mond zu ermöglichen. Der traditionelle Visierhelm wurde zur Verbesserung der Sicht durch einen durchsichtigen „Fischglas“-artigen ersetzt und der Anzug für Außenbordaktivitäten auf der Mondoberfläche würde einen Unterwäsche mit Wasserkühlung enthalten.",Was trugen die Astronauten auf der Doppelmission AS-278?,neuen Apollo-Raumanzug,A Concise Answer to the Question,"The passage directly mentions that the astronauts would wear a new Apollo suit, which is the answer to the question.","The context explicitly states that 'die Astronauten würden einen neuen Apollo-Raumanzug tragen, der dazu designt wurde, Außenbordaktivitäten auf dem Mond zu ermöglichen.' This means that the astronauts would wear a new Apollo suit designed for space travel on the Moon.","The context explicitly states that the Astronauten würden einen neuen Apollo-Raumanzug tragen, der dazu designt wurde, Außenbordaktivitäten auf dem Mond zu ermöglichen. This information directly supports the claim about what the astronauts wore on the AS-278 mission.",A Concise Answer to the Question,0,0.0,0.29166666666666663,0.20046620046620045,0.24637681159420288,modular,1.0
5727213c708984140094da36,xquad.de,"Nach dem Peterloo-Massaker von 1819 schrieb der Dichter Percy Shelley später in demselben Jahr das politische Gedicht The Mask of Anarchy, das mit der Darstellung der seiner Meinung nach ungerechten Formen der Autorität seiner Zeit beginnt - und anschließend stellt er dann eine neue Form des sozialen Handelns vor. Es ist vielleicht die erste moderne [vage] Darstellung des Prinzips des gewaltfreien Protests. Eine Variation dessen wurde von dem Schriftsteller Henry David Thoreau in seinem Aufsatz Civil Disobedience und später von Gandhi in seiner Lehre vom Satyagraha aufgegriffen. Gandhis Satyagraha war teilweise beeinflusst und inspiriert von Shelleys Gewaltlosigkeit bei Protest und politischem Handeln. Insbesondere ist bekannt, dass Gandhi Shelley's Mask of Anarchy während der Kampagne für ein freies Indien oft einem breiten Publikum vorstellte.",Sein Gedicht gilt als die erste Darstellung welcher Art von Protest?,gewaltfreien,Politischer,"Der Text berichtet über Shelley's Arbeit und seine Darstellung des protestantenismus, was sicherstellen kann, dass er die erste Darstellung des protestantischen Protests bezeichnet.","Die context zeigt, dass Percy Shelley in den Jahren 1819-1820 das politische Gedicht The Mask of Anarchy geschrieben hat, das eine Darstellung der ungerechten Formen der Autorität seiner Zeit führte. Dies ist wahrscheinlich die erste moderne Darstellung des Prinzips des gewaltfreien Protests.","The context states that Shelley wrote the political poem 'The Mask of Anarchy' in 1819, which is the year of the Peterloo Massacre. This aligns with the statement that it was the first modern or vague form of protest described in the provided information.",Politischer,0,0.0,0.34782608695652173,0.296368989205103,0.37037037037037035,modular,1.0
570d47b8b3d812140066d62e,xquad.de,"Es gibt zudem mehrere kleinere Güterverkehrsunternehmen und zahlreiche Touristeneisenbahnen, die auf Strecken operieren, die früher Teil eines staatlichen Systems waren. Die Eisenbahn in Victoria fährt hauptsächlich auf der Breitspur mit 1.600 mm (5 Fuß 3 Zoll). Die Fernrouten zwischen den Staaten sowie eine Reihe von Nebenstrecken im Westen des Bundesstaates wurden jedoch auf die Normalspur von 1.435 mm (4 Fuß 8 1⁄2  Zoll) umgestellt. Zwei touristische Eisenbahnen verkehren auf 760 mm (2 Fuß 6 Zoll) breiten Schmalspurschienen, die Überreste von fünf ehemals staatseigenen Bahnen in Berggebieten sind.",Auf welches Maß wurden einige Linien im Westen von Victoria umgestellt?,Normalspur von 1.435 mm (4 Fuß 8 1⁄2  Zoll),Austausch,The passage directly mentions that the railways between the states and several suburban tracks in the west of Victoria were changed to the normalspur of 1.435 mm (4 Fuß 8 1⁄2  Zoll).,The passage states that 'die Fernrouten zwischen den Staaten sowie eine Reihe von Nebenstrecken im Westen des Bundesstaates wurden jedoch auf die Normalspur von 1.435 mm (4 Fuß 8 1⁄2  Zoll) umgestellt.' This indicates that some lines were shortened due to changes in railway gauge.,"The context states that the touristic railways were built on the Normalspur of 1. 435 mm (4 ft 8 1/2 in), which is consistent with the information provided about the current standard for these lines.",Austausch,0,0.0,0.125,0.3085106382978723,0.4427480916030534,modular,1.0
57111713a58dae1900cd6c04,xquad.de,"Die meisten hugenottischen Gemeinden (oder Einzelpersonen) in Nordamerika schlossen sich letztendlich anderen protestantischen Konfessionen mit höheren Mitgliederzahlen an. Die Hugenotten passten sich schnell an und heirateten oft außerhalb ihrer unmittelbaren französischen Gemeinden, was zu ihrer Assimilation führte. Ihre Nachkommen nutzten in vielen Familien weiterhin französische Vor- und Nachnamen für ihre Kinder bis weit ins 19. Jahrhundert hinein. Nach ihrer Eingliederung lieferten die Franzosen zahlreiche Beiträge zum Wirtschaftsleben der Vereinigten Staaten, vor allem als Kaufleute und Handwerker in der späten Kolonialzeit und in den Anfängen der Republik. E. I. du Pont, ein ehemaliger Student bei Lavoisier, gründete beispielsweise die Eleutherian-Pulvermühlen.",Was war der Name von du Ponts Schießpulverunternehmen?,Eleutherian-Pulvermühlen,du Pont,"Du Pont, ein ehemaliger Student bei Lavoisier, gründete sein Schießpulverunternehmen.",The context explicitly states that E. I. du Pont 'gründete' sein Schießpulverunternehmen.,"The context states that DuPont founded the Eleutherian Powder Mill in 1867, which is consistent with the information provided about the company's founding year being 1867.",du Pont,0,0.0,0.19999999999999996,0.18311533888228304,0.09259259259259259,modular,1.0
5706143575f01819005e7953,xquad.de,"Zu den professionellen Sportmannschaften in Südkalifornien gehören Mannschaften in der NFL (Los Angeles Rams, San Diego Chargers), NBA (Los Angeles Lakers, Los Angeles Clippers), MLB (Los Angeles Dodgers, Los Angeles Angels of Anaheim, San Diego Padres), NHL (Los Angeles Kings, Anaheim Ducks) und MLS (LA Galaxy).",Welches ist neben den Anaheim Ducks das andere NHL-Team in Südkalifornien?,Los Angeles Kings,Los Angeles Kings,The context directly mentions the Los Angeles Galaxy and its association with the National Hockey League (NHL). It also provides information about the other NHL teams mentioned in the context.,"The context explicitly states that 'MLS' (Los Angeles Galaxy) is one of the teams in the NHL (National Hockey League). Therefore, it can be concluded that the other team in the NHL in Südkalifornien is the Los Angeles Kings.","The context states that the Los Angeles Kings were the NHL team in Los Angeles from 1999 to 2005. The Anaheim Ducks were the NHL team in Anaheim from 2006 to 2017, so they are not the same as the NHL team in Los Angeles.",Los Angeles Kings,1,1.0,1.0,0.39828693790149894,0.3037974683544304,modular,1.0
57268e2bf1498d1400e8e3b3,xquad.de,"Die wichtigsten Verträge, aus denen sich die Europäische Union zusammensetzt, begannen mit gemeinsamen Regeln für Kohle und Stahl und später Regeln für Atomenergie. Vollständigere und formellere Institutionen wurden durch den Vertrag von Rom 1957 und den Vertrag von Maastricht 1992 (heute: AEUV) geschaffen. Kleinere Änderungen wurden in den 1960er und 1970er Jahren vorgenommen. In der Einheitlichen Europäischen Akte wurden 1986 wichtige Änderungsverträge unterzeichnet, um die Entwicklung eines einheitlichen Binnenmarkts abzuschließen, die Entwicklung eines sozialeren Europa im Vertrag von Amsterdam 1997 voranzutreiben und die relative Macht der Mitgliedstaaten in den EU-Institutionen im Vertrag von Nizza 2001 und im Vertrag von Lissabon 2007 geringfügig zu abzuändern. Seit ihrer Gründung sind weitere Mitgliedstaaten durch eine Reihe von Beitrittsverträgen in die EU eingetreten, von Großbritannien, Irland, Dänemark und Norwegen im Jahr 1972 (obwohl Norwegen letztendlich nicht beitrat), über Griechenland im Jahr 1979, Spanien und Portugal im Jahr 1985, Österreich, Finnland, Norwegen und Schweden im Jahr 1994 (obwohl Norwegen auch diesmal wegen mangelnder Unterstützung beim Referendum nicht beitrat), bis hin zur Tschechischen Republik, Zypern, Estland, Ungarn, Lettland, Litauen, Malta, Polen, der Slowakei und Slowenien im Jahr 2004, Rumänien und Bulgarien im Jahr 2007 und Kroatien im Jahr 2013. Grönland unterzeichnete 1985 einen Vertrag, der dem Land einen Sonderstatus einräumt.",Wann ist Dänemark der EU beigetreten?,1972,2004,"The passage mentions 'Dänemark', indicating it refers to Denmark.","The context states that 'Grönland underwrites 1985' a Vertrag, which was signed by Denmark in 1985.","The context states that Denmark was one of the countries that entered the European Union in 1972, which is when it joined the Common Market. The information provided matches this date exactly.",2004,0,0.0,0.25,0.07499999999999996,0.04587155963302752,modular,1.0
57268e2bf1498d1400e8e3b0,xquad.de,"Die wichtigsten Verträge, aus denen sich die Europäische Union zusammensetzt, begannen mit gemeinsamen Regeln für Kohle und Stahl und später Regeln für Atomenergie. Vollständigere und formellere Institutionen wurden durch den Vertrag von Rom 1957 und den Vertrag von Maastricht 1992 (heute: AEUV) geschaffen. Kleinere Änderungen wurden in den 1960er und 1970er Jahren vorgenommen. In der Einheitlichen Europäischen Akte wurden 1986 wichtige Änderungsverträge unterzeichnet, um die Entwicklung eines einheitlichen Binnenmarkts abzuschließen, die Entwicklung eines sozialeren Europa im Vertrag von Amsterdam 1997 voranzutreiben und die relative Macht der Mitgliedstaaten in den EU-Institutionen im Vertrag von Nizza 2001 und im Vertrag von Lissabon 2007 geringfügig zu abzuändern. Seit ihrer Gründung sind weitere Mitgliedstaaten durch eine Reihe von Beitrittsverträgen in die EU eingetreten, von Großbritannien, Irland, Dänemark und Norwegen im Jahr 1972 (obwohl Norwegen letztendlich nicht beitrat), über Griechenland im Jahr 1979, Spanien und Portugal im Jahr 1985, Österreich, Finnland, Norwegen und Schweden im Jahr 1994 (obwohl Norwegen auch diesmal wegen mangelnder Unterstützung beim Referendum nicht beitrat), bis hin zur Tschechischen Republik, Zypern, Estland, Ungarn, Lettland, Litauen, Malta, Polen, der Slowakei und Slowenien im Jahr 2004, Rumänien und Bulgarien im Jahr 2007 und Kroatien im Jahr 2013. Grönland unterzeichnete 1985 einen Vertrag, der dem Land einen Sonderstatus einräumt.","Wodurch entstand die Notwendigkeit, die wesentlichen Verträge abzuschließen, die schließlich zur Bildung der EU führten?",gemeinsamen Regeln für Kohle und Stahl und später Regeln für Atomenergie,A concise answer to the question,"The passage mentions that the first major agreement was the agreement between Germany and France for common coal and steel regulations in 1957, which set the foundation for the later agreements related to energy and atomic energy.",The context provides several reasons why the necessary agreements were made and eventually led to the formation of the European Union.,"The context states that the European Union was founded in 1992, which is later than 2005. Therefore, it can be inferred that the necessary agreements were made before this year.",A concise answer to the question,0,0.0,0.303030303030303,0.21373134328358212,0.00904977375565611,modular,1.0
57274beff1498d1400e8f5e4,xquad.de,"In Indien werden Privatschulen unabhängige Schulen genannt. Da manche Privatschulen allerdings finanzielle Hilfe vom Staat erhalten, kann es sich dabei dann um eine geförderte oder eine nicht geförderte Schule handeln. Strenggenommen ist eine Privatschule eine nicht geförderte unabhängige Schule. Für diese Definition wird nur der Erhalt von Finanzhilfe berücksichtigt, kein von der Regierung zu einem subventionierten Preis gekauftes Land. Die Verwaltung der Schulen unterliegt sowohl der Unionsregierung als auch den Regierungen der Bundesstaaten, da Bildung in der Liste der gemeinsamen Gesetzgebungskompetenzen in der Verfassung enthalten ist. In der Praxis hat die Unionsregierung die generelle Politikrichtung vorgegeben, während die Staaten ihre eigenen Regeln und Richtlinien für die Administration der Branche erschaffen haben. Das hat, unter anderem, zu 30 verschiedenen Prüfungsausschüssen oder akademischen Instanzen geführt, die Prüfungen für Schulabschlusszeugnisse durchführen. Bekannte, in mehreren Bundesstaaten vertretene Prüfungsausschüsse sind der CBSE und der CISCE, NENBSE",Was ist die Bedingung für eine indische Privatschule?,unabhängige Schulen,,,,"The context states that for a private school to be considered an independent school, it must receive financial assistance from the state, which is typically referred to as a subsidy or aid. The term 'Privatenschule' itself does not specify whether it is an independent or non-independent school; however, the broader definition of a private school includes those schools that do not have government funding.",,0,0.0,0.0,0.0,0.0,modular,0.0
572650325951b619008f6fab,xquad.de,"Die Energiekrise führte zu vermehrtem Interesse an erneuerbaren Energien, Atomkraft und inländischen fossilen Brennstoffen. Es gibt Kritik daran, dass die amerikanische Energiepolitik seit der Krise von einem Krisendenken dominiert wurde, was zu teuren schnellen und kurzlebigen Lösungen geführt hat, die die Realitäten von Markt und Technologie ignorieren. Anstatt beständige Regeln zu bieten, die grundlegende Forschung unterstützen und gleichzeitig genügend Spielraum für Unternehmertum und Innovation lassen, haben Kongresse und Präsidenten immer wieder eine Politik unterstützt, die politisch sinnvolle Lösungen verspricht, deren Aussichten aber zweifelhaft sind.","Wer unterstützte eine Politik, die Lösungen bereitstellt, die gut klingen, aber schlechte Aussichten haben?",Kongresse und Präsidenten,,,,"The context states that the American energy policy during this period was dominated by a crisis mentality, which led to a focus on renewable energies, nuclear power, and domestic fossil fuels rather than on long-term solutions that consider market dynamics and technological advancements. This approach often resulted in quick and short-lived solutions that ignore the complexities of economics and technology, leading to pessimistic outcomes for both markets and businesses.",,0,0.0,0.0,0.0,0.0,modular,0.0
57096b66200fba1400367fa9,xquad.de,"Am 8. Februar 2007 gab BSkyB die Absicht bekannt, seine drei frei empfangbaren, digital-terrestrischen Kanäle durch vier Abonnementkanäle zu ersetzen. Es wurde vorgeschlagen, dass diese Kanäle eine Reihe von Inhalten aus dem BSkyB-Portfolio anbieten sollten, darunter Sport (einschließlich Fußball der englischen Premier League), Filme, Unterhaltung und Nachrichten. Die Ankündigung erfolgte einen Tag nach der Bestätigung von Setanta Sports, dass der Dienst im März als Bezahldienst auf der digital-terrestrischen Plattform starten würde und am selben Tag, an dem NTL zu Virgin Media wurde. Branchenkenner gehen jedoch davon aus, dass BSkyB aufgrund möglicher Werbeeinnahmeverluste gezwungen sein wird, Pläne für den Rückzug seiner Kanäle aus dem Freeview und den Ersatz dieser durch Bezahlkanäle aufzugeben.",Auf welcher Plattform wollte Sentanta Sports starten?,digital-terrestrischen,digital-terrestrische Plattform,The passage mentions that BSkyB was considering replacing its existing channels with new ones.,"The context states that BSkyB wanted to replace its three free-to-air, digital terrestrial channels with four new ones.","The context states that BSkyB's decision to replace its three free-to-air digital terrestrial channels was announced on February 8, 2007. This aligns with the information provided in the question about the announcement of Setanta Sports as the new owner of the channels. ",digital-terrestrische Plattform,0,0.0,0.7843137254901962,0.18036529680365299,0.015748031496062992,modular,1.0
56d99f99dc89441400fdb628,xquad.de,"Die Broncos besiegten die Pittsburgh Steelers in der Divisional Round, 23-16, indem sie in den letzten drei Minuten des Spiels 11 Punkte erzielten. Sie schlugen daraufhin im AFC-Championship-Spiel den verteidigenden Super Bowl XLIX-Champion, die New England Patriots, 20-18, indem sie bei nur 17 Sekunden verbleibender Spielzeit New Englands Versuch, eine 2-Point Conversion zu erzielen, abfingen. Trotz Mannings Problemen mit Interceptions während der Saison verfehlte er in den beiden Playoff-Spielen keine einzige.","Wen schlugen die Broncos 2015, um in ihrer Division zu gewinnen?",die Pittsburgh Steelers,die Pittsburgh Steelers,"Die Broncos besiegten die Pittsburgh Steelers in der Divisional Round und schlugen dann im AFC-Championship-Spiel den verteidigenden Super Bowl XLIX-Champion, die New England Patriots, 20-18.","Die Broncos besiegten die Pittsburgh Steelers in der Divisional Round und schlugen dann im AFC-Championship-Spiel den verteidigenden Super Bowl XLIX-Champion, die New England Patriots, 20-18.","The context states that the 2005 season was the year the Broncos won their division, which matches the information given about the 2015 season being the year they won their division.",die Pittsburgh Steelers,1,1.0,1.0,0.5350877192982456,0.4791666666666667,modular,1.0
5726241189a1e219009ac2de,xquad.de,"Das Embargo hatte einen negativen Einfluss auf die US-Wirtschaft, indem es unmittelbare Forderungen als Reaktion auf die Bedrohung der Energiesicherheit der USA auslöste. Auf internationaler Ebene veränderten die Preisanstiege Wettbewerbsstellungen in vielen Branchen wie etwa der Autoindustrie. Die makroökonomischen Probleme bestanden sowohl in inflationären als auch deflationären Auswirkungen. Wegen des Embargos suchten Ölfirmen nach neuen Wegen zur Aufstockung der Ölvorräte, selbst in unwegsamen Gebieten wie der Arktis. Das Finden von Öl und die Entwicklung neuer Felder dauerte normalerweise fünf bis zehn Jahre, bevor eine nennenswerte Produktion erreicht wurde.",Was hatte einen negativen Einfluss auf die US-Wirtschaft?,Das Embargo,Die US-Wirtschaft,"Die Quote von: 'Das Embargo hatte einen negativen Einfluss auf die US-Wirtschaft, indem es unmittelbare Forderungen als Reaktion auf die Bedrohung der Energiesicherheit der USA auslöste.'","Das Embargo hatte einen negativen Einfluss auf die US-Wirtschaft, indem es unmittelbare Forderungen als Reaktion auf die Bedrohung der Energiesicherheit der USA auslöste.","The context states that the embargo had a negative impact on the US economy, as it led to immediate reactions against energy security threats from the United States. It also mentions inflationary and deflationary effects due to the embargo's impacts on oil companies and their production plans. The embargo was implemented in 1999, which aligns with the year mentioned in the question.",Die US-Wirtschaft,0,0.0,0.2222222222222222,0.39573459715639814,0.41441441441441446,modular,1.0
570610b275f01819005e792a,xquad.de,"In Südkalifornien befindet sich der Los Angeles International Airport, gemessen am Passagieraufkommen der zweitgrößte Flughafen in den USA (siehe die größten Flughäfen der Welt nach Passagieraufkommen) und der drittgrößte gemessen am internationalen Passagieraufkommen (siehe größte Flughäfen in den USA nach internationalem Passagieraufkommen). Der Internationale Flughafen von San Diego ist weltweit der verkehrsreichste Flughafen mit nur einer Start- und Landebahn. Van Nuys Airport ist der weltweit verkehrsreichste Flughafen in Bezug auf allgemeine Luftfahrt. Wichtige kommerzielle Flughäfen befinden sich in Orange County, Bakersfield, Ontario, Burbank und Long Beach. Darüber hinaus gibt es zahlreiche kleinere Flughäfen für die kommerzielle und allgemeine Luftfahrt.",Welcher ist der zweitgrößte Flughafen in den Vereinigten Staaten?,Los Angeles International Airport,Los Angeles International Airport,"The passage mentions that 'Los Angeles International Airport' is the second-largest airport in the United States, measured by passenger traffic.","The context states that 'Los Angeles International Airport' is the second-largest airport in the United States, measured by passenger traffic.","The context states that Los Angeles International Airport is the second-largest airport in the United States, after the Los Angeles International Airport. It also mentions that it's the third-largest airport based on both passenger traffic and international passenger traffic. The information provided in the context directly supports this statement about the second-largest airport in the US. ",Los Angeles International Airport,1,1.0,1.0,0.25196850393700787,0.10344827586206896,modular,1.0
57280fd3ff5b5019007d9c27,xquad.de,"Der französische, hugenottische Entdecker Jean Ribault kartografierte den St. Johns River im Jahr 1562 und nannte ihn „River of May“, da er ihn im Mai entdeckte. Ribault errichtete eine Steinsäule in der Nähe des heutigen Jacksonville, um das neu entdeckte Land für Frankreich in Besitz zu nehmen. 1564 gründete René Goulaine de Laudonnière die erste europäische Siedlung, Fort Caroline, am St. Johns in der Nähe des Hauptdorfes der Stauriwa. Philip II. von Spanien beauftrage Pedro Menéndez de Avilés damit, die Interessen Spaniens durch einen Angriff auf die französische Präsenz bei Fort Caroline zu schützen. Am 20. September 1565 griff eine spanische Truppe von der nahegelegenen spanischen Siedlung St. Augustine Fort Caroline an und tötete beinahe alle verteidigenden französischen Soldaten. Die Spanier benannten das Fort in San Mateo um. In Folge der Vertreibung der Franzosen wurde St. Augustines Stellung als wichtigste Siedlung in Florida gefestigt. Die Lage von Fort Caroline ist umstritten, aber eine Rekonstruktion des Forts wurde 1964 am St. Johns River errichtet.","Für welche Nation beanspruchte Ribault ursprünglich das Gebiet, das heute Jacksonville ist?",Frankreich,Frankreich,Jean Ribault's actions and claims about the St. Johns River in the given context support his claim to have originally claimed the area for France.,"The context states that Jean Ribault 'kartografierte den St. Johns River im Jahr 1562 und nannte ihn „River of May“', indicating that he originally claimed this area for France.","The context states that Ribault initially named the area 'River of May', which refers to the month of May. The question asks for the original name given by France, so it is correct to say that France was the originator of this naming convention. However, the context does not provide information about the year when the naming convention was first established. Therefore, while the context supports the idea that France was the initial nameholder, it does not definitively state the year.",Frankreich,1,1.0,1.0,0.20707070707070707,0.16842105263157894,modular,1.0
5729582b1d046914007792e6,xquad.de,"Diese Chloroplasten, die direkt auf einen cyanobakteriellen Vorfahren zurückgeführt werden können, werden als primäre Plastide bezeichnet („Plastid“ bedeutet in diesem Kontext fast dasselbe wie Chloroplast). Alle primären Chloroplasten gehören zu einer von drei Chloroplasten-Entwicklungslinien – der Glaucophyta-Chloroplasten-Entwicklungslinie, der Rhodophyta- oder Rotalgen-Chloroplasten-Entwicklungslinie oder der Chloroplastida- oder grünen Chloroplasten-Entwicklungslinie. Die zweiten zwei sind die größten und die grüne Chloroplasten-Entwicklungslinie ist diejenige, die die Landpflanzen enthält.",Was bedeutet Chloroplastida?,grünen Chloroplasten-Entwicklungslinie,Grüne Chloroplasten-Entwicklungslinie,"The context provides an accurate description of the three major chloroplast development lines: the Glaucophyta Chloroplasten-Entwicklungslinie, the Rhodophyta Chloroplasten-Entwicklungslinie, and the Chloroplastida Chloroplasten-Entwicklungslinie.","The context explicitly states that 'Die zweiten zwei sind die größten und die grüne Chloroplasten-Entwicklungslinie ist diejenige, die die Landpflanzen enthält.' This directly indicates that Chloroplastida refers to the Grüne Chloroplasten-Entwicklungslinie.","The context states that the second two chloroplasts are the largest, while the third is the green chloroplasts. Therefore, it can be inferred that the third chloroplast is the green chloroplasts.",Grüne Chloroplasten-Entwicklungslinie,0,0.5,0.9863013698630136,0.4906600249066002,0.3956043956043956,modular,1.0
5728eef92ca10214002daab3,xquad.de,"Manchmal schlägt die Staatsanwaltschaft Menschen, die zivilen Ungehorsam üben, eine Verständigung vor, wie im Fall der Camden 28, bei dem den Angeklagten die Möglichkeit geboten wurde, sich eines Vergehens schuldig zu bekennen und keine Gefängnisstrafe zu bekommen. In einigen Massenverhaftungssituationen beschließen die Aktivisten, Solidaritätstaktiken anzuwenden, um für alle die gleiche Verständigungsvereinbarung herauszuschlagen. Einige Aktivisten haben sich jedoch für die Teilnahme an einer blinden Verständigung entschieden und bekennen sich schuldig, ohne dass ein konkretes Einverständnis vorliegt. Mohandas Gandhi bekannte sich schuldig und sagte dem Gericht: ""Ich bin hier, um . . . mich fröhlich der höchsten Strafe zu unterwerfen, die mir für mein vorsätzliches Verbrechen auferlegt werden kann, was mir die höchste Pflicht eines Bürgers zu sein scheint.""",Welche Art von Verständigung wird manchmal als Akt des Ungehorsams angesehen?,blinden Verständigung,Verständigung,"The passage states that in some mass cases, activists choose to engage in solidarity tactics to ensure everyone receives the same conciliation agreement.","The context mentions that sometimes the State Attorney will offer a conciliatory agreement between the accused and the victim, which is seen as a form of unprofessional behavior known as civil disobedience.","The context states that in some mass arrests, activists sometimes seek to form solidarity agreements to ensure equal treatment for all individuals involved. This is often referred to as a 'blind' or 'unconscionable' agreement, where no formal declaration of consent exists between the parties involved. The context mentions this practice by Mahatma Gandhi, who said, 'I am here to be punished for my most serious crime, which I have committed because it is my duty as a citizen to do so.'",Verständigung,0,0.6666666666666666,0.7647058823529411,0.24016145307769932,0.0,modular,1.0
5729feaf6aef05140015518c,xquad.de,"Zwischen 1991 und 2000 stieg die verloren gegangene Waldfläche im Amazonasgebiet von 415.000 auf 587.000 Quadratkilometer (von 160.000 auf 227.000 Quadratmeilen) an, wobei der größte Teil des verlorenen Waldes als Weidefläche für Rinder genutzt wurde. Siebzig Prozent des ehemals bewaldeten Landes im Amazonasgebiet und 91% des seit 1970 abgeholzten Landes werden für die Viehwirtschaft genutzt. Derzeit ist Brasilien nach den Vereinigten Staaten der zweitgrößte globale Produzent von Sojabohnen. Eine neue Studie von Leydimere Oliveira et al. hat jedoch gezeigt, dass es im Amazonasgebiet immer weniger Niederschläge gibt, je mehr Regenwald abgeholzt wird. Umso geringer fällt auch der Ertrag pro Hektar aus. Trotz der weit verbreiteten anderslautenden Meinung bringt es Brasilien also keinen wirtschaftlichen Vorteil, Regenwaldgebiet zu roden und in Weidefelder umzuwandeln.",Welcher Prozentsatz der im Amazonasgebiet gerodeten Flächen wird für die Viehzucht genutzt?,91%,91%,This information directly supports the answer given in the question.,The context states that 91% of the land used for cattle farming in Brazil is for grazing and rearing livestock.,"The context states that the proportion of lost land for cattle farming increased from 91% in 1970 to 91% in 2005, indicating that more land was being used for cattle farming than before.",91%,1,1.0,1.0,0.12213740458015267,0.028985507246376812,modular,1.0
5733fb7bd058e614000b66ff,xquad.de,"Newcastle ersetzte ihn im Januar 1756 durch Lord Loudoun, mit Generalmajor James Abercrombie als seinen Stellvertreter. Keiner dieser Männer hatte so viel Kampagnenerfahrung wie das von Frankreich nach Nordamerika entsandte Offizierstrio. Im Mai 1756 kamen französische reguläre Armeeverstärkungen nach Neufrankreich, angeführt von Generalmajor Louis-Joseph de Montcalm und unterstützt vom Chevalier de Lévis und Oberst François-Charles de Bourlamaque, allesamt erfahrene Veteranen aus dem Krieg um die österreichische Erbfolge. Zu dieser Zeit in Europa, am 18. Mai 1756, erklärte England Frankreich offiziell den Krieg. Damit wurden die Auseinandersetzung auf Europa ausgeweitet, was später als Siebenjähriger Krieg in die Geschichte eingehen sollte.",Wer wurde 1756 zum stellvertretenden Befehlshaber von Lor Loudoun ernannt?,Generalmajor James Abercrombie,Lord Loudoun,The passage directly mentions Lord Loudoun and his role as Stellvertreter (commander-in-chief) of New Castle.,"The context states that New Castle replaced him in January 1756 by Lord Loudoun, with General Major James Abercrombie as his Stellvertreter.","The context states that Lord Loudoun replaced him in January 1756, which matches the year given for the answer.",Lord Loudoun,0,0.0,0.23809523809523814,0.2007168458781362,0.11666666666666665,modular,1.0
57096b66200fba1400367fa7,xquad.de,"Am 8. Februar 2007 gab BSkyB die Absicht bekannt, seine drei frei empfangbaren, digital-terrestrischen Kanäle durch vier Abonnementkanäle zu ersetzen. Es wurde vorgeschlagen, dass diese Kanäle eine Reihe von Inhalten aus dem BSkyB-Portfolio anbieten sollten, darunter Sport (einschließlich Fußball der englischen Premier League), Filme, Unterhaltung und Nachrichten. Die Ankündigung erfolgte einen Tag nach der Bestätigung von Setanta Sports, dass der Dienst im März als Bezahldienst auf der digital-terrestrischen Plattform starten würde und am selben Tag, an dem NTL zu Virgin Media wurde. Branchenkenner gehen jedoch davon aus, dass BSkyB aufgrund möglicher Werbeeinnahmeverluste gezwungen sein wird, Pläne für den Rückzug seiner Kanäle aus dem Freeview und den Ersatz dieser durch Bezahlkanäle aufzugeben.","Wann verkündigte BSkyB seine Absicht, seine frei empfangbaren digitalen Kanäle zu ersetzen?",8. Februar 2007,8. Februar 2007,BSkyB's statement in the context clearly mentions their plan to replace three of their free-to-air digital channels.,"The context states that BSkyB 'gab die Absicht bekannt, seine drei frei empfangbaren, digital-terrestrischen Kanäle durch vier Abonnementkanäle zu ersetzen'. This directly indicates that BSkyB announced its intention to replace three of its free-to-air digital channels.","The context states that BSkyB announced its intention to replace three free-to-air digital channels with four paid-for channels on February 8, 2007.",8. Februar 2007,1,1.0,1.0,0.2075892857142857,0.23448275862068962,modular,1.0
572828383acd2414000df5c4,xquad.de,"Doctor Who war viele Male auf der Bühne zu sehen. In den frühen 1970ern spielte Trevor Martin die Rolle in Doctor Who and the Daleks in the Seven Keys to Doomsday. In den späten 1980ern spielten Jon Pertwee und Colin Baker beide den Doktor zu unterschiedlichen Zeiten, während der Aufführung eines Theaterstücks namens Doctor Who – The Ultimate Adventure. Während Pertwee krank war, spielte David Banks (besser bekannt für seine Rolle als Cybermen) den Doktor bei zwei Aufführungen. Weitere originelle Theaterstücke wurden als Amateurproduktionen vorgeführt, bei denen andere Darsteller den Doktor spielten. Terry Nation schrieb The Curse of the Daleks, ein Bühnenstück, das in den späten 1960ern inszeniert wurde, und in dem der Doktor nicht vorkommt.",Wie hieß das Doctor Who-Theaterstück aus den 1980ern?,Doctor Who – The Ultimate Adventure,Doctor Who – The Ultimate Adventure,Jon Pertwee and Colin Baker both played the Doctor in different times during the 1980s.,"The context explicitly states that 'In den späten 1980ern spielten Jon Pertwee und Colin Baker beide den Doktor zu unterschiedlichen Zeiten, während der Aufführung eines Theaterstücks namens Doctor Who – The Ultimate Adventure. ' This directly confirms that this was the Doctor Who-theaterpiece mentioned.","The context states that Doctor Who – The Ultimate Adventure was performed in the late 1980s, which matches the year mentioned in the question as 2005.",Doctor Who – The Ultimate Adventure,1,1.0,1.0,0.17955112219451375,0.3624161073825503,modular,1.0
5725fcbe271a42140099d3af,xquad.de,"Durch Fresno verläuft die California State Route 99. Sie ist die wichtigste Nord-Süd-Autobahn, die die großen Ballungszentren des California Central Valley verbindet. Die State Route 168, der Sierra Freeway, führt nach Osten in die Stadt Clovis und nach Huntington Lake. Die State Route 41 (Yosemite Freeway/Eisenhower Freeway) führt von Atascadero im Süden nach Fresno und verläuft dann nach Norden nach Yosemite. Die State Route 180 (Kings Canyon Freeway) beginnt im Westen, führt über Mendota und endet im Kings Canyon Nationalpark in Richtung Reedley.",Wie wird der Yosemite Freeway noch genannt?,State Route 41,The Yosemite Freeway,The passage directly mentions the name of this freeway in the context.,The context explicitly states that 'The State Route 180 (Kings Canyon Freeway)' begins in the West and leads to the Kings Canyon National Park in the east.,The context states that the Yosemite Freeway was renamed from 'California Freeway' to 'Yosemite Freeway' in 1999. This is consistent with the information provided in the question.,The Yosemite Freeway,0,0.0,0.4,0.1806020066889632,0.19047619047619047,modular,1.0
5727515f708984140094dc12,xquad.de,"Manche der ältesten Schulen in Südafrika sind kirchliche Privatschulen, die von Missionaren im frühen neunzehnten Jahrhundert gegründet wurden. Seitdem ist der Privatsektor stetig gewachsen. Nach Abschaffung der Apartheid haben sich die Gesetze, die private Bildung in Südafrika regeln, drastisch geändert. Der South African Schools Act von 1996 erkannte zwei Schulkategorien an: „öffentliche“ (staatlich kontrollierte) und „unabhängige“ (welche traditionelle private Schulen, die unter privater Verwaltung stehen, beinhalten[Erklärung nötig].)",In welchem Jahr wurde der South African Schools Act verabschiedet?,1996,1996,The passage directly mentions the year 1996 when the South African Schools Act was enacted and amended.,"The context explicitly states that the South African Schools Act of 1996 was 'erkannte' two schulkategorien: 'öffentliche' (staatlich kontrollierte) und 'unabhängige' (welche traditionelle private Schulen, die unter privater Verwaltung stehen, beinhalten). This indicates that the act was passed in 1996.",The South African Schools Act was indeed passed in 1996 according to the provided context.,1996,1,1.0,1.0,0.254071661237785,0.42718446601941745,modular,1.0
5728e07e3acd2414000e00e9,xquad.de,"Nichtrevolutionärer ziviler Ungehorsam ist ein einfacher Ungehorsam gegenüber Gesetzen, der darauf beruht, dass sie von einem individuellen Gewissen als ""falsch"" beurteilt werden oder der im Rahmen des Bemühens ausgeübt wird, die Wirksamkeit bestimmter Gesetze aufzuheben, um ihre Streichung zu veranlassen, oder um Druck auszuüben, um seine politischen Wünsche in irgendeiner anderen Angelegenheit durchzusetzen. Revolutionärer ziviler Ungehorsam ist eher ein aktiver Versuch, eine Regierung zu stürzen (oder kulturelle Traditionen, soziale Bräuche, religiöse Überzeugungen usw. zu verändern... Revolutionen müssen nicht zwingend politisch sein; eine ""Kulturrevolution"" impliziert zum Beispiel lediglich eine umfassende und weitreichende Veränderung eines Teils des sozialen Gefüges. Gandhis Handlungen wurden als revolutionärer ziviler Ungehorsam bezeichnet. Es wurde behauptet, dass die Ungarn unter Ferenc Deák den revolutionären zivilen Ungehorsam gegen die österreichische Regierung richteten. Auch Thoreau schrieb über zivilen Ungehorsam, dem eine ""friedliche Revolution"" gelang. Howard Zinn, Harvey Wheeler und andere sehen in dem in der Unabhängigkeitserklärung garantierten Recht, eine ungerechte Regierung zu ""ändern oder abzuschaffen"", ebenfalls ein Prinzip des zivilen Ungehorsams.",Was ist eine einfache Form des zivilen Ungehorsams?,Nichtrevolutionärer ziviler Ungehorsam,,,,"The context states that the 'Nichtrevolutionärer ziviler Ungehorsam' is an 'einfacher Ungehorsam'. It mentions that this form of unharmonious behavior is characterized by individuals being unaware of their actions due to a lack of understanding or awareness of societal norms. The context also notes that it can manifest as a simple disregard for laws or regulations, without necessarily involving overt violence or political upheaval. This aligns with the definition provided in the question.",,0,0.0,0.0,0.0,0.0,modular,0.0
56beca913aeaaa14008c946f,xquad.de,"Mit 4:51 verbleibenden Minuten in der regulären Spielzeit brachte Carolina den Ball auf die eigene 24-Yard Line und bekam die Chance, einen spielentscheidenden Drive zu erzielen. Bald darauf standen sie einem 3rd-and-9 gegenüber. Beim nächsten Spielzug nahm Miller Newton den Ball ab und nach mehreren Dives flog der Ball eine weite Strecke nach hinten und wurde von Ward erobert, der ihn fünf Yard auf die 4-Yard Line der Panthers zurückbrachte. Obwohl mehrere Spieler in den Pile sprangen, um zu versuchen, den Ball zurückzugewinnen, tat Newton dies nicht. Sein Mangel an Aggression brachte ihm später heftige Kritik ein. In der Zwischenzeit wurde Denvers Offensive für drei Spielzüge aus der Endzone herausgehalten, aber eine Holding-Strafe für Cornerback Josh Norman gab den Broncos ein neues Set Downs. Dann punktete Anderson bei einem 2-Yard-Touchdown-Run und Manning vollendete einen Pass zu Bennie Fowler für eine 2-Point Conversion. Denver erhielt eine 24-10 Führung mit 3:08 verbleibenden Minuten, was das Spiel im Wesentlichen entschied. Carolina hatte noch zwei weitere Drives, konnte aber keine zwei First Downs erzielen.","Welcher Panther-Verteidiger wurde abgestraft, weil er den Ball beim Third Down festhielt?",Josh Norman,Josh Norman,"The passage mentions that 'A Holding-Strafe for Cornerback Josh Norman gave the Broncos a new set of downs,' indicating that Josh Norman was the player who stopped the Panthers' third down attempt.","The context states that 'In the third quarter, the Panthers' defense held the ball for three plays and only one player (Cornerback Josh Norman) managed to stop it.",Josh Norman is mentioned as being held for three consecutive plays after receiving the ball at the 4-yard line. This aligns with the information provided in the context about the third down situation where the Panthers were unable to score despite having the ball at their own 24-yard line.,Josh Norman,1,1.0,1.0,0.2251759186864738,0.06217616580310881,modular,1.0
572a020f6aef05140015519c,xquad.de,"Umweltschützer zeigen sich besorgt über den Verlust der Biodiversität, die sich aus der Zerstörung des Waldes ergeben wird, und auch über die Freisetzung des in der Vegetation enthaltenen Kohlenstoffs, der die globale Erwärmung beschleunigen könnte. Die immergrünen Wälder des Amazonasgebietes machen etwa 10% der weltweiten terrestrischen Primärproduktion und 10% der Kohlenstoffspeicher der Ökosysteme aus - dies entspricht einer Menge von 1,1 × 1011 Tonnen Kohlenstoff. Schätzungen zufolge haben die Wälder des Amazonas zwischen 1975 und 1996 0,62 ± 0,37 Tonnen Kohlenstoff pro Hektar und Jahr angesammelt.",Wie viele Tonnen Kohlenstoff sollen im Amazonaswald gespeichert sein?,"1,1 × 1011 Tonnen Kohlenstoff","1,1 × 10^11 Tonnen Kohlenstoff","The context provides specific data: 'Schätzungen zufolge haben die Wälder des Amazonas zwischen 1975 und 1996 0,62 ± 0,37 Tonnen Kohlenstoff pro Hektar und Jahr angesammelt.'","The context states that the Wälder des Amazonasgebietes make about 10% of the world's terrestrial primary production and 10% of the total storage capacity of the Earth's ecosystems. This means they store approximately 1,1 × 10^11 Tonnen of carbon.","The context states that the estimated amount of carbon stored in the Amazon rainforest is 1,1 × 10^11 Tonnes, which matches the given answer of 1,1 × 10^11 Tonnes.","1,1 × 10^11 Tonnen Kohlenstoff",1,1.0,1.0,0.4195250659630607,0.13793103448275862,modular,1.0
56beb86b3aeaaa14008c92bd,xquad.de,"Peyton Manning wurde zum ersten Quarterback, der zwei verschiedene Teams zu mehreren Super Bowls führte. Mit 39 Jahren ist er zudem auch der älteste Quarterback, der je in einem Super Bowl spielte. Vor Manning wurde der Rekord von John Elway gehalten, der im Alter von 38 Jahren die Broncos zum Sieg beim Super Bowl XXXIII führte und derzeit Denvers Executive Vice President of Football Operations und General Manager ist.","Wie alt war Peyton Manning, als er im Super Bowl 50 spielte?",39,39,"John Elway, who was 38 at the time, also won the Super Bowl 50 and is now the Denver Broncos' executive vice president of football operations and general manager.",The context states that Peyton Manning was 39 years old when he played in the Super Bowl 50.,"The context states that Peyton Manning was 39 years old when he played in the Super Bowl 50. The answer provided is 2005, which contradicts this information.",39,1,1.0,1.0,0.45309734513274336,0.1411764705882353,modular,1.0
572648e8dd62a815002e8076,xquad.de,"Mit einer Größe von etwa 1 Millimeter (0,039 Zoll) bis 1,5 Meter (4,9 Fuß) sind Rippenquallen die größten nicht-kolonialen Tiere, die Zilien („Haare“) als ihre wichtigste Fortbewegungsmethode verwenden. Die meisten Arten verfügen über acht Streifen, die Kammreihen genannt werden. Sie verlaufen über die Gesamtlänge ihres Körpers und weisen kammartige Zilienbänder auf, die als „Ctene“ bezeichnet werden. Sie sind entlang der Kammreihen gestapelt, so dass die Kämme beim Schlagen der Zilien den unteren Kamm berühren. Der griechische Name der Rippenquallen „Ctenophora“ bedeutet „Kammtragende“ und stammt von dem Wort κτείς (Grundform κτεν-) ab, was „Kamm“ bedeutet. Das griechische Suffix -φορος bedeutet „tragen“.",Wie werden die Haare auf Rippenquallen genannt?,Zilien,Kammreihen,The passage mentions that 'Sie verlaufen über die Gesamtlänge ihres Körpers' which refers to the hair's shape and length.,"The passage states that 'Die meisten Arten verfügen über acht Streifen, die Kammreihen genannt werden.' This directly indicates that the Haar is named after its shape and structure.","The context states that the majority of Rippenquallen have eight stripes, which is consistent with the term 'Ctene' being used for their hair-like structures.",Kammreihen,0,0.0,0.375,0.25888324873096447,0.1746031746031746,modular,1.0
572920d73f37b31900478056,xquad.de,"Kinderarbeit ist in Kenia verbreitet. Die meisten Kinderarbeiter sind in der Landwirtschaft beschäftigt. 2006 schätzte UNICEF, dass bis zu 30 % der Mädchen in den Küstengebieten von Malindi, Mombasa, Kilifi und Diani in der Prostitution beschäftigt waren. Die meisten Prostituierten in Kenia sind 9-18 Jahre alt. 2009 waren 400 Kinderschutzbeamte beim Ministerium für Geschlechter- und Kinderangelegenheiten angestellt. Zu den Ursachen der Kinderarbeit zählen Armut, fehlender Zugang zu Bildung und schwache Regierungsbehörden. Kenia hat das Übereinkommen 81 des Übereinkommens über die Arbeitsaufsicht im Gewerbe und das Übereinkommen 129 des Übereinkommens über die Arbeitsaufsicht in der Landwirtschaft ratifiziert.",Wie viel Prozent der Mädchen in Kenias Küstengebieten sind in der Prostitution beschäftigt?,bis zu 30 %,30%,This quote directly addresses the percentage of girls involved in prostitution in Kenya's coastal areas.,"The context states that 2006 schätzte UNICEF, dass bis zu 30% der Mädchen in den Küstengebieten von Malindi, Mombasa, Kilifi und Diani in der Prostitution beschäftigt waren.","The context states that the percentage of girls in the coastal areas of Malindi, Mombasa, Kilifi, and Diani was 30% in 2006, which is consistent with the 2009 figure provided in the question.",30%,0,0.5,0.36363636363636365,0.19676214196762143,0.38016528925619836,modular,1.0
57296f293f37b319004783a7,xquad.de,"Die Eigenschaft, Primzahl zu sein (oder nicht), wird Primzahleigenschaft genannt. Eine einfache, aber langsame Methode zur Überprüfung der Primzahleigenschaft einer bestimmten Zahl n ist bekannt als Probedivision. Sie besteht darin, zu testen, ob n ein Vielfaches einer beliebigen ganzen Zahl zwischen 2 und ist. Es wurden Algorithmen entwickelt, die viel effizienter sind als die Probedivision, um die Primzahleigenschaft großer Zahlen zu testen. Dazu gehören der Miller-Rabin-Primzahltest, der schnell ist, aber eine kleine Fehlerwahrscheinlichkeit hat, und der AKS-Primzahltest, der immer die richtige Antwort in polynomieller Zeit liefert, aber zu langsam ist, um praktikabel zu sein. Für Zahlen von Sonderformen, wie z.B. Mersenne-Nummern, stehen besonders schnelle Methoden zur Verfügung. Seit Januar 2016[Update] hat die größte bekannte Primzahl 22.338.618 Stellen.",Aus wie vielen Ziffern besteht seit Januar 2016 die größte bekannte Primzahl?,22.338.618,22.338.618,"The context provides specific examples of these types of prime numbers, such as Mersenne primes and Mersenne twisters.","The context states that 'For Zahlen von Sonderformen, wie z.B. Mersenne-Nummern, stehen besonders schnelle Methoden zur Verfügung.' This indicates that there are currently only two known prime numbers of this form: Mersenne primes and Mersenne twisters.","The context states that the largest known prime number as of January 2016 is 22,338,618 digits long, which matches the given value.",22.338.618,1,1.0,1.0,0.1957894736842105,0.15789473684210528,modular,1.0
56f86e91aef2371900626069,xquad.de,"In einer Zeit steigender Nachfrage nach deutschsprachigen Publikationen wurde Luthers Version schnell zu einer populären und einflussreichen Bibelübersetzung. Als solche leistete sie einen wesentlichen Beitrag zur Entwicklung der deutschen Sprache und Literatur. Ergänzt um Notizen und Vorworte von Luther und versehen mit Holzschnitten von Lucas Cranach, die anti-päpstliche Bildnisse enthielten, spielte sie eine wichtige Rolle bei der Verbreitung von Luthers Doktrin in ganz Deutschland. Die Lutherbibel beeinflusste andere Übersetzungen in lokale Sprachen, wie die englische Bibel von William Tyndale (1525), eine Vorläuferin der King-James-Bibel.",Wozu trug die Popularität von Luthers Übersetzung bei?,Entwicklung der deutschen Sprache und Literatur,A concise answer to the question,"Quotation: 'Als solche leistete sie einen wesentlichen Beitrag zur Entwicklung der deutschen Sprache und Literatur.' (As such, she made a substantial contribution to the development of German language and literature.)","The context provides several reasons why Luthers version of the Bible became popular and influential. It mentions that it quickly became a popular and influential translation due to its quick adaptation to German language needs, which helped disseminate Luthers teachings across Germany. The passage also notes that the Luther Bible played a significant role in spreading Luthers doctrine in Germany, including the work of William Tyndale.","The context states that Luthers version became popular in 1999, which is consistent with the information provided in the answer.",A concise answer to the question,0,0.0,0.32432432432432434,0.41755634638196915,0.11188811188811189,modular,1.0
572881d34b864d1900164a5d,xquad.de,"Westliche Medizin wurde in China auch von den nestorianischen Christen des Yuan-Hofes praktiziert, wo sie manchmal als Huihui oder muslimische Medizin bezeichnet wurde. Der nestorianische Arzt Jesus der Dolmetscher gründete 1263 während der Regierungszeit Kublais das Amt für westliche Medizin. An zwei kaiserlichen Krankenhäusern angestellte Huihui-Ärzte waren für die Behandlung der kaiserlichen Familie und der Mitglieder des Hofes verantwortlich. Chinesische Ärzte waren gegen westliche Medizin, weil ihr humorales System den Philosophien des Yin-Yang und der Fünf-Elemente-Lehre widersprach, die der traditionellen chinesischen Medizin zugrundelag. Es ist keine chinesische Übersetzung westlicher medizinischer Werke bekannt, aber es ist möglich, dass die Chinesen Zugang zu Avicennas Kanon der Medizin hatten.",Welcher Aspekt der westlichen Medizin gefiel den Chinesen nicht?,ihr humorales System,Die Chinesen Zugang zu Avicennas Kanon der Medizin hatten,"Avicenna's Canon of Medicine (Kanon der Medizin) was ein wichtiger Beitrag zur westlichen Medizin. Die Chinesen mussten sich auf diese Art und Weise medizinische Werte auswirken, was ihnen nicht gelungen war.","Der Text erläutert, dass die Chinesen nicht Zugang zu Avicennas Kanon der Medizin hatten. Dies war eine wichtige Aspekte der westlichen Medizin, die die Chinesen nicht unterstützte.","The context states that the Chinesen were against west medical practices, including Avicenna's Canon of Medicine. The answer mentions that the Chinesen had access to Avicenna's Canon, which contradicts this statement.",Die Chinesen Zugang zu Avicennas Kanon der Medizin hatten,0,0.0,0.2597402597402597,0.32599999999999996,0.22727272727272727,modular,1.0
5726577f708984140094c303,xquad.de,"Der Schwarze Tod verwüstete einen Großteil der islamischen Welt. Er war praktisch jedes Jahr zwischen 1500 und 1850 an mindestens einem Ort in der islamischen Welt präsent. Die Pest traf immer wieder auf die Städte Nordafrikas. Algier verlor 30.000 bis 50.000 Einwohner in den Jahren 1620-21 und 1654-57, 1665, 1691 und 1740-42. In der osmanischen Gesellschaft blieb die Pest bis zum zweiten Quartal des 19. Jahrhunderts ein wichtiges Ereignis. Zwischen 1701 und 1750 wurden in Konstantinopel 37 größere und kleinere Epidemien und weitere 31 zwischen 1751 und 1800 registriert. Bagdad litt stark unter den Besuchen der Pest, bei denen mitunter zwei Drittel seiner Bevölkerung ausgelöscht wurde.",Wie lange wütete die Pest im Osmanischen Reich?,bis zum zweiten Quartal des 19. Jahrhunderts,zwei Monate,"Die context beschreibt, dass die Pest zwischen 1701 und 1750 in Konstantinopel 37 größere Epidemien und weitere 31 registrierte, während Bagdad litt stark unter den Besuchen der Pest.",Die Pest traf immer wieder auf die Städte Nordafrikas und blieb bis zum zweiten Quartal des 19. Jahrhunderts ein wichtiges Ereignis im Osmanischen Reich.,The context states that the plague was present for two months during the Ottoman Empire's reign between 1500 and 1850. The answer provided matches this timeframe exactly.,zwei Monate,0,0.0,0.2962962962962963,0.3901869158878505,0.34108527131782945,modular,1.0
5733834ed058e614000b5c29,xquad.de,"Die erste Warschauer Börse wurde im Jahr 1817 gegründet und bis zum Zweiten Weltkrieg weitergeführt. Sie wurde im April 1991 nach dem Ende der kommunistischen Kontrolle der Nachkriegszeit und der Wiedereinführung einer freien Marktwirtschaft wiederhergestellt. Heute ist die Warschauer Börse (WSE) laut vielen Indikatoren der größte Markt in der Region, mit 374 börsennotierten Unternehmen und einer Gesamtkapitalisierung von 162 584 Mio. EUR zum 31. August 2009. Von 1991 bis 2000 befand sich die Börse ironischerweise in dem Gebäude, das früher als Sitz der Polnischen Vereinigten Arbeiterpartei (PZPR) diente.",Wie viele Unternehmen waren im August 2009 an der WSE gelistet?,374,374,This quote directly addresses the number of companies listed on the Warsaw Stock Exchange in August 2009 and provides the exact figure of 374.,"The context states that 'Heute ist die Warschauer Börse (WSE) laut vielen Indikatoren der größte Markt in der Region', meaning today's Warsaw Stock Exchange (WSE) is one of the largest markets in the region.","The context states that the Warschauer Börse was founded in 1817 and continued operating until 1991. The question asks about companies listed on the Warsaw Stock Exchange in August 2009. Since 1991, the Warsaw Stock Exchange has been operating continuously, so it is reasonable to assume that there were companies listed on the exchange during this period. Therefore, the number of companies listed on the Warsaw Stock Exchange in August 2009 can be estimated based on the information provided in the context.",374,1,1.0,1.0,0.2622950819672131,0.2689075630252101,modular,1.0
57338007d058e614000b5bdc,xquad.de,"Warschau war während seiner gesamten Existenz eine multikulturelle Stadt. Laut der Volkszählung von 1901 waren von 711.988 Einwohnern 56,2% Katholiken, 35,7% Juden, 5% griechisch-orthodoxe Christen und 2,8% Protestanten. Acht Jahre später, im Jahr 1909, gab es 281.754 Juden (36,9%), 18.189 Protestanten (2,4%) und 2.818 Mariaviten (0,4%). Dies führte zum Bau von Hunderten von religiösen Kultstätten in allen Teilen der Stadt. Die meisten von ihnen wurden nach dem Warschauer Aufstand von 1944 zerstört. Nach dem Krieg rieten die neuen kommunistischen Behörden Polens vom Kirchenbau ab und nur wenige wurden wiederaufgebaut.",Welcher Prozentsatz der Warschauer Bevölkerung war im Jahr 1901 katholisch?,"56,2%","56,2%",The context provides specific data about the religious composition of the city's population at the time of the census.,"The context states that 'Laut der Volkszählung von 1901 waren von 711. 988 Einwohner 56, 2% Katholiken'. This directly indicates that the Katholiken accounted for 56, 2% of the population in 1901.","The context states that the population of Warsaw was 711,988 in 1901, which is equivalent to 56.2% Katholiken based on the given data.","56,2%",1,1.0,1.0,0.21159420289855072,0.15254237288135594,modular,1.0
572683f95951b619008f7526,xquad.de,"Etliche moderne Gelehrte, wie Fielding H. Garrison, sind der Meinung, dass der Ursprung der Geowissenschaften auf Persien zur Zeit nach Ende der muslimischen Eroberungen zurückdatiert werden kann. Abu al-Rayhan al-Biruni (973-1048 n. Chr.) gehört zu den ersten persischen Geologen. Seine Arbeiten umfassten die frühesten Schriften über die Geologie Indiens, in denen er die Hypothese aufstellte, dass der indische Subkontinent einst ein Meer war. Ausgehend von der griechischen und indischen wissenschaftlichen Literatur, die im Laufe der muslimischen Eroberungen nicht zerstört wurde, schlug der persische Gelehrte Ibn Sina (Avicenna, 981-1037) detaillierte Erklärungen für die Bildung von Bergen, die Entstehung von Erdbeben und andere zentrale Themen der modernen Geologie vor, die eine wesentliche Grundlage für die spätere Entwicklung der Wissenschaft bildeten. In China formulierte der Universalgelehrte Shen Kuo (1031-1095) eine Hypothese für den Prozess der Landbildung: Durch seine Beobachtung von fossilen Tiermuscheln in einer geologischen Schicht eines Berges, der Hunderte von Meilen vom Meer entfernt lag, kam er zu dem Schluss, dass das Land durch Erosion der Berge und durch Ablagerung von Schlamm gebildet wurde.","Wie hieß der 973-1048 n. Chr. lebende persische Geologe, der zu den ersten Geologen gehörte?",Abu al-Rayhan al-Biruni,Abu al-Rayhan al-Biruni,The passage mentions that he authored works on geology and wrote about the earliest Indian geological studies.,The context states that Abu al-Rayhan al-Biruni (973-1048 CE) was one of the first Persian geologists.,Abu al-Rayhan al-Biruni is mentioned as one of the first Persian geologists in the provided context. The year 2005 matches the information given for him.,Abu al-Rayhan al-Biruni,1,1.0,1.0,0.14483821263482277,0.04301075268817204,modular,1.0
56f86e91aef2371900626067,xquad.de,"In einer Zeit steigender Nachfrage nach deutschsprachigen Publikationen wurde Luthers Version schnell zu einer populären und einflussreichen Bibelübersetzung. Als solche leistete sie einen wesentlichen Beitrag zur Entwicklung der deutschen Sprache und Literatur. Ergänzt um Notizen und Vorworte von Luther und versehen mit Holzschnitten von Lucas Cranach, die anti-päpstliche Bildnisse enthielten, spielte sie eine wichtige Rolle bei der Verbreitung von Luthers Doktrin in ganz Deutschland. Die Lutherbibel beeinflusste andere Übersetzungen in lokale Sprachen, wie die englische Bibel von William Tyndale (1525), eine Vorläuferin der King-James-Bibel.",Was war zur Zeit Martin Luthers gefragt?,deutschsprachigen Publikationen,A concise answer to the question,The passage states: 'In einer Zeit steigender Nachfrage nach deutschsprachigen Publikationen... Luthers Version schnell zu einer populären und einflussreichen Bibelübersetzung.' This directly addresses the question of what was asked of Martin Luther at the time.,The context provides information about Martin Luther's time and his response to the demand for German-language publications.,"The context states that Luthers Question was asked in 1999, which matches the year mentioned in the answer as 2005.",A concise answer to the question,0,0.0,0.3793103448275862,0.47845804988662133,0.0202020202020202,modular,1.0
5727f3193acd2414000df0a5,xquad.de,"Der Doktor reist selten allein und nimmt häufig einen oder mehrere Begleiter mit, um diese Abenteuer zu teilen. Seine Begleiter sind normalerweise Menschen, da er eine Begeisterung für den Planeten Erde gefunden hat. Er stößt häufig auf Ereignisse, die seine Neugier wecken, während er versucht, böse Mächte daran zu hindern, unschuldige Menschen zu verletzen oder die Geschichte zu verändern. Dazu verwendet er ausschließlich seine Genialität und minimale Ressourcen, wie zum Beispiel seinen vielseitig einsetzbaren Akkuschraubenzieher. Als Herr der Zeit hat der Doktor die Fähigkeit, sich zu regenerieren, wenn sein Körper tödlich verletzt wird, indem er eine neue Erscheinungsform und Persönlichkeit annimmt. Der Doktor sammelte auf seinen Reisen viele wiederkehrende Feinde an, inklusive den Daleks, den Cybermen und dem Meister, einem anderen, abtrünnigen Herrn der Zeit.",Wie oft reist Doctor Who alleine?,selten,selten alleine,The sentence directly quotes the doctor's statement: 'Der Doktor reist selten allein'.,"The context states that 'Der Doktor reist selten allein', indicating that he rarely travels alone.","The context states that Doctor Who reists seldom alone, while the answer provides the year 2005 as the correct number of years between 1999 and 2005.",selten alleine,0,0.6666666666666666,0.6,0.14655172413793105,0.07246376811594202,modular,1.0
5737a25ac3c5551400e51f51,xquad.de,"Wo ist die relevante Querschnittsfläche für das Volumen, für das der Spannungstensor berechnet wird. Dieser Formalismus beinhaltet Druckkräfte, die mit Kräften verbunden sind, die normal zur Querschnittsfläche wirken (die Matrixdiagonalen des Tensors), sowie Scherkräfte, die mit Kräften verbunden sind, die parallel zur Querschnittsfläche wirken (die nicht-diagonalen Elemente). Der Spannungstensor berücksichtigt Kräfte, die alle Dehnungen (Verformungen) einschließlich der Zugbelastungen und Kompressionen verursachen.:133–134:38-1–38-11",Was verursacht Spannungen in den Strukturen?,Spannungstensor,Spannungen in den Strukturen,The passage provides clear definitions of both forces acting on structures and their effects on them.,"The context explicitly states that 'Die Spannungstensor berechnet wird' and mentions that it includes 'Druckkräfte, die mit Kräften verbunden sind, die normal zur Querschnittsfläche wirken'. This directly answers the question about what causes spannungen in structures.","The context states that the Spannungstensor is used to account for all dehnungen, including deformation and compression, which includes stresses and strains in materials. The information provided matches the description of what the Spannungstensor does.",Spannungen in den Strukturen,0,0.0,0.5581395348837209,0.2381729200652528,0.3157894736842105,modular,1.0
5726acc1f1498d1400e8e6cd,xquad.de,"Als die Freundschaft von Jamukha und Temüdschin auseinander ging, begannen beide, jeweils ihre Macht zu festigen, und sie wurden bald zu Rivalen. Jamukha unterstützte die traditionelle mongolische Aristokratie, während Temüdschin einer meritokratischen Methode folgte und eine breitere, wenn auch niedrigere Klasse von Anhängern um sich scharte. Aufgrund seiner früheren Niederlage gegen die Merkiten und einer Proklamation des Schamanen Kokochu, dass der Ewige Blaue Himmel Temüdschin die Welt zu Füßen gelegt hatte, begann Temüdschin seinen Aufstieg zur Macht. Im Jahre 1186 wurde Temüdschin zum Khan der Mongolen gewählt. Jamukha, der sich von Temüdschins rasantem Aufstieg bedroht sah, machte sich jedoch schnell daran, Temüdschins Ambitionen zu stoppen. 1187 griff er seinen ehemaligen Freund mit einer Armee von dreißigtausend Mann an. Temüdschin versammelte hastig seine Anhänger, um sich gegen den Angriff zu verteidigen, aber er wurde in der Schlacht von Dalan Balzhut entscheidend geschlagen. Jamukha entsetzte die Menschen zutiefst und schadete seinem Image, indem er siebzig junge männliche Gefangene in Kesseln kochen ließ, wodurch er viele seiner potentiellen Anhänger befremdete und in ihnen Sympathien für Temüdschin auslöste. Toghrul wurde als Temüdschins Patron in die Kara Kitai verbannt. Wie das Leben von Temüdschin in den nächsten zehn Jahren verlief, ist äußerst unklar, da die historischen Aufzeichnungen zu dieser Zeit größtenteils schweigen.",Welchen Kampf verlor Temüdschin kurz nach seiner Wahl zum Khan gegen Jamukha?,Schlacht von Dalan Balzhut,A Concise Answer to the Question,"The passage mentions that Jamukha attacked Temüdschin decisively in the Battle of Dalan Balzhut, which resulted in Temüdschin being defeated.","The context states that Temüdschin's rapid rise to power was met with opposition from Jamukha, who saw him as a threat to his position and attacked him decisively.","The context states that Temüdschin was chosen as Khan in 1186, while the answer claims he lost his battle against Jamukha in 1187. This discrepancy suggests that the information provided is incorrect.",A Concise Answer to the Question,0,0.0,0.339622641509434,0.15658816040738388,0.017241379310344827,modular,1.0
5727cc15ff5b5019007d9576,xquad.de,"Die Harvard Business School und viele der Sportanlagen der Universität, inklusive dem Harvard Stadium, liegen auf einem 358 Acker (145 ha) großen Campus gegenüber vom Cambridge-Campus in Allston. Die John W. Weeks Bridge ist eine Fußgängerbrücke über den Charles River, welche die beiden Campus verbindet. Die Harvard Medical School, Harvard School of Dental Medicine und Harvard School of Public Health liegen auf einem 21 Acker (8,5 ha) großen Campus in der Longwood Medical and Academic Area, ungefähr 3,3 Meilen (5,3 km) südwestlich der Innenstadt von Boston und 3,3 Meilen (5,3 km) südlich des Cambridge-Campus.",Wo liegt das Harvard Stadium?,Allston,,,,"The context explicitly states that the Harvard Stadium lies on a 358-acre (145 ha) campus, which is approximately 3 miles (5 km) south of the Cambridge Campus. The answer provides this information directly from the given text.",,0,0.0,0.0,0.0,0.0,modular,0.0
5728349dff5b5019007d9f00,xquad.de,"Der Amazonas-Regenwald (portugiesisch: Floresta Amazônica oder Amazônia; Spanisch: Selva Amazónica, Amazonía oder üblich Amazonia; Französisch: Forêt amazonienne; Niederländisch: Amazoneregenwoud), auf Deutsch auch unter dem Namen Amazonien oder der Amazonasdschungel bekannt, ist ein feuchter Laubwald, der den größten Teil des Amazonasbeckens Südamerikas bedeckt. Dieses Becken umfasst 7.000.000 Quadratkilometer (2.700.000 Quadratmeilen), von denen 5.500.000 Quadratkilometer (2.100.000 Quadratmeilen) vom Regenwald bedeckt sind. Diese Region umfasst Gebiete, die zu neun Nationen gehören. Der größte Teil des Waldes befindet sich mit 60% in Brasilien, gefolgt von Peru mit 13% und Kolumbien mit 10%. In Venezuela, Ecuador, Bolivien, Guyana, Suriname und Französisch-Guayana befinden sich ebenfalls kleine Regenwaldanteile. Staaten oder Bezirke in vier Nationen enthalten das Wort „Amazonas“ in ihrem Namen. Der Amazonas repräsentiert über die Hälfte der verbleibenden Regenwälder des Planeten und umfasst mit geschätzten 390 Milliarden Einzelbäumen, die in 16.000 Arten unterteilt sind, den größten und artenreichsten tropischen Regenwald der Welt.",In welchem Land ist der größte Teil des Amazonas-Regenwaldes zu finden?,Brasilien,Brasilien,"Die Quelle berichtet, dass 60% des Waldes in Brasilien liegt.","Die Quelle des Textes deutlich betont, dass die größte Teile des Amazonas-Regenwaldes in Brasilien liegen.","The context states that the largest area of the Amazon rainforest is located in Brazil, which is confirmed by the information provided.",Brasilien,1,1.0,1.0,0.09819121447028423,0.08695652173913043,modular,1.0
57280f0d3acd2414000df35d,xquad.de,"Die erste Serie des Programms, Das Kind von den Sternen, zeigt, dass der Doktor eine Enkeltochter, Susan Foreman, hat. Als Victoria Waterfield in der Serie aus dem Jahr 1967, Tomb of the Cybermen, anzweifelt, dass der Doktor sich an seine Familie erinnern kann, weil er so „so uralt ist"", sagt der Doktor, dass er es kann, wenn er es wirklich will – „Die restliche Zeit schlafen sie in meinem Kopf“. Die Serie aus dem Jahr 2005 offenbart, dass der Neunte Doktor dachte, dass er der letzte überlebende Herr der Zeit sei, und dass sein Heimatplanet zerstört wurde. In „Das leere Kind“ (2005) sagt Dr. Constantine: „Bevor der Krieg überhaupt begann, war ich ein Vater und ein Großvater. Jetzt bin ich weder das eine noch das andere.“ Der Doktor antwortet: „Ja, ich kenne das Gefühl.“ Als der Doktor in „Smith and Jones“ (2007) gefragt wird, ob er einen Bruder habe, antwortete er: „Nein, nicht mehr.“ Sowohl in „Fürchtet sie!“ (2006) als auch in „Der Doktorvater“ (2008) sagt er, dass er in der Vergangenheit ein Vater war.","In welchem Jahr sagte Doctor Who, dass er der letzte Herr der Zeit sei?",2005,,,,"The context states that in 'Smith and Jones', the Doctor asks if he has a brother, and he answers 'No, not now'. This aligns with the information provided about the Doctor's age at the time of the question being asked, which is 2005. Therefore, it can be concluded that the correct year for this statement was indeed 2005.",,0,0.0,0.0,0.0,0.0,modular,0.0
572a005f1d046914007796b8,xquad.de,"Die Bedürfnisse der Sojabauern wurden genutzt, um viele der umstrittenen Transportprojekte zu rechtfertigen, die derzeit im Amazonasgebiet entstehen. Die ersten beiden Autobahnen erschlossen den Regenwald erfolgreich und führten zu mehr Siedlungen und mehr Rodungen. Die durchschnittliche jährliche Abholzungsrate war von 2000 bis 2005 (22.392 km2 oder 8.646 Quadratmeilen pro Jahr) 18% höher als in den letzten fünf Jahren (19.018 km2 oder 7.343 Quadratmeilen pro Jahr). Obwohl die Waldrodung im brasilianischen Amazonasgebiet zwischen 2004 und 2014 deutlich zurückgegangen ist, ist sie insgesamt bis heute gestiegen.",Wozu führte der Bau von Autobahnen im Amazonas-Regenwald?,zu mehr Siedlungen und mehr Rodungen,die Umströmung des Regenwaldes,The passage mentions that the average annual deforestation rate between 2000 and 2005 was 18% higher than in the last five years (19.018 km² per year for 2005-2006). This indicates that the forest cover in the Amazon region has been decreasing over time.,The context states that the first two Autobahn projects successfully crossed the Regenwald and led to more settlements and roads.,"The context states that the first two Autobahn projects successfully crossed the Regenwald, leading to more settlements and roads. The average annual deforestation rate from 2000 to 2005 was 18% higher than in the last five years (19.018 km² or 7.343 Quadratmeilen per year), indicating an increase in forest cover despite some decline in deforestation between 2004 and 2014. ",die Umströmung des Regenwaldes,0,0.0,0.4242424242424242,0.3529411764705882,0.0198019801980198,modular,1.0
5728eef92ca10214002daab1,xquad.de,"Manchmal schlägt die Staatsanwaltschaft Menschen, die zivilen Ungehorsam üben, eine Verständigung vor, wie im Fall der Camden 28, bei dem den Angeklagten die Möglichkeit geboten wurde, sich eines Vergehens schuldig zu bekennen und keine Gefängnisstrafe zu bekommen. In einigen Massenverhaftungssituationen beschließen die Aktivisten, Solidaritätstaktiken anzuwenden, um für alle die gleiche Verständigungsvereinbarung herauszuschlagen. Einige Aktivisten haben sich jedoch für die Teilnahme an einer blinden Verständigung entschieden und bekennen sich schuldig, ohne dass ein konkretes Einverständnis vorliegt. Mohandas Gandhi bekannte sich schuldig und sagte dem Gericht: ""Ich bin hier, um . . . mich fröhlich der höchsten Strafe zu unterwerfen, die mir für mein vorsätzliches Verbrechen auferlegt werden kann, was mir die höchste Pflicht eines Bürgers zu sein scheint.""",Was ist in der Regel das Ziel einer Verständigung im Strafverfahren?,keine Gefängnisstrafe zu bekommen,A Concise Answer to the Question,"The passage states 'In einigen Massenverhaftungssituationen beschließen die Aktivisten, Solidaritätstaktiken anzuwenden, um für alle die gleiche Verständigungsvereinbarung herauszuschlagen.' (In some mass trials, activists choose solidarity tactics to ensure equal agreements for all.)",The context mentions that sometimes the State Attorney's Office offers a voluntary agreement between the accused and the victim to avoid legal consequences for civil disobedience. This agreement aims to minimize the severity of punishment.,"The context states that in some mass arrests, activists choose to sign a voluntary agreement for everyone involved to be treated equally, regardless of their actions. This is often referred to as a 'blind' or 'unconscionable' agreement. The Gandhi quote indicates that he felt compelled to confess his guilt, which aligns with this concept of a 'blind' agreement. However, it's important to note that the context does not explicitly state the goal of signing such agreements; rather, it describes the process of forming such agreements under pressure from activists. ",A Concise Answer to the Question,0,0.0,0.3666666666666667,0.43789097408400357,0.0,modular,1.0
57296f293f37b319004783a6,xquad.de,"Die Eigenschaft, Primzahl zu sein (oder nicht), wird Primzahleigenschaft genannt. Eine einfache, aber langsame Methode zur Überprüfung der Primzahleigenschaft einer bestimmten Zahl n ist bekannt als Probedivision. Sie besteht darin, zu testen, ob n ein Vielfaches einer beliebigen ganzen Zahl zwischen 2 und ist. Es wurden Algorithmen entwickelt, die viel effizienter sind als die Probedivision, um die Primzahleigenschaft großer Zahlen zu testen. Dazu gehören der Miller-Rabin-Primzahltest, der schnell ist, aber eine kleine Fehlerwahrscheinlichkeit hat, und der AKS-Primzahltest, der immer die richtige Antwort in polynomieller Zeit liefert, aber zu langsam ist, um praktikabel zu sein. Für Zahlen von Sonderformen, wie z.B. Mersenne-Nummern, stehen besonders schnelle Methoden zur Verfügung. Seit Januar 2016[Update] hat die größte bekannte Primzahl 22.338.618 Stellen.","Wie heißt ein anderer Algorithmus, mit dem man die Primzahleigenschaft großer Zahlen bequem prüfen kann?",AKS-Primzahltest,Miller-Rabin-Primzahltest,"Die Miller-Rabin-Primzahltest ist ein weiteres Algorithmus, das die Primzahleigenschaft großer Zahlen bequem prüfen kann.","The context provides an explanation of the Miller-Rabin-Primzahltest algorithm, which is described as 'ein weiteres Algorithmus' and is mentioned as being 'sichere' und 'langsam'. This aligns with the statement that it is 'einfache, aber langsame Methode zur Überprüfung der Primzahleigenschaft'. The context also mentions that this algorithm is 'für Zahlen von Sonderformen, wie z.B. Mersenne-Nummern, stehen besonders schnelle Methoden zur Verfügung'. Therefore, the Miller-Rabin-Primzahltest is the correct answer.","The context states that the Miller-Rabin-Primzahltest is an alternative method for testing primality, which is mentioned as being faster than the Probedivision algorithm.",Miller-Rabin-Primzahltest,0,0.0,0.6842105263157895,0.23246073298429315,0.28089887640449435,modular,1.0
5725cc38ec44d21400f3d5bd,xquad.de,"Die wichtigsten Verträge, aus denen sich die Europäische Union zusammensetzt, begannen mit gemeinsamen Regeln für Kohle und Stahl und später Regeln für Atomenergie. Vollständigere und formellere Institutionen wurden durch den Vertrag von Rom 1957 und den Vertrag von Maastricht 1992 (heute: AEUV) geschaffen. Kleinere Änderungen wurden in den 1960er und 1970er Jahren vorgenommen. In der Einheitlichen Europäischen Akte wurden 1986 wichtige Änderungsverträge unterzeichnet, um die Entwicklung eines einheitlichen Binnenmarkts abzuschließen, die Entwicklung eines sozialeren Europa im Vertrag von Amsterdam 1997 voranzutreiben und die relative Macht der Mitgliedstaaten in den EU-Institutionen im Vertrag von Nizza 2001 und im Vertrag von Lissabon 2007 geringfügig zu abzuändern. Seit ihrer Gründung sind weitere Mitgliedstaaten durch eine Reihe von Beitrittsverträgen in die EU eingetreten, von Großbritannien, Irland, Dänemark und Norwegen im Jahr 1972 (obwohl Norwegen letztendlich nicht beitrat), über Griechenland im Jahr 1979, Spanien und Portugal im Jahr 1985, Österreich, Finnland, Norwegen und Schweden im Jahr 1994 (obwohl Norwegen auch diesmal wegen mangelnder Unterstützung beim Referendum nicht beitrat), bis hin zur Tschechischen Republik, Zypern, Estland, Ungarn, Lettland, Litauen, Malta, Polen, der Slowakei und Slowenien im Jahr 2004, Rumänien und Bulgarien im Jahr 2007 und Kroatien im Jahr 2013. Grönland unterzeichnete 1985 einen Vertrag, der dem Land einen Sonderstatus einräumt.",In welchen Jahren traten Spanien und Portugal der Europäischen Union bei?,1985,1985,The passage mentions that 'spanien und portugal' were 'eingetreten' in 1985.,The context states that 'Spanien und Portugal' were 'eingetreten' in the year 1985.,"The context states that Spain and Portugal were included as member states in 1985, which is mentioned in the provided information.",1985,1,1.0,1.0,0.08758169934640525,0.05581395348837209,modular,1.0
57264b3edd62a815002e80ac,xquad.de,"﻿Im Mittelalter hatte das medizinische Wissen stagniert. Die maßgeblichste Darstellung dieser Zeiten kam von der medizinischen Fakultät in Paris in einem Bericht an den König von Frankreich, der dem Himmel die Schuld gab, durch eine Konstellation von drei Planeten im Jahr 1345 eine „große Pest in der Luft“ ausgelöst zu haben. Dieser Bericht war der erste und am weitesten verbreitete einer Reihe von Pesttraktaten, die den Betroffenen Ratschläge erteilen sollten. Dass die Pest durch schlechte Luft verursacht wurde, entwickelte sich zur am weitesten verbreiteten Theorie. Heute ist dies bekannt als die Miasma-Theorie. Das Wort „Pest“ hatte zu diesem Zeitpunkt keine besondere Bedeutung, und erst das Wiederauftreten von Krankheitsausbrüchen im Mittelalter gab der Pest ihren Namen, der in der Folge zum medizinischen Begriff wurde.","Was ist die neuere, weitgehend akzeptierte Theorie hinter der Verbreitung der Pest?",Dass die Pest durch schlechte Luft verursacht wurde,die Miasma-Theorie,Das Wort 'Miasma' hat zu diesem Zeitpunkt keine besondere Bedeutung und wurde erst nach der Wiederauftretung von Krankheitsausbrüchen im Mittelalter zum Begriff gemacht.,"Die Miasma-Theorie ist die neuere, weitgehend akzeptierte Theorie hinter der Verbreitung der Pest. Sie wurde erst in der Folge zum medizinischen Begriff.","The context states that today's understanding of the plague is based on the Miasma theory, which was first introduced during the Middle Ages.",die Miasma-Theorie,0,0.2,0.2941176470588235,0.29765545361875634,0.22222222222222224,modular,1.0
5726847f708984140094c8ae,xquad.de,"Lindisfarne sind eine Folk-Rock Gruppe mit einer starken Verbindung zur Region Tyneside. Ihr berühmtester Song, „Fog on the Tyne“ (1971), wurde 1990 auch von dem in Newcastle geborenen Ex-Profifußballer Paul Gascoigne gecovert. Die Gruppe Venom, die viele für die Begründer des Black Metal und äußerst einflussreich für die gesamte extreme Metal-Szene halten, wurde 1979 in Newcastle gegründet. Folk-Metal-Band Skyclad, die oft als die erste Folk-Metal-Band angesehen wird, gründete sich ebenfalls in Newcastle nach der Auflösung der von Martin Walkyier geführten Thrash-Metal-Band Sabbat. Andy Taylor, ehemaliger Leadgitarrist von Duran Duran, wurde 1961 in der Stadt geboren. Brian Johnson war Mitglied der lokalen Rockband Geordie, bevor er zum Leadsänger von AC/DC wurde.",Welche Band wird oft als die erste Folk-Metal-Gruppe angesehen?,Skyclad,Skyclad,"Skyclad, born in Newcastle in 1979 and founded in 1979, is explicitly mentioned as the first folk metal band.","The passage states that 'Folk-Metal-Band Skyclad, which often holds the title of the first folk metal band, was founded in Newcastle in 1979.' This directly answers the question.","The context states that Skyclad was founded in Newcastle in 1979, which is later than the year mentioned in the question (2005). Therefore, it can be concluded that Skyclad is often considered the first folk-metal band.",Skyclad,1,1.0,1.0,0.2009456264775413,0.10526315789473685,modular,1.0
572a04d51d046914007796cd,xquad.de,"Im Gegensatz dazu erreichen differenzierte Effektorzellen, wie cytotoxische natürliche Killerzellen und CTLs (cytotoxische T-Lymphozyten), während der Wachperioden einen Aktivitätshöhepunkt, um eine wirksame Reaktion gegen eindringende Pathogene auszulösen. Auch entzündungshemmende Moleküle wie Cortisol und Katecholamine sind während der aktiven Wachphase am stärksten. Es gibt zwei Theorien, weshalb der entzündungsfördernde Zustand für die Schlafzeit reserviert ist. Erstens würde eine Entzündung zu ernsthaften kognitiven und körperlichen Beeinträchtigungen führen, wenn sie während der Wachzeiten auftreten würde. Zweitens kann eine Entzündung während der Schlafzeiten aufgrund des Vorhandenseins von Melatonin auftreten. Entzündungen verursachen einen hohen oxidativen Stress und das Vorhandensein von Melatonin während der Schlafphasen könnte der Produktion freier Radikale während dieser Zeit aktiv entgegenwirken.","Was sind Beispiele für differenzierte Effektorzellen, die während der Wachphasen ihren Aktivitätshöhepunkt erreichen?","cytotoxische natürliche Killerzellen und CTLs (cytotoxische T-Lymphozyten),",Cytotoxische natürliche Killerzellen und CTLs (cytotoxische T-Lymphozyten),The passage mentions these two types of effector cells during the active phase.,"The context states that differenzialisierte Effektorzellen, wie cytotoxische natürliche Killerzellen und CTLs, erreichen während der Wachphasen einen Aktivitätshöhepunkt.",The context states that differentiating between cytotoxemic natural killer cells (CTLs) and cytotoxic T lymphocytes (CTLs) is relevant to understanding their roles during the active phase of the immune response.,Cytotoxische natürliche Killerzellen und CTLs (cytotoxische T-Lymphozyten),1,1.0,1.0,0.13265306122448983,0.1904761904761905,modular,1.0
5733a32bd058e614000b5f32,xquad.de,"Ihre lokalen Rivalen, Polonia Warschau, haben deutlich weniger Anhänger. Dennoch gelang es ihnen, die Ekstraklasa-Meisterschaft im Jahr 2000 zu gewinnen. Sie gewannen auch die Landesmeisterschaft von 1946 und holten zwei Mal den Pokal. Das Heimstadion Polonias befindet sich in der Konwiktorska-Straße, zehn Gehminuten nördlich der Altstadt. Polonia wurde 2013 wegen seiner katastrophalen finanziellen Situation aus der Spitzengruppe des Landes verwiesen. Sie spielen nun in der vierten Liga (5. Rang in Polen) – der untersten Profiliga in der Struktur des Polnischen Fußballverbandes (PZPN).",Wer gewann 2000 die Ekstraklasa-Meisterschaft?,Polonia Warschau,Polonia Warschau,The context provides specific information about Poland's football league system and their achievements in various competitions.,"The context states that 'Dennoch gelang es ihnen, die Ekstraklasa-Meisterschaft im Jahr 2000 zu gewinnen', which means 'However, they were unable to win the Ekstraklasa-Meisterschaft in 2000'. This directly answers the question.","The context states that Poland won the Ekstraklasa-Meisterschaft in 2000, which is consistent with the information provided in the question.",Polonia Warschau,1,1.0,1.0,0.2561151079136691,0.2181818181818182,modular,1.0
5727de862ca10214002d9862,xquad.de,"Politik: UN-Generalsekretär Ban Ki-moon; amerikanische politische Führer John Hancock, John Adams, John Quincy Adams, Rutherford B. Hayes, Theodore Roosevelt, Franklin D. Roosevelt, John F. Kennedy, Al Gore, George W. Bush und Barack Obama; chilenischer Präsident Sebastián Piñera; kolumbianischer Präsident Juan Manuel Santos; costa-ricanischer Präsident José María Figueres; mexikanische Präsidenten Felipe Calderón, Carlos Salinas de Gortari und Miguel de la Madrid; mongolischer Präsident Tsakhiagiin Elbegdorj; peruanischer Präsident Alejandro Toledo; taiwanischer Präsident Ma Ying-jeou; kanadischer Generalgouverneur David Lloyd Johnston; indisches Parlamentsmitglied Jayant Sinha; albanischer Premierminister Fan S. Noli; kanadische Ministerpräsidenten Mackenzie King und Pierre Trudeau; griechischer Ministerpräsident Antonis Samaras; israelischer Ministerpräsident Benjamin Netanyahu; ehemaliger pakistanische Ministerpräsidentin Benazir Bhutto; Minister für Wohnungsbau und Stadtentwicklung der Vereinigten Staaten Shaun Donovan; kanadischer politischer Führer Michael Ignatieff; pakistanische Mitglieder der Provinzversammlung Murtaza Bhutto und Sanam Bhutto; bangladeschischer Finanzminister Abul Maal Abdul Muhith; Präsident von Puntland Abdiweli Mohamed Ali; US-Botschafter bei der Europäischen Union Anthony Luzzatto Gardner.","Wer ist der costa-ricanische Präsident, der in Harvard studierte?",José María Figueres,Jayant Sinha,Jayant Sinha was a former member of the Costa Rican Parliament and has been serving as the Costa Rican President since 2019.,"The context provides information about various political figures who have served as Costa Rican presidents, including Jayant Sinha. It mentions him as a former member of the Costa Rican Parliament.",Jayant Sinha studied at Harvard University from 1999 to 2005. This information directly supports the claim that he was Costa Rican's President in 2005.,Jayant Sinha,0,0.0,0.32258064516129037,0.1498233215547703,0.022598870056497175,modular,1.0
572685cd5951b619008f7576,xquad.de,"Das Victoria and Albert Museum hat seinen Ursprung in der Great Exhibition 1851, an deren Planung Henry Cole, der erste Direktor des Museums, beteiligt war; zunächst war es als Museum für Design und Kunsthandwerk bekannt, das im Mai 1852 im Marlborough House erstmals eröffnet wurde, aber bis September in das Somerset House verlegt wurde. Zu diesem Zeitpunkt umfassten die Sammlungen sowohl die angewandte Kunst als auch die Wissenschaft. Mehrere Ausstellungsexponate wurden erworben, um den Kern der Sammlung zu bilden. Bis Februar 1854 wurden bereits Diskussionen über die Verlegung des Museums an den heutigen Standort geführt und es wurde in South Kensington Museum umbenannt. Im Jahr 1855 entwarf der deutsche Architekt Gottfried Semper auf Wunsch von Cole einen Entwurf für das Museum, der jedoch vom Handelsrat wegen zu teurer Kosten abgelehnt wurde. Auf dem Gelände befand sich das Brompton Park House; dies wurde um die ersten 1857 eröffneten Erfrischungsräume erweitert, wodurch das Museum das erste der Welt wurde, das eine solche Einrichtung bereitstellte.",Wohin wurde das Victoria and Albert Museum von seinem ursprünglichen Standort im Marlborough House verlegt?,Somerset House,South Kensington Museum,"The passage mentions that 'im Jahr 1855 entwarf der deutsche Architekt Gottfried Semper auf Wunsch von Cole einen Entwurf für das Museum, der jedoch vom Handelsrat wegen zu teurer Kosten abgelehnt wurde'. This evidence directly supports the answer that the museum was moved to South Kensington Museum.","The context states that 'Bis Februar 1854 wurden bereits Diskussionen über die Verlegung des Museums an den heutigen Standort geführt', indicating that the museum was moved to South Kensington Museum.","The context states that the museum was moved from Marlborough House to South Kensington Museum in 1855, which is consistent with the information provided in the question.",South Kensington Museum,0,0.0,0.4864864864864865,0.37631184407796103,0.2032085561497326,modular,1.0
57268e2bf1498d1400e8e3b2,xquad.de,"Die wichtigsten Verträge, aus denen sich die Europäische Union zusammensetzt, begannen mit gemeinsamen Regeln für Kohle und Stahl und später Regeln für Atomenergie. Vollständigere und formellere Institutionen wurden durch den Vertrag von Rom 1957 und den Vertrag von Maastricht 1992 (heute: AEUV) geschaffen. Kleinere Änderungen wurden in den 1960er und 1970er Jahren vorgenommen. In der Einheitlichen Europäischen Akte wurden 1986 wichtige Änderungsverträge unterzeichnet, um die Entwicklung eines einheitlichen Binnenmarkts abzuschließen, die Entwicklung eines sozialeren Europa im Vertrag von Amsterdam 1997 voranzutreiben und die relative Macht der Mitgliedstaaten in den EU-Institutionen im Vertrag von Nizza 2001 und im Vertrag von Lissabon 2007 geringfügig zu abzuändern. Seit ihrer Gründung sind weitere Mitgliedstaaten durch eine Reihe von Beitrittsverträgen in die EU eingetreten, von Großbritannien, Irland, Dänemark und Norwegen im Jahr 1972 (obwohl Norwegen letztendlich nicht beitrat), über Griechenland im Jahr 1979, Spanien und Portugal im Jahr 1985, Österreich, Finnland, Norwegen und Schweden im Jahr 1994 (obwohl Norwegen auch diesmal wegen mangelnder Unterstützung beim Referendum nicht beitrat), bis hin zur Tschechischen Republik, Zypern, Estland, Ungarn, Lettland, Litauen, Malta, Polen, der Slowakei und Slowenien im Jahr 2004, Rumänien und Bulgarien im Jahr 2007 und Kroatien im Jahr 2013. Grönland unterzeichnete 1985 einen Vertrag, der dem Land einen Sonderstatus einräumt.",Wann wurde die Einheitliche Europäische Akte verabschiedet?,1986,1986,The passage directly mentions the date of the first significant agreement for unification in 1986.,"The context states that 'Vom 1986 wichtige Änderungsverträge unterzeichnet, um die Entwicklung eines einheitlichen Binnenmarkts abzuschließen' (In 1986 important change agreements were signed to develop an unifying internal market). This indicates that the European Union was formed in 1986.","The context states that the 'Einheitliche Europäische Akte' was officially approved in 1986, as evidenced by the mention of it being 'vom Vertrag von Rom 1957 und den Vertrag von Maastricht 1992'.",1986,1,1.0,1.0,0.10709677419354835,0.11666666666666667,modular,1.0
57296f293f37b319004783a4,xquad.de,"Die Eigenschaft, Primzahl zu sein (oder nicht), wird Primzahleigenschaft genannt. Eine einfache, aber langsame Methode zur Überprüfung der Primzahleigenschaft einer bestimmten Zahl n ist bekannt als Probedivision. Sie besteht darin, zu testen, ob n ein Vielfaches einer beliebigen ganzen Zahl zwischen 2 und ist. Es wurden Algorithmen entwickelt, die viel effizienter sind als die Probedivision, um die Primzahleigenschaft großer Zahlen zu testen. Dazu gehören der Miller-Rabin-Primzahltest, der schnell ist, aber eine kleine Fehlerwahrscheinlichkeit hat, und der AKS-Primzahltest, der immer die richtige Antwort in polynomieller Zeit liefert, aber zu langsam ist, um praktikabel zu sein. Für Zahlen von Sonderformen, wie z.B. Mersenne-Nummern, stehen besonders schnelle Methoden zur Verfügung. Seit Januar 2016[Update] hat die größte bekannte Primzahl 22.338.618 Stellen.","Wie heißt der Prozess, mit dem sich die die Primzahleigenschaft einer Zahl n prüfen lässt?",Probedivision,Probedivision,"The passage mentions that 'Sie besteht darin, zu testen, ob n ein Vielfaches einer beliebigen ganzen Zahl zwischen 2 und ist.' which refers to the Probedivision process.","The context states that 'Eine einfache, aber langsame Methode zur Überprüfung der Primzahleigenschaft einer bestimmten Zahl n ist bekannt als Probedivision.' This directly answers the question about the method used for checking if a number is prime.",The context states that the process for checking if a number is prime is called the Probedivision method. This aligns with the provided information.,Probedivision,1,1.0,1.0,0.30181086519114686,0.22666666666666666,modular,1.0
57309ef18ab72b1400f9c603,xquad.de,"Die Korrelation zwischen Kapitalismus, Aristokratie und Imperialismus wird von Historikern und politischen Theoretikern seit langem diskutiert. Ein Großteil der Debatte wurde von Theoretikern wie J. A. Hobson (1858–1940), Joseph Schumpeter (1883–1950), Thorstein Veblen (1857–1929) und Norman Angell (1872–1967) geführt. Diese nicht-marxistischen Schriftsteller waren zwar vor dem Ersten Weltkrieg am produktivsten, blieben jedoch auch in den Zwischenkriegsjahren aktiv. Ihre gemeinsame Arbeit diente der Untersuchung des Imperialismus und seiner Auswirkungen auf Europa und trug zu Überlegungen über den Aufstieg des militärisch-politischen Komplexes in den Vereinigten Staaten in den 1950er Jahren bei. Hobson argumentierte, dass inländische Sozialreformen die internationale Krankheit des Imperialismus heilen könnten, indem sie ihr das wirtschaftliches Fundament entziehen. Hobson theoretisierte, dass staatliche Intervention durch Besteuerung den Konsum breiter machen, Reichtum schaffen und eine friedliche, tolerante und multipolare Weltordnung fördern könnte.","Hobson behauptete, dass der Imperialismus eine internationale was sei?",Krankheit,Internationale Krankheit,J. A. Hobson (1858-1940) wrote extensively about the impact of imperialism and its effects on Europe.,The context states that Hobson argued that inländische Sozialreformen could heal the international aspect of imperialism by removing its economic foundation.,The context states that Hobson argued that inländische Sozialreformen could heal the international disease of imperialism through economic incentives.,Internationale Krankheit,0,0.6666666666666666,0.5454545454545454,0.15275310834813494,0.04054054054054054,modular,1.0
5726da89dd62a815002e92b3,xquad.de,"Ein Apothekentechniker in Großbritannien gilt als Angehöriger eines Gesundheitsberufes und arbeitet häufig nicht unter der direkten Aufsicht eines Apothekers (wenn er in einer Krankenhausapotheke beschäftigt ist), sondern wird von anderen leitenden Apothekentechnikern beaufsichtigt und geführt. In Großbritannien ist der Aufgabenbereich von Apothekentechnikern gewachsen und die Verantwortung für die Verwaltung der Apothekenabteilung und der Fachbereiche in der Apothekenpraxis wurde an sie übertragen. Dies gibt den Apothekern die Möglichkeit, sich in ihrem Fachgebiet als Medikationsberater zu spezialisieren und mehr Zeit mit Patienten und in der Forschung zu verbringen. Ein Apothekentechniker, der sich einmal qualifiziert hat, muss sich im Register der General Pharmaceutical Council (GPhC) als Fachmann registrieren lassen. Das GPhC ist das Leitungsgremium für Angehörige der Gesundheitsberufe in der Pharmazie, und regelt die Praxis der Apotheker und Apothekentechniker.",Bei welcher Stelle muss sich ein Apothekentechniker registrieren?,Register der General Pharmaceutical Council (GPhC),im Register der General Pharmaceutical Council (GPhC),"Das GPhC ist das Leitungsgremium für Angehörige der Gesundheitsberufe in der Pharmazie, und regelt die Praxis der Apotheker und Apothekentechniker.","Die context zeigt, dass ein Apothekentechniker, der sich einmal qualifiziert hat, muss sich im Register der General Pharmaceutical Council (GPhC) als Fachmann registrieren lassen.","The context states that the registration for the General Pharmaceutical Council (GPhC) was introduced in 1999, which matches the year mentioned in the question.",im Register der General Pharmaceutical Council (GPhC),0,0.923076923076923,0.9696969696969697,0.26149684400360684,0.2818791946308725,modular,1.0
572fcc43b2c2fd140056847f,xquad.de,"Vorbehaltene Angelegenheiten sind Themen, die außerhalb der legislativen Zuständigkeit des schottischen Parlaments liegen. Das schottische Parlament ist nicht in der Lage, Gesetze zu solchen Fragen zu erlassen, die Westminster vorbehalten sind und dort behandelt werden (und wo die Ministerfunktionen normalerweise bei britischen Ministern liegen). Dazu gehören die Themen Abtreibung, Rundfunkpolitik, öffentlicher Dienst, gemeinsame Märkte für britische Waren und Dienstleistungen, die Verfassung, Elektrizität, Kohle, Öl, Gas, Kernenergie, Verteidigung und nationale Sicherheit, Drogenpolitik, Beschäftigung, Außenpolitik und Beziehungen zu Europa, die meisten Aspekte der Verkehrssicherheit und -regulierung, die Nationallotterie, der Schutz der Grenzen, soziale Sicherheit und die Stabilität des britischen Steuer-, Wirtschafts- und Währungssystems.",Wo werden Themen wie Abtreibung und Drogenpolitik geregelt?,Westminster,Brittisch,"Die Quelle lautet in der Fragestellung: 'Dazu gehören die Themen Abtreibung, Rundfunkpolitik, öffentlicher Dienst, gemeinsame Märkte für britische Waren und Dienstleistungen, die Verfassung, Elektrizität, Kohle, Öl, Gas, Kernenergie, Verteidigung und nationale Sicherheit'.","Das Schottische Parlament hat keine Berechtigung, Gesetze über bestimmte Themen zu erlassen, die Westminster vorbehalten sind und dort behandelt werden (und wo die Ministerfunktionen normalerweise bei britischen Ministern liegen). Dazu gehören die Themen Abtreibung, Rundfunkpolitik, öffentlicher Dienst, gemeinsame Märkte für britische Waren und Dienstleistungen, die Verfassung, Elektrizität, Kohle, Öl, Gas, Kernenergie, Verteidigung und nationale Sicherheit.","The context states that these topics were discussed at the 2005 meeting of the Scottish Parliament, which is consistent with the information provided about the 2005 constitutional convention in Scotland. The context mentions that these issues were not within the legislative competence of the Scottish Parliament, as they relate to Westminster's jurisdiction and would be handled there rather than being addressed here. Therefore, the correct answer aligns with the information given in the context.",Brittisch,0,0.0,0.30000000000000004,0.47460757156048017,0.641025641025641,modular,1.0
5728d63c4b864d1900164f1a,xquad.de,"Nach dem Peterloo-Massaker von 1819 schrieb der Dichter Percy Shelley später in demselben Jahr das politische Gedicht The Mask of Anarchy, das mit der Darstellung der seiner Meinung nach ungerechten Formen der Autorität seiner Zeit beginnt - und anschließend stellt er dann eine neue Form des sozialen Handelns vor. Es ist vielleicht die erste moderne [vage] Darstellung des Prinzips des gewaltfreien Protests. Eine Variation dessen wurde von dem Schriftsteller Henry David Thoreau in seinem Aufsatz Civil Disobedience und später von Gandhi in seiner Lehre vom Satyagraha aufgegriffen. Gandhis Satyagraha war teilweise beeinflusst und inspiriert von Shelleys Gewaltlosigkeit bei Protest und politischem Handeln. Insbesondere ist bekannt, dass Gandhi Shelley's Mask of Anarchy während der Kampagne für ein freies Indien oft einem breiten Publikum vorstellte.",Welches Prinzip wurde in The Mask of Anarchy dargestellt?,gewaltfreien Protests,die Gewaltlosigkeit bei Protest und politischem Handeln,Shelley writes: 'Es ist vielleicht die erste moderne [vage] Darstellung des Prinzips des gewaltfreien Protests.' (It may be the first modern vague representation of the principle of the free struggle.),The context states that Shelley later wrote in his political poem 'The Mask of Anarchy' that he believed in the principle of anarchy and rebellion against authority.,"The context states that The Mask of Anarchy was written in 1819, which is before 2005. Therefore, it can be inferred that the 'Mask of Anarchy' refers to an earlier form of political expression than the one mentioned in the question.",die Gewaltlosigkeit bei Protest und politischem Handeln,0,0.0,0.4736842105263158,0.32780487804878045,0.11034482758620691,modular,1.0
572fadcbb2c2fd140056832c,xquad.de,"Der Scotland Act 1978 sah die Einrichtung eines gewählten Regionalparlaments in Edinburgh vor, vorausgesetzt, dass die Mehrheit der schottischen Wählerschaft in einem Referendum am 1. März 1979 für das Gesetz stimmte und diese Mehrheit mindestens 40 % aller Wahlberechtigten repräsentierte. Das Referendum zur Dezentralisierung Schottlands im Jahr 1979 zur Einrichtung einer dezentralen schottischen Versammlung scheiterte. Obwohl 51,6 % für die Einrichtung des schottischen Regionalparlaments stimmten, entsprach diese Zahl nicht der für die Verabschiedung als notwendig angesehenen Schwelle von 40 % der Gesamtzahl der Wahlberechtigten, da 32,9 % der wahlberechtigten Bevölkerung nicht abstimmten oder nicht abstimmen konnten.",Welcher Prozentsatz stimmte für ein schottisches Regionalparlament?,"51,6 %","51,6%",This quote directly addresses the question and provides the correct percentage for the establishment of a regional parliament in Scotland.,"The passage states that '51,6 % für die Einrichtung des schottischen Regionalparlaments' (51.6% for the establishment of the Scottish Parliament) was the result of a referendum held in March 1979.","The context states that the referendum for the establishment of a regional parliament was held on March 1, 1979, which is equivalent to 2005 in terms of years since 1999.","51,6%",1,1.0,1.0,0.24494649227110588,0.1724137931034483,modular,1.0
57284d484b864d1900164902,xquad.de,"Nach den 1940er Jahren wurde der gotische Stil auf dem Campus von modernen Stilrichtungen abgelöst. 1955 wurde Eero Saarinen beauftragt, einen zweiten Masterplan zu entwerfen, welcher zur Errichtung von Gebäuden sowohl nördlich als auch südlich des Midway führte, darunter das Laird Bell Law Quadrangle (einer von Saarinen entworfenen Anlage); eine Reihe geisteswissenschaftlicher Gebäude; ein von Ludwig Mies van der Rohe für die School of Social Service Administration der Universität entworfenes Gebäude; ein Gebäude von Edward Durrell Stone, welches die Harris School of Public Policy Studies beherbergen wird, und die Regenstein Library, das größte Gebäude auf dem Campus, eine von Walter Netsch vom Chicagoer Büro Skidmore, Owings & Merrill entworfene brutalistische Struktur. Ein weiterer, 1999 entworfener und 2004 aktualisierter Masterplan brachte das Gerald Ratner Athletics Center (2003), die Max Palevsky Residential Commons (2001), die South Campus Residence Hall und Mensa (2009), ein neues Kinderkrankenhaus und andere Neubauten, Erweiterungen und Restaurierungen. 2011 schloss die Universität die glaskuppelförmige Joe and Rika Mansueto Library ab, welche einen großen Lesesaal für die Universitätsbibliothek bietet und ein Buchlagerhaus außerhalb des Campus unnötig macht.",Für welche Administration entwarf Ludwig Mies van der Rohe ein Gebäude?,School of Social Service Administration,School of Social Service Administration,"Eero Saarinen was beauftragt in 1955 to create a new Masterplan for the University's campus, including a building for the School of Social Service Administration.","The context states that in 1955, Eero Saarinen was beauftragt, which led to the creation of a new Masterplan for the University's campus, including a building for the School of Social Service Administration.","The context states that in 1999, Ludwig Mies van der Rohe was commissioned for the School of Social Service Administration, which is mentioned in the provided information as one of the buildings designed by him.",School of Social Service Administration,1,1.0,1.0,0.19007092198581568,0.11822660098522168,modular,1.0
5729e2316aef0514001550c7,xquad.de,"Der Amazonas-Regenwald (portugiesisch: Floresta Amazônica oder Amazônia; Spanisch: Selva Amazónica, Amazonía oder üblich Amazonia; Französisch: Forêt amazonienne; Niederländisch: Amazoneregenwoud), auf Deutsch auch unter dem Namen Amazonien oder der Amazonasdschungel bekannt, ist ein feuchter Laubwald, der den größten Teil des Amazonasbeckens Südamerikas bedeckt. Dieses Becken umfasst 7.000.000 Quadratkilometer (2.700.000 Quadratmeilen), von denen 5.500.000 Quadratkilometer (2.100.000 Quadratmeilen) vom Regenwald bedeckt sind. Diese Region umfasst Gebiete, die zu neun Nationen gehören. Der größte Teil des Waldes befindet sich mit 60% in Brasilien, gefolgt von Peru mit 13% und Kolumbien mit 10%. In Venezuela, Ecuador, Bolivien, Guyana, Suriname und Französisch-Guayana befinden sich ebenfalls kleine Regenwaldanteile. Staaten oder Bezirke in vier Nationen enthalten das Wort „Amazonas“ in ihrem Namen. Der Amazonas repräsentiert über die Hälfte der verbleibenden Regenwälder des Planeten und umfasst mit geschätzten 390 Milliarden Einzelbäumen, die in 16.000 Arten unterteilt sind, den größten und artenreichsten tropischen Regenwald der Welt.",Welche Nation enthält den größten Teil des Amazonaswaldes?,Brasilien,Brasilien,"Das Text erläutert, dass Brasilien die größte Nation im Bereich der Amazonas-Regenwalde hat.","Die Quelle am Ende des Textes betont, dass Brasilien die größte Nation im Bereich der Amazonas-Regenwalde hat.","The context states that the region covers 7.000.000 Quadratkilometer (2.700.000 Quadratmeilen) of the Amazonasbeckens Südamerikas, which is approximately 2005 years old according to the given information.",Brasilien,1,1.0,1.0,0.14429530201342278,0.0736196319018405,modular,1.0
57338007d058e614000b5bda,xquad.de,"Warschau war während seiner gesamten Existenz eine multikulturelle Stadt. Laut der Volkszählung von 1901 waren von 711.988 Einwohnern 56,2% Katholiken, 35,7% Juden, 5% griechisch-orthodoxe Christen und 2,8% Protestanten. Acht Jahre später, im Jahr 1909, gab es 281.754 Juden (36,9%), 18.189 Protestanten (2,4%) und 2.818 Mariaviten (0,4%). Dies führte zum Bau von Hunderten von religiösen Kultstätten in allen Teilen der Stadt. Die meisten von ihnen wurden nach dem Warschauer Aufstand von 1944 zerstört. Nach dem Krieg rieten die neuen kommunistischen Behörden Polens vom Kirchenbau ab und nur wenige wurden wiederaufgebaut.",Welche Art von Stadt ist Warschau schon immer gewesen?,eine multikulturelle Stadt,multikulturell,"The passage mentions that there were different religious groups like Catholics, Jews, Greeks, and Protestants living together in the city.",The context states that Warschau was a 'multikulturelle Stadt' throughout its entire existence.,"The context states that Warschau was a multikultural city until 1901, which is when the first census was taken. The information provided supports this claim.",multikulturell,0,0.0,0.7,0.2510460251046025,0.06,modular,1.0
5726e37ef1498d1400e8eeda,xquad.de,"Die Kostümsammlung ist die umfangreichste in Großbritannien und umfasst über 14.000 Kostüme und Accessoires, die hauptsächlich aus dem Zeitraum von 1600 bis heute stammen. Kostümskizzen, Design-Notizbücher und andere Papierstücke sind normalerweise in der Abteilung Wort und Bild zu finden. Da Alltagskleidung aus früheren Epochen in der Regel nicht überlebt hat, wird die Kollektion von modischen, für besondere Anlässe konzipierten Kleidern dominiert. Eines der ersten bedeutenden Kostümgeschenke kam dazu im Jahr 1913, als das Victoria and Albert Museum die Talbot Hughes-Kollektion samt 1.442 Kostümen und Gegenständen als Geschenk von Harrods nach einer Ausstellung im nahegelegenen Kaufhaus erhielt.","Warum wird die Kollektion von modischen Kleidern dominiert, die für besondere Anlässe entworfen wurden?",Da Alltagskleidung aus früheren Epochen in der Regel nicht überlebt hat,A concise answer to the question,The passage mentions that the Victoria and Albert Museum's collection included 1. 442 kimonos and accessories designed specifically for special occasions.,The context states that the collection of modish clothing for special occasions was dominant due to its focus on contemporary fashion trends.,"The context states that the Victoria and Albert Museum received a Talbot Hughes-Kollektion as a gift from Harrods in 1913, which was presented at an exhibition in the nearby store. This indicates that the collection of modish, special occasion clothing was introduced during this period, making it a significant part of the museum's collection. The context also mentions that these items were designed for specific occasions, suggesting they were tailored for special events or celebrations. Therefore, the collection is likely dominated by modish, special occasion clothing for such occasions.",A concise answer to the question,0,0.0,0.26530612244897955,0.2535885167464115,0.0,modular,1.0
57273e50dd62a815002e9a04,xquad.de,"Das Engineering News-Record (ENR) ist ein Fachmagazin für die Baubranche. Das ENR stellt jedes Jahr Daten zur Größe von Planungs- und Bauunternehmen zusammen und berichtet darüber. Sie veröffentlichen eine Liste der größten Unternehmen in den USA (Top-40) und eine Liste der größten globalen Unternehmen (Top-250, nach Umfang der Arbeit, die sie außerhalb ihres Heimatlandes leisten). Im Jahre 2014 hat das ENR die Daten für neun Branchensegmente zusammengestellt. Die Branche wurde unterteilt in Transport, Erdöl, Gebäude, Strom, Industrie, Wasser, Produktion, Kanalisation/Abfall, Telekommunikation, Sondermüll sowie eine zehnte Kategorie für andere Projekte. In ihrer Berichterstattung über die Top 400 verwendeten sie Daten zu Transport, Kanalisation, Sondermüll und Wasser, um Unternehmen als Großunternehmer einzustufen.",In welchem ​​Jahr hat das ENR Daten für neun Branchensegmente erhoben?,2014,2014,"Die Quelle des Textes lautet Das Engineering News-Record (ENR), und sie beschreibt, dass es im Jahr 2014 Daten für neun Branchensegmente zusammengestellt hat.",The context states that 'Im Jahre 2014 hat das ENR die Daten für neun Branchensegmente zusammengestellt'. This directly answers the question.,"The context states that the ENR published data for neun Branchensegmente in 2014, which matches the information given in the question.",2014,1,1.0,1.0,0.2829989440337909,0.18604651162790697,modular,1.0
572fcc43b2c2fd140056847e,xquad.de,"Vorbehaltene Angelegenheiten sind Themen, die außerhalb der legislativen Zuständigkeit des schottischen Parlaments liegen. Das schottische Parlament ist nicht in der Lage, Gesetze zu solchen Fragen zu erlassen, die Westminster vorbehalten sind und dort behandelt werden (und wo die Ministerfunktionen normalerweise bei britischen Ministern liegen). Dazu gehören die Themen Abtreibung, Rundfunkpolitik, öffentlicher Dienst, gemeinsame Märkte für britische Waren und Dienstleistungen, die Verfassung, Elektrizität, Kohle, Öl, Gas, Kernenergie, Verteidigung und nationale Sicherheit, Drogenpolitik, Beschäftigung, Außenpolitik und Beziehungen zu Europa, die meisten Aspekte der Verkehrssicherheit und -regulierung, die Nationallotterie, der Schutz der Grenzen, soziale Sicherheit und die Stabilität des britischen Steuer-, Wirtschafts- und Währungssystems.",Die in Westminster behandelten Themen können von wem nicht behandelt werden?,Das schottische Parlament,Westminster,"The passage directly mentions Westminster and their inability to deal with certain topics, such as Abtreibung, Rundfunkpolitik, and others.","The context explicitly states that the Schottish Parliament is not in the position to handle these specific issues, which include Abtreibung, Rundfunkpolitik, öffentlicher Dienst, gemeinsame Märkte für britische Waren und Dienstleistungen, die Verfassung, Elektrizität, Kohle, Öl, Gas, Kernenergie, Verteidigung und nationale Sicherheit.","The context states that these topics are not within the legislative competence of the Scottish Parliament, which is not in Westminster's jurisdiction. The list includes areas such as abrogation, radio policy, public services, joint market for British goods and services, constitutional law, electricity, coal, oil, gas, nuclear energy, defense, employment, foreign relations with Europe, transportation safety, border security, social security, and the stability of the UK economy and currency system. ",Westminster,0,0.0,0.33333333333333337,0.23455497382198953,0.32857142857142857,modular,1.0
5725c337271a42140099d166,xquad.de,"Fast alle Rippenquallen sind Raubtiere. Ihre Beute reicht von mikroskopisch kleinen Larven und Rädertierchen bis hin zu erwachsenen Kleinkrustentieren. Die Ausnahme bilden die Jungfische zweier Arten, die als Parasiten auf Salpidae leben, von denen sich die erwachsenen Tiere ihrer Art ernähren. Unter günstigen Umständen können Rippenquallen das Zehnfache ihres Eigengewichts an einem Tag essen. Nur 100-150 Arten wurden bisher bestätigt. Weitere 25 mögliche Arten wurden nicht vollständig beschrieben und benannt. Ein Lehrbuchbeispiel für Rippenquallenarten sind die Cydippida mit ihren eiförmigen Körpern und einem Paar einziehbarer, mit Tentillen („kleine Tentakel“) umsäumten Tentakeln, die mit Colloblasten, klebrigen Zellen, bedeckt sind, die die Beute fangen. Der Stamm der Rippenquallen verfügt über eine Vielzahl von Körperformen, darunter die abgeflachten, tiefseetauglichen Platyctenida, bei denen den Erwachsenen der meisten Arten die Kämme fehlen, und die Küstenberoiden, die keineTentakel besitzen und andere Rippenquallen mit ihren riesigen Mündern mit großen, steifen Zilien jagen, die als Zähne fungieren. Da die Rippenquallen sich auf verschiedene Beutearten spezialisiert haben, die sie mit einer genauso breiten Palette an Jagdmethoden wie Spinnentiere fangen, ermöglichen diese Variationen es den verschiedenen Arten, riesige Populationen im gleichen Gebiet aufzubauen.","Was haben die Küstenberoiden nicht, was andere Rippenquallen haben?",Tentakel,keine Tentakel,The passage mentions that the Küstenberoiden 'können keine Tentakel besitzen'.,"The context states that the Küstenberoiden, which are another type of Rippenquallen, do not have tentacles.","The context states that the Küstenberoiden have no tentacles, while the other Rippenquallen do have tentacles. This information is directly provided in the given text.",keine Tentakel,0,0.6666666666666666,0.7272727272727273,0.0941011235955056,0.020512820512820513,modular,1.0
57114667a58dae1900cd6d82,xquad.de,"Das nützlichste Messgerät zur Analyse der Leistung von Dampfmaschinen ist der Dampfmaschinen-Indikator. Frühe Versionen waren ab 1851 in Gebrauch, aber der erfolgreichste Indikator wurde für den Erfinder von Hochgeschwindigkeitsmaschinen, Charles Porter, von Charles Richard entwickelt und 1862 bei der London Exhibition präsentiert. Der Dampfmaschinen-Indikator zeichnet auf einem Papier den Druck im Zylinder über den Zyklus auf, was zum Aufspüren verschiedener Probleme und zur Berechnung der entwickelten Pferdestärken genutzt werden kann. Er wurde von Ingenieuren, Mechanikern und Versicherungsinspektoren routinemäßig eingesetzt. Der Maschinen-Indikator kann auch bei Verbrennungsmotoren verwendet werden. Siehe unten die Abbildung eines Indikatordiagramms (im Abschnitt zu den Motorarten).",Welches Unternehmen entwickelte den erfolgreichsten Dampfmaschinen-Indikator?,Charles Porter,Charles Porter,The passage mentions that Charles Porter was the first person to develop this instrument and it was successful enough to be used in the London Exhibition in 1862.,"The context explicitly states that the Dampfmaschinen-Indikator was developed for the Erfinder von Hochgeschwindigkeitsmaschinen, Charles Porter.","Charles Porter is indeed credited as the inventor of the first successful Dampfmaschinen-Indikator, which was developed for his work on high-speed machines. The context states that he developed this device in 1862 at the London Exhibition, making it one of the earliest examples of its kind. This information directly supports the claim made in the question about the company that developed this innovative instrument.",Charles Porter,1,1.0,1.0,0.25349087003222337,0.12612612612612611,modular,1.0
570610b275f01819005e792c,xquad.de,"In Südkalifornien befindet sich der Los Angeles International Airport, gemessen am Passagieraufkommen der zweitgrößte Flughafen in den USA (siehe die größten Flughäfen der Welt nach Passagieraufkommen) und der drittgrößte gemessen am internationalen Passagieraufkommen (siehe größte Flughäfen in den USA nach internationalem Passagieraufkommen). Der Internationale Flughafen von San Diego ist weltweit der verkehrsreichste Flughafen mit nur einer Start- und Landebahn. Van Nuys Airport ist der weltweit verkehrsreichste Flughafen in Bezug auf allgemeine Luftfahrt. Wichtige kommerzielle Flughäfen befinden sich in Orange County, Bakersfield, Ontario, Burbank und Long Beach. Darüber hinaus gibt es zahlreiche kleinere Flughäfen für die kommerzielle und allgemeine Luftfahrt.",Welchen Rang hat der Internationale Flughafen von Los Angeles in der Liste der Flughäfen mit dem größten internationalen Passagieraufkommen?,drittgrößte,2,The passage mentions that the Internationale Flughafen von Los Angeles is the second largest fligh airport in the world according to Passagieraufkommen.,The context states that the Internationale Flughafen von Los Angeles is the second largest fligh airport in the world according to Passagieraufkommen.,"The context states that the Internationale Flughafen von Los Angeles is the second largest airport in terms of international passenger traffic, based on data from the World Airports Organization. The answer provided matches this description exactly.",2,0,0.0,0.0,0.26503340757238303,0.13675213675213677,modular,1.0
5725fe63ec44d21400f3d7de,xquad.de,"Fresno ist die größte US-Stadt, die nicht direkt mit einem Interstate-Highway verbunden ist. Als das Interstate-Highway-System in den 1950er Jahren geschaffen wurde, wurde beschlossen, die heutige Interstate 5 auf der Westseite des Central Valley zu bauen und somit viele der Ballungszentren in der Region zu umgehen, anstatt die heutige State Route 99 auszubauen. Aufgrund des raschen Bevölkerungs- und Verkehrsanstiegs in den Städten entlang der SR 99 und der Attraktivität der staatlichen Fördermittel wurde viel darüber diskutiert, die SR 99 auf Interstate-Standards zu modernisieren und sie schließlich in das Interstate-System einzubinden, voraussichtlich als Interstate 9. Derzeit werden umfangreiche Verbesserungen an der Beschilderung, der Fahrbahnbreite, dem mittleren Abstand, der vertikalen Durchfahrtshöhe und anderen Aspekten vorgenommen.",In welchem Jahr wurde das Interstate-Highway-System geschaffen?,in den 1950er Jahren,1950s,The text mentions that the Interstate Highway System was established in the 1950s and that it was designed for interstate travel.,"The passage states that 'Das Interstate-Highway-System in den 1950er Jahren geschaffen wurde', indicating that it was constructed during this period.","The context states that the Interstate Highway System was constructed in the 1950s, which matches the year mentioned in the question as 2005.",1950s,0,0.0,0.31999999999999995,0.2215189873417721,0.12213740458015268,modular,1.0
5726bf325951b619008f7cff,xquad.de,"Die fernöstlichen Sammlungen umfassen über 70.000 Kunstwerke aus den Ländern Ostasiens: nämlich China, Japan und Südkorea. Die T. T. Tsui Galerie der chinesischen Kunst wurde im Jahr 1991 eröffnet und stellt eine repräsentative Sammlung der rund 16.000 im Besitz des V&A befindlichen Gegenstände aus China aus, die vom 4. Jahrtausend v. Chr. bis heute datieren. Obwohl die meisten der ausgestellten Kunstwerke aus den Ming und Qing-Dynastien stammen, gibt es exquisite Beispiele von Objekten aus der Tang-Dynastie und früheren Perioden. Zu den bemerkenswerten Stücken gehören ein meterhoher Bronzekopf des Buddha aus der Zeit um 750 n. Chr., einer der ältesten Gegenstände, ein 2.000 Jahre alter Jadepferdekopf aus einer Bestattung, sowie andere Skulpturen, wie z. B. lebensgroße Grabwächter. Auch zu sehen sind klassische Beispiele der chinesischen Fertigung, darunter Lack, Seide, Porzellan, Jade und Cloisonné-Emaille. Aus dem 18. Jahrhundert stammen zwei große Ahnenporträts eines Mannes und einer Frau, die in Aquarell auf Seide gemalt sind. Es gibt einen einzigartigen chinesischen Lacktisch, der in den kaiserlichen Werkstätten während der Herrschaft des Kaisers Xuande in der Ming-Dynastie hergestellt wurde. Beispiele für Kleidung werden ebenfalls ausgestellt. Eines der größten Objekte ist ein Bett aus der Mitte des 17. Jahrhunderts. Darüber hinaus werden die Arbeiten zeitgenössischer chinesischer Designer präsentiert.","Wie heißt die Galerie, die sich der chinesischen Kunst widmet?",Die T. T. Tsui Galerie,T. T. Tsui Galerie,The passage mentions that the T. T. Tsui Galerie 'eröffnet' in 1991 and lists its location as 'im Jahr 1991 eröffnet'. This directly confirms that it is the T. T. Tsui Galerie.,The context explicitly states that 'Die T. T. Tsui Galerie der chinesischen Kunst' (The T. T. Tsui Gallery of Chinese Art) was opened in 1991.,"The context states that the T. T. Tsui Galerie was opened in 1991, which matches the year mentioned in the question as 2005. ",T. T. Tsui Galerie,0,0.888888888888889,0.8888888888888888,0.18005181347150256,0.08888888888888889,modular,1.0
57111380a58dae1900cd6bd7,xquad.de,"Andere Vorläufer der reformierten Kirche umfassten die reformwilligen sowie die galizischen Katholiken, wie etwa Jacques Lefevre (Jakob Faber) (um 1455 bis 1536). Die Gallizier erlangten für kurze Zeit Unabhängigkeit von der französischen Kirche in dem Gedanken, dass die Religion Frankreichs nicht vom Bischof von Rom, einer ausländischen Macht, kontrolliert werden könne. Während der Reformation veröffentlichte Lefevre, ein Professor an der Universität von Paris, 1523 seine französische Übersetzung des Neuen Testaments gefolgt von der gesamten Bibel in französischer Sprache im Jahr 1530. William Farel studierte bei Lefevre, der später Anführer der Schweizer Reformation wurde und eine protestantische Regierung in Genf errichtete. Jean Cauvin (John Calvin), ein weiterer Student an der Universität von Paris, konvertierte ebenfalls zum Protestantismus. Lange nachdem die Sekte von Franz I. unterdrückt wurde, wollten die verbleibenden französischen Waldenser, damals hauptsächlich im Luberon, sich William Farel, Calvin und der Reformation anschließen. Und Olivetan veröffentlichte eine französische Bibel für sie. Die Confessio Gallicana von 1559 weist einen deutlichen calvinistischen Einfluss auf. Zwischen 1550 und 1589 wurden Mitglieder der reformierten Kirche in Frankreich allgemein als Hugenotten bekannt.[Literaturangabe benötigt]",Wo lehrte dieser reformwillige Anführer?,Universität von Paris,Paris,"Lefevre's work in translating the New Testament into French and publishing it in 1523, which led to the spread of the Reformation in France.",The context states that 'Jacques Lefevre (Jakob Faber) (um 1455 bis 1536)' was a professor at the University of Paris and published his translation of the New Testament in French.,"The context states that William Farel studied at the University of Paris from 1523 until 1530, which aligns with the information provided in the question about his studies.",Paris,0,0.5,0.3846153846153846,0.15983321751216117,0.10945273631840796,modular,1.0
57286951ff5b5019007da20f,xquad.de,"Zu den bedeutenden Alumni in den Wirtschaftswissenschaften zählen Microsofts CEO Satya Nadella, der Gründer der Oracle Corporation und der drittreichste Mann in Amerika Larry Ellison, der CEO von Goldman Sachs und MF Global sowie frühere Gouverneur von New Jersey Jon Corzine, der Gründer von McKinsey & Company und Autor des ersten Lehrbuchs für internes Rechnungswesen James O. McKinsey, Arley D. Cathey, Daniel Doctoroff, CEO von Bloomberg L.P., Brady Dougan, CEO von Credit Suisse, Joe Mansueto, Gründer und CEO von Morningstar, Inc., Thomas S. Ricketts, Eigentümer und Vorsitzender der Chicago Cubs, und NBA-Commissioner Adam Silver.",Wer war der Gründer der Oracle Corporation?,Larry Ellison,Larry Ellison,Oracle Corporation was founded by Larry Ellison in 1976 and has since become one of the world's largest technology companies.,"The passage states that 'der Gründer der Oracle Corporation' refers to Larry Ellison, who was the CEO of Oracle Corporation.",Larry Ellison is explicitly mentioned as the founder of Oracle Corporation in the provided context.,Larry Ellison,1,1.0,1.0,0.25850340136054417,0.14414414414414414,modular,1.0
57378c9b1c456719005744aa,xquad.de,"Durch die Kombination der Definition von elektrischem Strom als Zeitrate der Änderung der elektrischen Ladung beschreibt eine Regel der Vektorvervielfachung namens Lorentzkraft die Kraft auf eine sich in einem Magnetfeld bewegende Ladung. Die Verbindung zwischen Elektrizität und Magnetismus ermöglicht die Beschreibung einer einheitlichen elektromagnetischen Kraft, die auf eine Ladung wirkt. Diese Kraft kann als Summe aus der elektrostatischen Kraft (aufgrund des elektrischen Feldes) und der Magnetkraft (aufgrund des Magnetfeldes) angegeben werden. In seiner Vollständigkeit lautet das Gesetz wie folgt:",Die elektrostatische und die magnetische Kraft werden als Summe wovon angegeben?,elektrostatischen Kraft,A concise answer to the question,"The passage states: 'In its fullness, the Lorentz force is the sum of the electric force and the magnetic force.' This directly addresses the question by providing a clear explanation of how these two forces combine to form the Lorentz force.",The context provides an explanation of how the concept of electric and magnetic forces can be combined into a single force called the Lorentz force. The Lorentz force is described as the sum of the electric force and the magnetic force acting on a charged particle moving through a magnetic field.,"The context states that the full expression of the Lorentz force is given as the sum of the electric field force and the magnetic field force, which are both described in terms of the Lorentz force law. The context provides this information directly without any additional assumptions or approximations. Therefore, the answer provided in the context is correct.",A concise answer to the question,0,0.0,0.31999999999999995,0.33004926108374394,0.0,modular,1.0
5727de862ca10214002d9860,xquad.de,"Politik: UN-Generalsekretär Ban Ki-moon; amerikanische politische Führer John Hancock, John Adams, John Quincy Adams, Rutherford B. Hayes, Theodore Roosevelt, Franklin D. Roosevelt, John F. Kennedy, Al Gore, George W. Bush und Barack Obama; chilenischer Präsident Sebastián Piñera; kolumbianischer Präsident Juan Manuel Santos; costa-ricanischer Präsident José María Figueres; mexikanische Präsidenten Felipe Calderón, Carlos Salinas de Gortari und Miguel de la Madrid; mongolischer Präsident Tsakhiagiin Elbegdorj; peruanischer Präsident Alejandro Toledo; taiwanischer Präsident Ma Ying-jeou; kanadischer Generalgouverneur David Lloyd Johnston; indisches Parlamentsmitglied Jayant Sinha; albanischer Premierminister Fan S. Noli; kanadische Ministerpräsidenten Mackenzie King und Pierre Trudeau; griechischer Ministerpräsident Antonis Samaras; israelischer Ministerpräsident Benjamin Netanyahu; ehemaliger pakistanische Ministerpräsidentin Benazir Bhutto; Minister für Wohnungsbau und Stadtentwicklung der Vereinigten Staaten Shaun Donovan; kanadischer politischer Führer Michael Ignatieff; pakistanische Mitglieder der Provinzversammlung Murtaza Bhutto und Sanam Bhutto; bangladeschischer Finanzminister Abul Maal Abdul Muhith; Präsident von Puntland Abdiweli Mohamed Ali; US-Botschafter bei der Europäischen Union Anthony Luzzatto Gardner.",Welcher UN-Sekretär studierte in Harvard?,Ban Ki-moon,John Adams,John Adams was a prominent figure in American history and served as the second President of the United States (1797–1801). He was born in Massachusetts and attended Harvard University.,"The context provides information about several political figures who studied at Harvard University, including John Adams, John Quincy Adams, and Rutherford B. Hayes. It also mentions that John Adams was a member of the United States Senate.","John Adams studied at Harvard University from 1789 to 1793. The context states that he was the UN-General Secretary from 1961 to 1963, which aligns with his time as a student at Harvard.",John Adams,0,0.0,0.30000000000000004,0.20122365737593473,0.09782608695652173,modular,1.0
56e16182e3433e1400422e29,xquad.de,"Die Komplexitätstheorie ist ein Zweig der Berechnungstheorie in der theoretischen Informatik, der sich darauf konzentriert, Rechenprobleme nach ihrer inhärenten Schwierigkeit zu klassifizieren und diese Klassen miteinander in Beziehung zu setzen. Unter einem Rechenproblem versteht man eine Aufgabe, die grundsätzlich von einem Computer gelöst werden kann. Dies ist gleichbedeutend mit der Aussage, dass das Problem durch die mechanische Anwendung mathematischer Schritte, beispielsweise durch einen Algorithmus, gelöst werden kann.",Nach welchem Hauptattribut werden Rechenprobleme unter Verwendung der Komplexitätstheorie klassifiziert?,nach ihrer inhärenten Schwierigkeit,A Concise Answer to the Question,The passage directly mentions this term and its application in the field of computer science.,The context explicitly states that 'Rechenprobleme nach ihrer inhärenten Schwierigkeit' (problems according to their inherent difficulty) are used for classifying them.,The context explicitly states that the main attribute used for classifying problems is their inherent difficulty or complexity.,A Concise Answer to the Question,0,0.0,0.3870967741935484,0.2171052631578947,0.11494252873563218,modular,1.0
56e7796637bdd419002c4000,xquad.de,"In den Vereinigten Staaten legt jeder Bundesstaat die Anforderungen für die Erteilung einer Lizenz für das Unterrichten an öffentlichen Schulen selbst fest. Das Lehrzertifikat gilt in der Regel für drei Jahre, aber Lehrkräfte können Zertifikate mit einer Dauer von bis zu zehn Jahren erhalten. Lehrkräfte an öffentlichen Schulen müssen über einen -Bachelor-Abschluss verfügen und die Mehrheit muss durch dem Staat zertifiziert sein, in dem sie unterrichten. Viele Charterschulen erfordern keine Zertifizierung ihrer Lehrkräfte, vorausgesetzt, sie erfüllen die durch No Child Left Behind festgelegten Standards einer hohe Qualifikation. Darüber hinaus sind die Anforderungen an Vertretungs- / Aushilfslehrkräfte im Allgemeinen weniger streng als an Lehrkräfte in Vollzeit. Das Bureau of Labour Statistics schätzt, dass in den USA 1,4 Millionen Grundschullehrer/innen, 674.000 Mittelschullehrer/innen und 1 Million Sekundarschullehrer/innen beschäftigt sind.",Welche Einrichtung verlangt unter Umständen keine Zertifizierung ihrer Lehrkräfte?,Charterschulen,Charterschulen,The passage mentions that 'Darüber hinaus sind die Anforderungen an Vertretungs- / Aushilfslehrkräfte im Allgemeinen weniger streng als an Lehrkräfte in Vollzeit'. This indicates that charter schools generally have less stringent requirements for teaching staff than full-time teachers.,"The context states that 'Viele Charterschulen erfordern keine Zertifizierung ihrer Lehrkräfte', which means that many charter schools do not require certification for their teachers.","The context states that there were 1,4 million Grundschullehrer/innen, 674. 000 Mittelschullehrer/innen, and 1 million Sekundarschullehrer/innen in the United States in 2005, which is consistent with the number of teachers in chartershools mentioned in the question.",Charterschulen,1,1.0,1.0,0.340567612687813,0.09722222222222222,modular,1.0
572a005f1d046914007796ba,xquad.de,"Die Bedürfnisse der Sojabauern wurden genutzt, um viele der umstrittenen Transportprojekte zu rechtfertigen, die derzeit im Amazonasgebiet entstehen. Die ersten beiden Autobahnen erschlossen den Regenwald erfolgreich und führten zu mehr Siedlungen und mehr Rodungen. Die durchschnittliche jährliche Abholzungsrate war von 2000 bis 2005 (22.392 km2 oder 8.646 Quadratmeilen pro Jahr) 18% höher als in den letzten fünf Jahren (19.018 km2 oder 7.343 Quadratmeilen pro Jahr). Obwohl die Waldrodung im brasilianischen Amazonasgebiet zwischen 2004 und 2014 deutlich zurückgegangen ist, ist sie insgesamt bis heute gestiegen.",Wie viel höher war die Abholzungsrate von 2000 bis 2005 im Vergleich zu 1995 bis 2000?,18%,18%,"The text mentions that the abcut of the forest area was 22. 392 km² or 8. 646 Quadratmeilen per Jahr in 2000, while it was 19. 018 km² or 7. 343 Quadratmeilen per Jahr in 1995 and 2000.",The passage states that the average annual abcut of the forest area increased by 18% between 2000 and 2005 compared to 1995 and 2000.,"The context states that the average annual deforestation rate from 2000 to 2005 was 18%, which is higher than the rate from 1995 to 2000 (19.018 km² or 7.343 Quadratmeilen per year).",18%,1,1.0,1.0,0.357976653696498,0.05714285714285715,modular,1.0
5727d1c93acd2414000ded40,xquad.de,"Die Zulassung zum Bachelorstudium in Harvard wird von der Carnegie Foundation als „selektiver und mit geringerer Aufnahme“ charakterisiert. Das Harvard College akzeptierte im Jahrgang 2019 5,3 % der Bewerber, was ein Rekordtief und die zweitniedrigste Quote unter allen nationalen Universitäten darstellt. Das Harvard College beendete sein Programm zu vorzeitigen Zulassungen im Jahr 2007, da man davon ausging, dass das Programm Bewerber mit niedrigem Einkommen und Bewerber aus unterrepräsentieren Minderheiten benachteilige, die sich an selektiven Universitäten bewerben. Für den Jahrgang 2016 wurde allerdings ein „Early Action“-Programm eingeführt.",In welchem Jahr beendete Harvard das Programm zur vorzeitigen Zulassung?,2007,2016,"The passage mentions that Harvard's acceptance rate for the Jahrgang 2016 was 5,3% and that this was the lowest among all national universities.","The context states that for the Jahrgang 2016, a 'Early Action' program was introduced, which indicates that Harvard stopped accepting applications for the early decision period.","The context states that Harvard's program for early action was introduced in 2016, which matches the information given in the question.",2016,0,0.0,0.5,0.26370757180156656,0.09433962264150943,modular,1.0
5727f3193acd2414000df0a7,xquad.de,"Der Doktor reist selten allein und nimmt häufig einen oder mehrere Begleiter mit, um diese Abenteuer zu teilen. Seine Begleiter sind normalerweise Menschen, da er eine Begeisterung für den Planeten Erde gefunden hat. Er stößt häufig auf Ereignisse, die seine Neugier wecken, während er versucht, böse Mächte daran zu hindern, unschuldige Menschen zu verletzen oder die Geschichte zu verändern. Dazu verwendet er ausschließlich seine Genialität und minimale Ressourcen, wie zum Beispiel seinen vielseitig einsetzbaren Akkuschraubenzieher. Als Herr der Zeit hat der Doktor die Fähigkeit, sich zu regenerieren, wenn sein Körper tödlich verletzt wird, indem er eine neue Erscheinungsform und Persönlichkeit annimmt. Der Doktor sammelte auf seinen Reisen viele wiederkehrende Feinde an, inklusive den Daleks, den Cybermen und dem Meister, einem anderen, abtrünnigen Herrn der Zeit.","Was macht Doctor Who, wenn sein Körper tödlich verwundet wird?",regenerieren,"Er sammelt auf seinen Reisen viele wiederkehrende Feinde an, einschließlich den Daleks, den Cybermen und dem Meister, einem anderen, abtrünnigen Herrn der Zeit.","Zusammenfassende Quelle: 'Als Herr der Zeit hat der Doktor die Fähigkeit, sich zu regenerieren, wenn sein Körper tödlich verletzt wird, indem er eine neue Erscheinungsform und Persönlichkeit annimt.'","Die context zeigt, dass der Doktor oft auf Feinde zählt, die sein Körper tödlich verletzt werden, um seine Neugier zu holen und seine Macht zu erhöhen.","The context states that the Doctor has collected many recurring enemies including the Daleks, Cybermen, and the Master, which is consistent with the information provided in the answer about the Doctor's ability to gather multiple foes from his travels.","Er sammelt auf seinen Reisen viele wiederkehrende Feinde an, einschließlich den Daleks, den Cybermen und dem Meister, einem anderen, abtrünnigen Herrn der Zeit.",0,0.0,0.1333333333333333,0.3632887189292543,0.22666666666666666,modular,1.0
572828383acd2414000df5c5,xquad.de,"Doctor Who war viele Male auf der Bühne zu sehen. In den frühen 1970ern spielte Trevor Martin die Rolle in Doctor Who and the Daleks in the Seven Keys to Doomsday. In den späten 1980ern spielten Jon Pertwee und Colin Baker beide den Doktor zu unterschiedlichen Zeiten, während der Aufführung eines Theaterstücks namens Doctor Who – The Ultimate Adventure. Während Pertwee krank war, spielte David Banks (besser bekannt für seine Rolle als Cybermen) den Doktor bei zwei Aufführungen. Weitere originelle Theaterstücke wurden als Amateurproduktionen vorgeführt, bei denen andere Darsteller den Doktor spielten. Terry Nation schrieb The Curse of the Daleks, ein Bühnenstück, das in den späten 1960ern inszeniert wurde, und in dem der Doktor nicht vorkommt.",Welches Doctor Who-Stück wurde ohne Doctor Who in ihm geschrieben?,The Curse of the Daleks,A Concise Answer to the Question,The passage directly mentions that Terry Nation wrote a play called 'The Curse of the Daleks' in the late 1960s.,"The context explicitly states that 'Terry Nation schrieb The Curse of the Daleks, ein Bühnenstück, das in den späten 1960ern inszeniert wurde, und in dem der Doktor nicht vorkommt.' This indicates that the doctor did not appear in this play.","The context states that Doctor Who was played by Trevor Martin in various productions from the early 1970s through the late 1980s, including performances in the Seven Keys to Doomsday and Doctor Who – The Ultimate Adventure. It also mentions that there were amateur productions where other actors played the role of Doctor. Therefore, it is reasonable to conclude that Doctor Who was written without the character of Doctor in these works.",A Concise Answer to the Question,0,0.0,0.41860465116279066,0.21297429620563035,0.32876712328767127,modular,1.0
57302bd0b2c2fd14005689db,xquad.de,"""Der islamische Staat"", früher bekannt als ""islamischer Staat des Irak und der Levante"" und zuvor als ""islamischer Staat des Irak"" (und von seinen vielen Kritikern als Daesh bezeichnet), ist eine wahhabitisch/salafiisch-jihadistische extremistische militante Gruppe, die hauptsächlich von sunnitischen Arabern aus dem Irak und Syrien geleitet und gebildet wird. Im Jahr 2014 erklärte sich die Gruppe zum Kalifat, mit religiöser, politischer und militärischer Autorität über alle Muslime weltweit. Mit Stand vom März 2015[Aktualisierung] hatte die Gruppe die Kontrolle über ein Territorium im Irak und in Syrien, das von zehn Millionen Menschen bewohnt wurde und sie hat eine schwache Kontrolle über kleine Gebiete in Libyen, Nigeria und Afghanistan. (Es ist zwar ein selbst erklärter Staat, dem aber die internationale Anerkennung fehlt.) Die Gruppe ist auch in anderen Teilen der Welt tätig oder hat dort Schwesterorganisationen, einschließlich Nordafrika und Südasien.",Welche Art von Gruppe ist der islamische Staat?,wahhabitisch/salafiisch-jihadistische extremistische militante,extremistische militante Gruppe,The passage mentions that this group is described as 'wahabitisch/salafiisch-jihadistische extremist militante Gruppe'.,The context clearly states that 'Der islamische Staat' refers to a Wahhabist/Salafi-Jihadi extremist military group.,"The context states that the 'Islamische Staat' was established in 2014, which matches the year mentioned for the Kalifat declaration in the answer.",extremistische militante Gruppe,0,0.6666666666666666,0.5274725274725275,0.18060836501901145,0.04,modular,1.0
572811434b864d190016438c,xquad.de,"Seit der Neuauflage aus dem Jahr 2005 reist der Doktor normalerweise mit einer vorrangig weiblichen Begleiterin, die eine größere erzählende Rolle einnimmt. Steven Moffat beschreibt die Begleiterin als den Hauptcharakter der Serie, während die Geschichte mit jeder Begleiterin von Neuem beginnt, und sie mehr Veränderungen durchmacht, als der Doktor. Die Hauptbegleiterinnen der Neunten und Zehnten Doktoren waren Rose Tyler (Billie Piper), Martha Jones (Freema Agyeman) und Donna Noble (Catherine Tate), während Mickey Smith (Noel Clarke) und Jack Harkness (John Barrowman) als sekundäre Begleiterfiguren wiederholt auftauchten. Der Elfte Doktor war der erste, der mit einem verheirateten Paar reiste, Amy Pond (Karen Gillan) und Rory Williams (Arthur Darvill), während abwechselnde Treffen mit River Song (Alex Kingston) und Clara Oswald (Jenna Coleman) für andauernde Handlungsstränge sorgten. Die zehnte Serie wird Pearl Mackie als Bill einführen, die neueste Reisebegleiterin des Doktors.",Welches Geschlecht haben seit 2005 die hauptsächlichen Reisebegleiter von Doctor Who?,weiblichen,Menschen,"Die Quelle berichtet, dass die Hauptbegleiterinnen der Neunten und Zehnten Doktoren von Menschen sind, während die Hauptbegleiterinnen der Elfte Doktoren von Menschen sind.","Die context zeigt, dass die hauptsächliche Reisebegleiter von Doctor Who seit 2005 von Menschen sind.","The context states that the doctor's main character is female, while the answer claims male characters were the main characters of the series from 2005 onwards.",Menschen,0,0.0,0.5555555555555556,0.2781222320637733,0.06578947368421052,modular,1.0
572968cf1d046914007793ce,xquad.de,"Chloroplasten haben ihre eigene DNA, die oft als ctDNA oder cpDNA abgekürzt wird. Sie wird auch als das Plastom bezeichnet. Ihre Existenz wurde zum ersten Mal im Jahr 1962 bewiesen und sie wurde 1986 zum ersten Mal sequenziert – als zwei japanische Forschungsteams die Chloroplasten-DNA von Lebermoos und Tabak sequenzierten. Seither wurden hunderte Chloroplasten-DNA von verschiedenen Spezies sequenziert, aber bei diesen handelt es sich vor allem um die von Landpflanzen und Grünalgen – Glaucophyta, Rotalgen und andere Algengruppen sind extrem unterrepräsentiert, was möglicherweise zu einer gewissen Verzerrung in den Ansichten über „typische“ Chloroplasten-DNA-Strukturen und -Inhalte führt.",Wann wurde das erste Plastom sequenziert?,1986,1986,The passage mentions that 'Seither wurden hunderte Chloroplasten-DNA von verschiedenen Spezies sequenziert' and provides specific dates for these sequences (1986).,"The context states that 'Seither wurden hunderte Chloroplasten-DNA von verschiedenen Spezies sequenziert', indicating that this was the first time chloroplast DNA was sequenced.","The context states that the first chloroplast DNA sequence was sequenced in 1986, which matches the information provided in the question.",1986,1,1.0,1.0,0.3245192307692307,0.17391304347826086,modular,1.0
571c9348dd7acb1400e4c115,xquad.de,"Im Jahr 1891 konnte der schottische Chemiker James Dewar ausreichend flüssigen Sauerstoff für dessen Erforschung produzieren. Das erste wirtschaftlich umsetzbare Verfahren zur Herstellung von flüssigem Sauerstoff wurde unabhängig voneinander 1895 vom deutschen Ingenieur Carl von Linde und vom britischen Ingenieur William Hampson entwickelt. Beide Männer reduzierten die Temperatur der Luft bis diese flüssig wurde und destillierten dann die einzelnen darin enthaltenen Gase, indem sie eines nach dem anderen abdampften. Später, im Jahr 1901 wurde zum ersten Mal das Autogenschweißen demonstriert, bei dem eine Mischung aus Acetylen und komprimiertem O
2 verbrannt wird. Diese Methode zum Schweißen und Schneiden von Metallen wurde später weitverbreitet.",In welchem Jahr experimentierte Dewar mit flüssigem Sauerstoff?,1891,1891,The passage mentions that 'im Jahr 1891 konnte der schottische Chemiker James Dewar ausreichend flüssigen Sauerstoff für dessen Erforschung produzieren'.,The context states that 'James Dewar ausreichend flüssigen Sauerstoff für dessen Erforschung produzieren konnte'. This directly indicates that Dewar experimented with flüssige Sauerstoff in 1891.,"The context states that Dewar produced his first commercially viable method of producing flammable gases in 1895, which was later developed into the first practical method for producing flammable gases. This aligns with the information provided in the question.",1891,1,1.0,1.0,0.2777155655095185,0.18897637795275593,modular,1.0
571cd3b55efbb31900334e04,xquad.de,"Die hyperbare (Hochdruck-) Medizin verwendet besondere Sauerstoffkammern, um den Partialdruck von O
2 in der Umgebung des Patienten und, falls nötig, der des medizinischen Personals zu erhöhen. Kohlenmonoxidvergiftungen, Gasbrände und die Dekompressionskrankheit werden manchmal mithilfe dieser Geräte behandelt. Eine erhöhte O
2-Konzentration in den Lungen hilft dabei, das Kohlenmonoxid von der Hämgruppe des Hämoglobin zu verdrängen. Sauerstoff-Gas ist für die anaeroben Bakterien, die Gasbrände verursachen, giftig, sodass eine Steigerung dessen Partialdrucks deren Beseitigung unterstützt. Die Dekompressionskrankheit tritt bei Tauchern auf, die nach einem Tauchgang zu schnell dekomprimieren, was zur Entstehung von Spülgasblasen in ihrem Blut führt, meist Stickstoff und Helium. Den O
2-Druck so schnell wie möglich zu erhöhen, ist Teil der Behandlung.",Was wird durch eine erhöhte Sauerstoffkonzentration in der Lunge eines Patienten verdrängt?,Kohlenmonoxid,Das Kohlenmonoxid von der Hämgruppe des Hämoglobin zu verdrängen,"Die Quote aus dem Text: 'Sauerstoff-Gas ist für die anaeroben Bakterien, die Gasbrände verursachen, giftig, sodass eine Steigerung dessen Partialdrucks deren Beseitigung unterstützt.'","Der context beschreibt, dass eine erhöhte O2-Konzentration in den Lungen hilft, das Kohlenmonoxid von der Hämgruppe des Hämoglobins zu verdrängen.","The context states that a higher oxygen concentration in the lungs helps to reduce the amount of carbon monoxide from hemoglobin, which is then cleared out by the body. This process supports the claim that increased oxygen levels help to remove carbon monoxide from the bloodstream. The year mentioned in the context (1999) does not match the year provided for the answer (2005), so it cannot be directly compared. However, if we consider the time frame between 1999 and 2005, it would still support the idea that there has been progress or improvement in medical treatments related to this topic.",Das Kohlenmonoxid von der Hämgruppe des Hämoglobin zu verdrängen,0,0.19999999999999998,0.33766233766233766,0.34257425742574255,0.22556390977443613,modular,1.0
56bf3fd53aeaaa14008c9595,xquad.de,"Peyton Manning wurde zum ersten Quarterback, der zwei verschiedene Teams zu mehreren Super Bowls führte. Mit 39 Jahren ist er zudem auch der älteste Quarterback, der je in einem Super Bowl spielte. Vor Manning wurde der Rekord von John Elway gehalten, der im Alter von 38 Jahren die Broncos zum Sieg beim Super Bowl XXXIII führte und derzeit Denvers Executive Vice President of Football Operations und General Manager ist.","Für wie viele Teams, die den Super Bowl erreichten, spielte Manning?",zwei,zwei,"Der Text states: 'Mit 39 Jahren ist er zudem auch der älteste Quarterback, der je in einem Super Bowl spielte.'",Die Antwort auf diese Frage basiert auf der gegebenen Informationen. Peyton Manning spielte zwei verschiedene Teams zu mehreren Super Bowls.,"The context states that Manning played for two different teams during his career, which is consistent with the information provided about his Super Bowl appearances.",zwei,1,1.0,1.0,0.3946360153256705,0.2696629213483146,modular,1.0
5728e715ff5b5019007da917,xquad.de,"Einige Formen des zivilen Ungehorsams, wie der illegale Boykott, die Weigerung, Steuern zu zahlen, Wehrdienstverweigerung, dezentralisierte Denial-of-Service-Angriffe von Hackern und Sitzstreiks, erschweren einem System die Funktionsfähigkeit. In dieser Hinsicht können sie als Zwangsmittel betrachtet werden. Brownlee merkt an, dass ""obwohl die Menschen, die zivilen Ungehorsam üben, aufgrund ihres pflichtbewussten Ziels, sich auf einen moralischen Dialog einzulassen, eigentlich keine Zwangsmittel anwenden können, sie es möglicherweise dennoch für notwendig halten könnten, begrenzte Zwangsmittel anzuwenden, um ihr Problem auf den Tisch zu bringen."" Die Ploughshares-Organisation schloss GCSB Waihopai vorübergehend, indem sie die Tore verriegelte und mit Hilfe von Sicheln eine der großen Kuppeln blockierte, die zwei Satellitenschüsseln bedeckt.",Welches Ziel haben viele dieser Proteste?,ihr Problem auf den Tisch zu bringen,zivilen Ungehorsam,Brownlee's statement about people who practice civil disobedience having limited options but still needing to resort to these tactics for their problems.,"The context mentions several forms of civil disobedience such as the Boykott, refusal to pay taxes, refusing to serve in the military, and denial-of-service attacks. These actions can be seen as attempts to challenge authority and demand change.","The context states that these protestations target the system's functionality, which aligns with the term 'zivilen Ungehorsam'.",zivilen Ungehorsam,0,0.0,0.33333333333333337,0.23794871794871797,0.028776978417266185,modular,1.0
5726f1ec708984140094d6aa,xquad.de,"Die Galerie für Musikinstrumente schloss am 25. Februar 2010, eine Entscheidung, die sehr umstritten war. Eine Online-Petition mit über 5.100 Namen auf der Website des Parlaments führte dazu, dass Chris Smith das Parlament nach der Zukunft der Sammlung fragte. Die Antwort von Bryan Davies lautet, dass das Museum beabsichtige, die Sammlung aufrechtzuerhalten, zu pflegen und der Öffentlichkeit zugänglich zu machen, wobei die Gegenstände an die Britischen Galerien, die Mittelalter & Renaissance-Galerien und die geplanten neuen Galerien für die Themen Möbel und Europa 1600-1800 verteilt wurden. Außerdem seien das Horniman-Museum und andere Institutionen mögliche Kandidaten für Ausleihungen, um die öffentliche Ausstellung der Instrumente weiterhin sicherzustellen. Das Horniman-Museum veranstaltete anschließend eine Ausstellung der Musikinstrumente gemeinsam mit dem Victoria and Albert Museum und bekam als Leihgabe 35 Instrumente aus dem Museum.",Ungefähr wie viele Menschen unterzeichneten eine Online-Petition auf der Website des Parlaments als Reaktion auf die Schließung der Galerie für Musikinstrumente?,über 5.100,5.100,"Chris Smith asked for information about the museum's future plans, which led to the online petition being submitted.","The context states that 'Eine Online-Petition mit über 5. 100 Namen auf der Website des Parlaments führte dazu, dass Chris Smith das Parlament nach der Zukunft der Sammlung fragte'. This directly indicates that approximately 5, 100 people signed the petition.","The context states that the online petition was submitted on February 25, 2010, which is approximately 2005 years after the museum's closure in 2010. This aligns with the information provided in the answer.",5.100,0,0.6666666666666666,0.6153846153846154,0.1853281853281853,0.28048780487804875,modular,1.0
57286dfa2ca10214002da333,xquad.de,"Kublais Regierung geriet nach 1279 in finanzielle Schwierigkeiten. Kriege und Bauprojekte hatten die mongolische Staatskasse geleert. Bemühungen, Steuergelder zu erhöhen und zu erheben, wurden von Korruption und politischen Skandalen heimgesucht. Falsch gehandhabte militärische Expeditionen folgten den finanziellen Problemen. Kublais zweite Invasion Japans 1281 schlug wegen eines ungünstigen Taifuns fehl. Kublai vermasselte seine Kampagnen gegen Annam, Champa und Java, erzielte aber einen Pyrrhussieg gegen Burma. Die Expeditionen waren von Krankheit, einem menschenfeindlichen Klima und einem tropischen Terrain, das für die berittene Kriegsführung der Mongolen ungeeignet war, behindert. Die Trần-Dynastie, welche Annam (Đại Việt) regierte, vernichtete und schlug die Mongolen in der Schlacht am Bạch Đằng (1288). Die chinesische Region Fujian war die ursprüngliche Heimat der chinesischen Trần- (Chen-) Dynastie, ehe sie unter Trần Kinh (陳京, Chén Jīng) nach Dai Viet migrierten, dessen Nachkommen die Trần-Dynastie gründeten, welche Vietnam Đại Việt regierte. Bestimmte Mitglieder der Dynastie sprachen immer noch Chinesisch, etwa als ein Gesandter der Yuan-Dynastie sich 1282 mit dem Chinesisch sprechenden Trần-Prinzen Trần Quốc Tuấn (später König Trần Hưng Đạo) traf. Professor Liam Kelley bemerkte, dass Einwohner des Chinas der Song-Dynastie wie Zhao Zhong und Xu Zongdao nach der mongolischen Invasion der Song in das von der Trần-Dynastie regierte Vietnam flohen und den Trần halfen, gegen die mongolische Invasion zu kämpfen. Die Trần-Dynastie stammte aus der Fujian-Region Chinas, ebenso wie der daoistische Kleriker Xu Zongdao, der die mongolische Invasion aufzeichnete und sie als „nordische Banditen“ bezeichnete. Annam, Burma und Champa erkannten die mongolische Hegemonie an und begründeten ein Untertanenverhältnis mit der Yuan-Dynastie.",Was behinderte Kublais zweite Invasion Japans?,ungünstigen Taifuns,Politik,Kublais zweite Invasion Japans was due to political corruption and political scandals.,"The context mentions that Kublais zweite Invasion Japans was due to 'Bemühungen, Steuergelder zu erhöhen und zu erheben, wurden von Korruption und politischen Skandalen heimgesucht'. This indicates that political corruption and political scandals were behind the invasion.","The context states that the second invasion of Japan was due to corruption and political scandals, which aligns with the information provided about the financial difficulties and political instability of Kublai's reign.",Politik,0,0.0,0.23076923076923073,0.08898305084745761,0.13333333333333333,modular,1.0
57264f18f1498d1400e8dbb2,xquad.de,"Die Untersuchung ergab auch, dass es zwei bisher unbekannte, aber verwandte Kladen (genetische Zweige) des Y. pestis-Genoms gab, die mit mittelalterlichen Massengräbern in Verbindung gebracht wurden. Diese (die mittlerweile als ausgestorben gelten) wurden als Vorfahren moderner Isolate der modernen Y. pestis-Stämme Y. p. orientalis und Y. p. medievalis eingestuft, was darauf hindeutet, dass die Pest in zwei Wellen nach Europa gelangt sein könnte. Untersuchungen von Pestgrubenresten in Frankreich und England deuten darauf hin, dass die erste Variante um den November 1347 über den Hafen von Marseille nach Europa gelangte und sich in den nächsten zwei Jahren von Frankreich ausgehend ausbreitete, bis sie schließlich im Frühjahr 1349 nach England kam, wo sie sich zu drei Epidemien im ganzen Land ausweitete. Untersuchungen von Pestgrubenresten aus der niederländischen Stadt Bergen op Zoom zeigten, dass sich der Genotyp des Y. pestis, der für die ab 1350 in den Niederlanden erfolgte Pandemie verantwortlich war, von dem in Großbritannien und Frankreich gefundenen unterschied. Das impliziert, dass Bergen op Zoom (und möglicherweise auch andere Teile der südlichen Niederlande) nicht 1349 direkt von England oder Frankreich aus infiziert wurde und eine zweite Pestwelle, die sich von denen in Großbritannien und Frankreich unterschied, in die Niederlande aus Norwegen, den Hansestädten oder von einem anderen Ort aus übertragen worden sein könnte.",Wann erreichte die y. pestis England?,1349,1349,The passage mentions that the first variant of Yersinia pestis reached England around November 1347 and spread throughout Europe.,The context states that the first variant of Yersinia pestis reached England around November 1347 and spread throughout Europe.,"The context states that the first variant of Yersinia pestis reached England around November 1347, which is consistent with the year 2005 mentioned in the answer.",1349,1,1.0,1.0,0.14536015574302397,0.03508771929824561,modular,1.0
5730b9852461fd1900a9cffb,xquad.de,"Die Evangelisch-methodistische Kirche lehnt die Wehrpflicht als unvereinbar mit der Lehre der Bibel ab. Deshalb unterstützt und erweitert die Kirche ihren Dienst auf diejenigen, die sich aus Gewissensgründen gegen jeden Krieg oder einen bestimmten Krieg aussprechen und sich daher weigern, in der Armee zu dienen oder mit Systemen der Wehrpflicht zusammenzuarbeiten. Die Evangelisch-methodistische Kirche unterstützt und erweitert ihren Dienst aber auch auf diejenigen, die sich gewissenhaft für den Dienst in der Armee oder für den Ersatzdienst entscheiden. Die Kirche erklärt auch: „Als Christen sind wir uns bewusst, dass weder der Weg der Militäraktion, noch der Weg der Untätigkeit immer gerecht sind vor Gott.“","Die Kirche unterstützt diejenigen, die sich aus Gewissensgründen gegen was stellen?",Krieg,Krieg,The passage directly mentions that the Evangelisch-methodistische Kirche supports and expands its services for those who refuse to serve in the military or participate in combat.,"The context states that the Evangelisch-methodistische Kirche supports and expands its services for those who refuse to serve in the military or participate in combat. It also explains that Christians are aware of the distinction between warfare and non-warfare actions, stating that neither path is always right.","The context states that the Evangelisch-methodistische Kirche supports and expands their services on those who refuse to serve in the military or participate in combat. The question asks about those who oppose war, which aligns with this statement.",Krieg,1,1.0,1.0,0.2949308755760369,0.0547945205479452,modular,1.0
572f6a0ba23a5019007fc5ed,xquad.de,"Zwischen Bingen und Bonn fließt der Mittelrhein durch die Rheinschlucht, eine Formation, die durch Erosion entstanden ist. Die Erosionsrate entsprach dem Hebungsprozess in der Region, so dass der Fluss etwa auf seinem ursprünglichen Niveau verblieben war, während sich die umliegenden Flächen erhöhten. Die Schlucht ist ziemlich tief und ist der Abschnitt des Flusses, der für seine vielen Burgen und Weinberge bekannt ist. Er ist UNESCO-Weltkulturerbe (2002) und bekannt als ""der romantische Rhein"", mit mehr als 40 Burgen und Schlössern aus dem Mittelalter und vielen malerischen und schönen ländlichen Dörfern.",Wie entstand die Rheinschlucht?,Erosion,Erosion,The passage mentions that the Rheinschlucht flows through the region and has eroded over time.,The context states that the formation of the Rheinschlucht was due to erosion caused by water flowing through it over time.,"The context states that the Erosions rate of the Mittelrhein was similar to the Hebungsprozess in the region, indicating that erosion occurred over time. The context also mentions that the Schlucht is relatively deep and has many historical landmarks such as Burgen and Weinberge, which further supports the idea of erosion.",Erosion,1,1.0,1.0,0.19970631424375918,0.056074766355140186,modular,1.0
5726ddf6f1498d1400e8ee06,xquad.de,"Die im Nahen Osten erzielten Fortschritte in der Botanik und Chemie führten dazu, dass die Medizin im mittelalterlichen Islam wesentlich zur Entwicklung der Pharmakologie beitrug. Muḥammad ibn Zakaryā ar-Rāzī (Rhazes) (865–915) hat beispielsweise die medizinische Verwendung chemischer Verbindungen gefördert. Abū l-Qāsim Chalaf ibn ʿAbbās az-Zahrāwī (Abulcasis) (936–1013) war Vorreiter bei der Herstellung von Arzneimitteln durch Sublimation und Destillation. Sein Liber servitoris ist von besonderem Interesse, da es dem Leser Rezepte liefert und erklärt, wie man die ""Simples"" herstellt, aus denen die damals allgemein verwendeten komplexen Arzneimittel zusammengesetzt wurden. Schapur ibn Sahl (um 869) war jedoch der erste Arzt, der die Arzneiliteratur einführte und eine Vielzahl von Arzneimitteln und Heilmitteln gegen Krankheiten beschrieb. Al-Biruni (973–1050) schrieb eines der wertvollsten islamischen Werke zur Pharmakologie mit dem Titel Kitab al-Saydalah (Das Buch der Arzneimittel), in dem er die Eigenschaften von Arzneimitteln und die Rolle der Pharmazie sowie die Funktionen und Aufgaben des Apothekers beschrieb. Auch Avicenna beschrieb nicht weniger als 700 Präparate, ihre Eigenschaften, Wirkmechanismen und Indikationen. Er widmete im Kanon der Medizin in der Tat einen ganzen Band den einfachen Arzneimitteln. Von großer Bedeutung waren auch die Werke von al-Maridini aus Bagdad und Kairo und Ibn al-Wafid (1008–1074), die beide mehr als fünfzig Mal in lateinischer Sprache gedruckt wurden und als De Medicinis universalibus et particularibus von 'Mesue' dem Jüngeren und Medicamentis simplicibus von 'Abenguefit' erschienen. Peter von Abano (1250–1316) übersetzte und ergänzte das Werk von al-Maridini unter dem Titel De Veneris. Die Beiträge von al-Muwaffaq auf diesem Gebiet sind ebenfalls wegweisend. Er lebte im 10. Jahrhundert und schrieb die Grundlagen der wahren Eigenschaften von Arzneimitteln, in denen er unter anderem die Arsenoxide beschrieb und auch bereits von Kieselsäure wusste. Er machte eine klare Unterscheidung zwischen Natriumcarbonat und Kaliumcarbonat und verwies auf die Giftigkeit von Kupferverbindungen, insbesondere Kupfervitriol, sowie Bleiverbindungen. Er beschreibt auch die Destillation von Meerwasser, um es trinkbar zu machen. [Bestätigung erforderlich]",Wer hat die Liber Servitoris verfasst?,Abū l-Qāsim Chalaf ibn ʿAbbās az-Zahrāwī,Muḥammad ibn Zakaryā ar-Rāzī (Rhazes),The passage mentions that he was one of the Vorreiter in the field of pharmacy and medical science.,The context explicitly states that Muḥammad ibn Zakaryā ar-Rāzī (Rhazes) wrote the Liber Servitoris.,"Muhammad ibn Zakaryā ar-Rāzī (Rhazes) wrote the Liber Servitoris, which was of great interest to scholars due to its detailed descriptions of medicinal preparations and their uses.",Muḥammad ibn Zakaryā ar-Rāzī (Rhazes),0,0.1818181818181818,0.41666666666666663,0.07378807378807384,0.043209876543209874,modular,1.0
56e1a0dccd28a01900c67a2f,xquad.de,"Es ist verlockend zu denken, dass Funktionsprobleme viel umfassender sind als Entscheidungsprobleme. Dies ist jedoch nicht der Fall, da Funktionsprobleme als Entscheidungsprobleme umformuliert werden können. So kann beispielsweise die Multiplikation zweier Integerwerte als Dreiermenge (a, b, c) ausgedrückt werden, so dass die Beziehung a × b = c gilt. Die Entscheidung, ob ein bestimmtes Tripel zu dieser Menge gehört, entspricht der Lösung des Problems der Multiplikation zweier Zahlen.","Wenn zwei ganze Zahlen multipliziert werden und einen Wert ausgeben, wie heißt dann diese Ausdrucksmenge?",Dreiermenge,Multiplikationsmenge,"The passage directly mentions 'Multiplikation zweier Zahlen' in the first sentence, which is then followed by the explanation about the resulting set of pairs.","The context explicitly states that when two integers are multiplied and an output value is requested, it refers to the set of all possible pairs of these integers.","The context states that the output of multiplying two integers is a set of numbers, which can be represented as a multiplikationsmenge (also known as a set or collection in some contexts).",Multiplikationsmenge,0,0.0,0.3870967741935484,0.3192182410423453,0.0,modular,1.0
56e7788200c9c71400d77184,xquad.es,"Los docentes de Gales pueden ser miembros registrados de sindicatos como ATL, NUT o NASUWT, y los informes de los últimos años indican que la edad media de los docentes de Gales está reduciéndose y que los docentes son más jóvenes que en años anteriores. Una causa creciente de preocupación son los ataques a docentes en colegios galeses, que alcanzaron su máximo absoluto entre 2005 y 2010.",¿Qué están provocando los ataques a docentes?,preocupación,Concise answer to the question,"The passage states 'Una causa creciente de preocupación son los ataques a docentes en colegios galeses', indicating that these attacks are causing concern among educators.","The context mentions that there have been increased incidents of attacks against teachers in schools in Gales, which has led to concerns about their safety and well-being.","The context mentions that the number of attacks on teachers in schools increased significantly between 2005 and 2010, which is consistent with the information provided about the trend in teacher-related incidents.",Concise answer to the question,0,0.0,0.2564102564102564,0.416819012797075,0.021739130434782608,modular,1.0
56f8ca289b226e1400dd1009,xquad.es,"Después se encontró un trozo de papel en el que Lutero había escrito su última declaración. La declaración estaba en latín, aparte de «Somos mendigos», que estaba en alemán.",¿Qué parte de la última declaración de Lutero estaba en alemán?,"«Somos mendigos»,",La declaración estaba en latín,"La frase 'Somos mendigos' está en alemán, mientras que 'Somos pecadores' está en latín.",El contexto indica que Lutero había escrito una declaración en latín y otra en alemán.,"The context states that the last statement of Luther was in Latín, which is also mentioned as being in Alemán in the question.",La declaración estaba en latín,0,0.0,0.18181818181818177,0.3951612903225806,0.4545454545454545,modular,1.0
57111b95a58dae1900cd6c54,xquad.es,"Frederick William, elector de Brandenburgo, invitó a los hugonotes a asentarse en sus reinos, y varios de sus descendientes ascendieron a puestos de importancia en Prusia. Varias figuras destacadas del ejército, la cultura y la política alemana eran de origen hugonote, entre ellas el poeta Theodor Fontane, el general Hermann von François, el héroe de la Primera Guerra Mundial de Tannenberg, el general Luftwaffe y el as de combate Adolf Galland, el astro volador de la Luftwaffe Hans-Joachim Marseille, y el famoso capitán del submarino Lothar von Arnauld de la Perière. El último Primer Ministro de la República Democrática Alemana (Oriental), Lothar de Maizière, es también descendiente de una familia hugonote, al igual que el Ministro Federal del Interior alemán, Thomas de Maizière.",¿Qué papel desempeña Thomas de Maiziere en el gabinete alemán?,Ministro Federal del Interior,Ministro Federal del Interior alemán,"The passage mentions that Thomas de Maizière is the Ministro Federal del Interior alemán, indicating his role as a federal official in the German government.","The context states that Thomas de Maizière is also descended from a family of hugonotes, which indicates his background in the German government.","Thomas de Maizière is indeed a member of the German government, serving as Minister for the Interior. This information can be found in the provided context.",Ministro Federal del Interior alemán,0,0.888888888888889,0.8923076923076922,0.24368825466520305,0.05714285714285715,modular,1.0
56de0daecffd8e1900b4b595,xquad.es,"Las dos familias normandas más importantes en llegar al Mediterráneo, fueron descendientes de Tancredo de Hauteville y de la familia Drengot. Rainulf Drengot recibió en el año 1030 el condado de Aversa de manos del duque Sergio IV de Nápoles, convirtiéndose en la primera posición normanda en el sur. Por su parte, la familia Hauteville alcanzó el rango principesco al proclamar «duque de Apulia y Calabria» al príncipe Guaimar IV de Salerno, quien no tardó en conceder al líder electo, Guillermo Brazo de Hierro, el título de conde de Melfi. Posteriormente, la familia Drengot obtuvo el principado de Capua y el emperador Enrique III convirtió legalmente en noble al líder de la familia Hauteville Drogo, otorgándole el título de «dux et magister Italiae comesque Normannorum totius Apuliae et Calabriae» («duque y maestro de Italia y conde de todos los normandos de Apulia y Calabria») en el año 1047.",¿Cómo se llamaba el líder a quien Enrique III concedió un título nobiliario?,Drogo,Guillermo Brazo de Hierro,The passage directly mentions that Guillermo Brazo de Hierro received the title of conde de Melfi from the leader of the family Hauteville Drogo.,"The context states that 'el líder electo, Guillermo Brazo de Hierro' was granted the title of conde de Melfi by the leader of the family Hauteville Drogo.","The context states that Enrique III granted the title of 'dux et magister Italiae comesque Normannorum totius Apuliae et Calabriae' (duque y maestro de Italia y conde de todos los normandos de Apulia y Calabria) in the year 1047, which matches the information given in the question.",Guillermo Brazo de Hierro,0,0.0,0.19999999999999996,0.2287968441814595,0.14035087719298248,modular,1.0
5726a8d4dd62a815002e8c38,xquad.es,"Como había acordado su padre, Temujin se casó con Börte de la tribu Onggirat cuando tenía unos 16 años con el fin de establecer alianzas entre sus respectivas tribus. Poco después del matrimonio de Börte con Temujin, la secuestraron los Merkits y, según se dice, la regalaron como esposa. Temujin la rescató con la ayuda de su amigo y futuro rival, Jamukha, y su protector, Toghrul Khan de la tribu Keraite. Dio a luz a un hijo, Jochi (1185-1226), nueve meses después, lo que enturbió el tema de su paternidad. A pesar de las especulaciones sobre Jochi, Börte sería la única emperatriz de Temujin, aunque siguió la tradición al tomar varias esposas morganáticas.",¿En qué año dio a luz Börte a Jochi?,1185,1185,The passage mentions that Börte gave birth to Jochi nine months after her marriage to Temujin.,The context states that 'Jochi (1185-1226)' was born nine months after Börte gave birth to him.,"The context states that Börte gave birth to Jochi nine months after their marriage in 1185, which aligns with the information provided in the question.",1185,1,1.0,1.0,0.20879120879120883,0.048,modular,1.0
5726241189a1e219009ac2e2,xquad.es,"El embargo tuvo una influencia negativa en la economía de los Estados Unidos al causar demandas inmediatas para abordar las amenazas a la seguridad energética de los Estados Unidos. A nivel internacional, los aumentos de precios cambiaron las posiciones competitivas en muchos sectores, como el de los automóviles. Los problemas macroeconómicos comprendieron efectos tanto inflacionarios como deflacionarios. El embargo hizo que las compañías petroleras buscaran nuevas formas de aumentar el suministro de petróleo, incluso en terrenos escabrosos como el Ártico. Tras encontrar petróleo y desarrollar nuevos yacimientos, generalmente se necesitaban de cinco a diez años antes de lograr una producción significativa.",¿Cuánto tiempo tardan las nuevas zonas en tener una producción de petróleo significativa?,de cinco a diez años,diez años,The passage directly mentions that 'generalmente se necesitaban de cinco a diez años antes de lograr una producción significativa',The context states that 'generalmente se necesitaban de cinco a diez años antes de lograr una producción significativa'. This indicates that it takes ten years for new oil fields to produce significant amounts of oil.,"The context states that it took five to ten years for new oil fields to produce significant amounts of oil, which aligns with the 2005 estimate provided in the question.",diez años,0,0.6666666666666666,0.6428571428571428,0.29297820823244547,0.1984732824427481,modular,1.0
5725d79e89a1e219009abf91,xquad.es,"Después de un vuelo de prueba no tripulado LM AS-206, una tripulación volaría el primer Bloque II CSM y LM en una misión dual conocida como AS-207/208, o AS-278 (cada nave espacial sería lanzada en un Saturno IB separado). Los puestos de la tripulación del Bloque II se titulaban Comandante (CDR), Piloto del Módulo de Comando (CMP) y Piloto del Módulo Lunar (LMP). Los astronautas comenzarían a usar un nuevo traje espacial Apolo, diseñado para adaptarse a la actividad extravehicular lunar (EVA). El tradicional casco con visera fue reemplazado por un tipo de ""pecera"" transparente para mayor visibilidad, y el traje de EVA de superficie lunar incluiría una prenda interior refrigerada por agua.",¿Qué llevaban los astronautas durante la misión dual AS-278?,nuevo traje espacial Apolo,Los astronautas llevaron un traje espacial Apolo.,La frase 'los astronautas comenzarían a usar un nuevo traje espacial Apolo' es directamente citada en el contexto.,"El contexto especifica que los astronautas comenzarían a usar un nuevo traje espacial Apolo, diseñado para adaptarse a la actividad extravehicular lunar (EVA). Esto significa que los astronautas llevaron un traje espacial Apolo durante la misión dual AS-278.",The context states that the astronaut's traje was designed for adapting to the activity of extravehicular lunar (EVA). It mentions that the traditional casco with visor was replaced by a 'pecera' transparent material for better visibility during EVA. The new Apollo suit included an internal cooling system for lunar surface use.,Los astronautas llevaron un traje espacial Apolo.,0,0.5454545454545454,0.7027027027027026,0.26410256410256405,0.35374149659863946,modular,1.0
5727213c708984140094da36,xquad.es,"Tras la masacre de Peterloo de 1819, el poeta Percy Shelley escribió el poema político La máscara de la anarquía a finales de ese año, que comienza con las imágenes de lo que él creía que eran las formas injustas de autoridad de su tiempo, y luego imagina los movimientos de una nueva forma de acción social. Es quizás la primera declaración moderna [vaga] del principio de protesta no violenta. El autor Henry David Thoreau retomó una versión en su ensayo Desobediencia Civil, y más tarde Gandhi en su doctrina de Satyagraha. El Satyagraha de Gandhi estuvo parcialmente influenciado e inspirado por la no violencia de Shelley en la protesta y la acción política. En particular, se sabe que Gandhi a menudo citaba La máscara de la anarquía de Shelley a amplias audiencias durante la campaña por una India libre.",¿De qué tipo de protesta se considera su poema pionero?,no violenta,,,,"The context states that the poem was written in 1819, which is before 2005. Therefore, it cannot be considered a 'poem pionier'.",,0,0.0,0.0,0.0,0.0,modular,0.0
570d47b8b3d812140066d62e,xquad.es,"También hay varios pequeños operadores de mercancías y numerosos ferrocarriles turísticos que operan a través de líneas que anteriormente formaron parte de un sistema de propiedad estatal. Las líneas de Victoria usan principalmente el ancho de vía de 1600 mm. Sin embargo, las rutas principales interestatales, así como una serie de líneas secundarias del oeste del estado se han convertido a un ancho de vía estándar de 1435 mm. Hay dos ferrocarriles turísticos que circulan por líneas de trocha angosta de 760 mm, que son los restos de 5 líneas que anteriormente eran propiedad del gobierno y que se construyeron en zonas montañosas.",¿A qué ancho de vía se han adaptado algunas líneas del oeste de Victoria?,1435 mm,1435 mm,The passage directly mentions that these lines were originally owned by the government and were constructed in mountainous areas.,"The context states that 'las rutas principales interesatales, así como una serie de líneas secundarias del oeste del estado se han convertido a un ancho de vía estándar de 1435 mm'. This indicates that some of the existing lines in the Oeste del Victoria have been converted to this standard width.",The context states that the main lines of Victoria have been converted to an 1835 mm standard since 2005. This aligns with the information provided in the question.,1435 mm,1,1.0,1.0,0.2570281124497992,0.36486486486486486,modular,1.0
57111713a58dae1900cd6c04,xquad.es,"La mayoría de las congregaciones (o individuos) hugonotes en Norteamérica finalmente se adhirieron a otras denominaciones protestantes con miembros más numerosos. Los hugonotes se adaptaron rápidamente y a menudo se casaron fuera de sus comunidades francesas inmediatas, lo que dio lugar a su asimilación. Sus descendientes en muchas familias continuaron utilizando nombres y apellidos franceses para sus hijos hasta bien entrado el siglo XIX. Asimilados, los franceses hicieron numerosas contribuciones a la vida económica de los Estados Unidos, especialmente como comerciantes y artesanos en los últimos años de la Colonia y en los primeros períodos federales. Por ejemplo, E.I. du Pont, un antiguo alumno de Lavoisier, creó los molinos de pólvora eleuterianos.",¿Cómo se llamaba la creación de Du Pont sobre la pólvora?,molinos de pólvora eleuterianos,E.I. du Pont,This quote provides the specific information needed to answer the question about Du Pont's invention and its name.,"The context states that 'E.I. du Pont, un antiguo alumno de Lavoisier, creó los molinos de pólvora eleuterianos.' This sentence directly answers the question about the creation of Du Pont's molino de pólvora.","The context states that E.I. du Pont founded the DuPont Company in 1938, which is consistent with the year mentioned in the question (2005).",E.I. du Pont,0,0.0,0.3414634146341463,0.20941176470588238,0.2173913043478261,modular,1.0
5706143575f01819005e7953,xquad.es,"Entre los equipos deportivos profesionales de California del Sur están los equipos de la NFL (Los Angeles Rams, San Diego Chargers); la NBA (Los Angeles Lakers, Los Angeles Clippers); la MLB (Los Angeles Dodgers, Los Angeles Angels of Anaheim, San Diego Padres); la NHL (Los Angeles Kings, Anaheim Ducks); y la MLS (LA Galaxy).",¿Cuál es el otro equipo de la NHL que reside en California del Sur aparte de los Anaheim Ducks?,Los Angeles Kings,Los Angeles Kings,"Los Angeles Kings, Anaheim Ducks",The context explicitly states that the NHL teams in California del Sur include the Los Angeles Kings and the Anaheim Ducks.,"The context states that the Los Angeles Kings were born in 1999, while the answer claims they were founded in 2005. Therefore, the correct answer is the Los Angeles Kings, which resides in California del Sur apart from the Anaheim Ducks.",Los Angeles Kings,1,1.0,1.0,0.18343195266272194,0.2535211267605634,modular,1.0
57268e2bf1498d1400e8e3b3,xquad.es,"Los principales Tratados que forman la Unión Europea comenzaron con reglas comunes para el carbón y el acero, y luego la energía atómica, pero se establecieron instituciones más integrales y formales mediante el Tratado de Roma de 1957 y el Tratado de Maastricht de 1992 (ahora: TFEU). Durante los años sesenta y setenta se introdujeron pequeñas modificaciones. Se firmaron importantes tratados de enmienda para completar el desarrollo de un mercado interior único en el Acta Única Europea 1986, para promover el desarrollo de una Europa más social en el Tratado de Ámsterdam de 1997 y para introducir pequeñas modificaciones en el poder relativo de los Estados miembros en las instituciones de la UE en el Tratado de Niza de 2001 y en el Tratado de Lisboa de 2007. Desde su creación, se han adherido más Estados miembros a través de una serie de tratados de adhesión, desde el Reino Unido, Irlanda, Dinamarca y Noruega en 1972 (aunque Noruega terminó por no adherirse), Grecia en 1979, España y Portugal en 1985, Austria, Finlandia, Noruega y Suecia en 1994 (aunque de nuevo Noruega no se adhirió a la Unión Europea debido a la falta de apoyo en el referéndum), la República Checa, Chipre, Estonia, Hungría, Letonia, Lituania, Malta, Polonia, Eslovaquia y Eslovenia en 2004, Rumania y Bulgaria en 2007 y Croacia en 2013. Groenlandia firmó un Tratado en 1985 que le otorga un estatus especial.",¿Cuándo se incorporó Dinamarca a la UE?,1972,2004,The text mentions that 'Dinamarca en 2004' and 'Rumania y Bulgaria en 2007' are examples of countries that were added to the EU through these agreements.,"The passage states that 'Desde su creación, se ha adherido más Estados miembros a través de una serie de tratados de adhesión', indicating that Denmark was added in 2004.","The context states that Dinamarca joined in 1994, which is later than 2004.",2004,0,0.0,0.25,0.1643286573146293,0.13229571984435798,modular,1.0
57268e2bf1498d1400e8e3b0,xquad.es,"Los principales Tratados que forman la Unión Europea comenzaron con reglas comunes para el carbón y el acero, y luego la energía atómica, pero se establecieron instituciones más integrales y formales mediante el Tratado de Roma de 1957 y el Tratado de Maastricht de 1992 (ahora: TFEU). Durante los años sesenta y setenta se introdujeron pequeñas modificaciones. Se firmaron importantes tratados de enmienda para completar el desarrollo de un mercado interior único en el Acta Única Europea 1986, para promover el desarrollo de una Europa más social en el Tratado de Ámsterdam de 1997 y para introducir pequeñas modificaciones en el poder relativo de los Estados miembros en las instituciones de la UE en el Tratado de Niza de 2001 y en el Tratado de Lisboa de 2007. Desde su creación, se han adherido más Estados miembros a través de una serie de tratados de adhesión, desde el Reino Unido, Irlanda, Dinamarca y Noruega en 1972 (aunque Noruega terminó por no adherirse), Grecia en 1979, España y Portugal en 1985, Austria, Finlandia, Noruega y Suecia en 1994 (aunque de nuevo Noruega no se adhirió a la Unión Europea debido a la falta de apoyo en el referéndum), la República Checa, Chipre, Estonia, Hungría, Letonia, Lituania, Malta, Polonia, Eslovaquia y Eslovenia en 2004, Rumania y Bulgaria en 2007 y Croacia en 2013. Groenlandia firmó un Tratado en 1985 que le otorga un estatus especial.",¿Qué causó la necesidad de los principales Tratados que acabaron constituyendo la UE?,"reglas comunes para el carbón y el acero, y luego la energía atómica",,,,"The context states that the EU's main treaties were established in 1957 and 1992, which correspond to the years 1999 and 2005 respectively. The question asks about the causes of these treaties, and the provided information directly answers this question by stating that the main treaties were formed due to the need for energy security, economic integration, and political stability.",,0,0.0,0.0,0.0,0.0,modular,0.0
57274beff1498d1400e8f5e4,xquad.es,"En la India, las escuelas privadas se llaman escuelas independientes, pero como algunas escuelas privadas reciben ayuda financiera del gobierno, pueden ser escuelas con o sin ayuda. Así que, en un sentido estricto, una escuela privada es una escuela independiente sin ayuda. A los efectos de esta definición, solo se considera la recepción de ayuda financiera, no la compra de tierras al Gobierno a un precio subvencionado. Está dentro del poder tanto del gobierno del sindicato como de los gobiernos estatales gobernar las escuelas, ya que la educación aparece en la lista de temas legislativos de la Constitución. La práctica ha sido que el gobierno de la unión proporcione las directrices políticas generales, mientras que los estados crean sus propias normas y reglamentos para la administración del sector. Entre otras cosas, esto también ha dado lugar a 30 diferentes juntas de examen o autoridades académicas que realizan exámenes para los certificados de fin de estudios. Las juntas de examen destacadas que están presentes en varios estados son la CBSE y la CISCE, NENBSE",¿Cuál es el término para una escuela privada india?,escuelas independientes,escuelas privadas,The definition of an 'escuela privada' given in the context clearly states that it refers to a private school.,"The context defines an 'escuela privada' as a private school in India, which means it refers to a private school.","The context states that in 2005, the definition of an independent school was changed from being a private school without government assistance to being a private school with government assistance. This aligns with the term 'escuela privada' used in the provided information.",escuelas privadas,0,0.5,0.6,0.15557476231633538,0.03225806451612903,modular,1.0
572650325951b619008f6fab,xquad.es,"La crisis energética provocó un mayor interés en las energías renovables, la energía nuclear y los combustibles fósiles domésticos. Hay críticas de que las políticas energéticas estadounidenses desde la crisis han estado dominadas por el pensamiento de mentalidad de crisis, fomentando soluciones rápidas y costosas y soluciones únicas que ignoran las realidades del mercado y la tecnología. En lugar de proporcionar normas estables que respalden la investigación básica al tiempo que den un amplio margen a la iniciativa empresarial y la innovación, congresistas y presidentes han respaldado repetidamente políticas que prometen soluciones que son oportunas desde el punto de vista político, pero cuyas perspectivas son dudosas.",¿Quién apoyó las políticas que tienen soluciones que suenan bien pero que tienen malas perspectivas?,congresistas y presidentes,Congresistas y presidentes,"The passage states: 'En lugar de proporcionar normas estables que respalden la investigación básica al tiempo que den un amplio margen a la iniciativa empresarial y la innovación, congresistas y presidentes han respaldado repetidamente políticas que prometen soluciones que son oportunas desde el punto de vista político, pero cuyas perspectivas son dudosas'",The context mentions that congressmen and presidents have supported policies that promise solutions that are good in terms of political appeal but lack sufficient research and development.,"The context states that in 2005, the policies were more focused on providing stable research while allowing for innovative business initiatives and public-private partnerships rather than offering solutions based on political considerations.",Congresistas y presidentes,1,1.0,1.0,0.6510757717492984,0.0,modular,1.0
57096b66200fba1400367fa9,xquad.es,"El 8 de febrero de 2007, BSkyB anunció su intención de sustituir sus tres canales digitales terrestres de emisión en abierto por cuatro canales de suscripción. Se propuso que esos canales ofrecieran una amplia gama de contenidos de la cartera de BSkyB, entre ellos deporte (incluida la liga inglesa de fútbol), películas, programas de entretenimiento y noticias. El anuncio se produjo un día después de que Setanta Sports confirmara que empezaría en marzo como servicio de suscripción en la plataforma digital terrestre y el mismo día en que los servicios de NTL se rebautizaban como Virgin Media. Sin embargo, fuentes del sector creen que BSkyB se verá obligada a posponer sus planes de retirar sus canales de Freeview y a reemplazarlos por canales de suscripción debido a la posible pérdida de ingresos publicitarios.",¿Qué plataforma planeaba lanzar Setanta Sports?,digital terrestre,Setanta Sports,"The passage mentions that Setanta Sports announced plans for their services to be available through subscriptions, which directly supports this answer.",The context states that Setanta Sports confirmed that it would start as a subscription service in March and that its services would be renamed Virgin Media.,The context states that Setanta Sports confirmed in March as part of their service transition from Freeview to subscription services. This aligns with the information provided about BSkyB's plans for its subscription-based services. The context does not mention anything about Setanta Sports or their service transition.,Setanta Sports,0,0.0,0.32258064516129037,0.23578947368421055,0.05194805194805195,modular,1.0
56d99f99dc89441400fdb628,xquad.es,"Los Broncos vencieron a los Pittsburgh Steelers en la ronda divisional por 23 a 16 al conseguir anotar 11 puntos en los últimos tres minutos del partido. Posteriormente, en el Campeonato de la AFC, batieron al defensor del título de la Super Bowl XLIX, los New England Patriots por 20 a 18. Cuando quedaban tan solo 17 segundos en el marcador, lograron interceptar un pase en un intento de conversión de 2 puntos de los New England. A pesar de los problemas de Manning con las intercepciones la temporada pasada, este no decepcionó en ninguno de sus dos partidos de eliminatoria.",¿A quiénes derrotaron los Broncos para ganar su división en 2015?,Pittsburgh Steelers,los Pittsburgh Steelers,This quote directly answers the question about which team defeated the Broncos for their division in 2015.,The context states that Los Broncos vencieron a los Pittsburgh Steelers en la ronda divisional por 23 a 16 al conseguir anotar 11 puntos en los últimos tres minutos del partido.,"The context states that the Denver Broncos defeated the Pittsburgh Steelers in the Divisional Round of the NFL playoffs, resulting in a 23-16 victory for the Broncos. The New England Patriots won the AFC Championship Game against the Denver Broncos, who lost the game due to a penalty on their last play. ",los Pittsburgh Steelers,0,0.8,0.9047619047619048,0.21954887218045116,0.4,modular,1.0
5726241189a1e219009ac2de,xquad.es,"El embargo tuvo una influencia negativa en la economía de los Estados Unidos al causar demandas inmediatas para abordar las amenazas a la seguridad energética de los Estados Unidos. A nivel internacional, los aumentos de precios cambiaron las posiciones competitivas en muchos sectores, como el de los automóviles. Los problemas macroeconómicos comprendieron efectos tanto inflacionarios como deflacionarios. El embargo hizo que las compañías petroleras buscaran nuevas formas de aumentar el suministro de petróleo, incluso en terrenos escabrosos como el Ártico. Tras encontrar petróleo y desarrollar nuevos yacimientos, generalmente se necesitaban de cinco a diez años antes de lograr una producción significativa.",¿Qué tiene una influencia negativa sobre la economía de los Estados Unidos?,El embargo,La conciencia de la falta de seguridad energética de los Estados Unidos,"El texto menciona que los aumentos de precios cambiaron las posiciones competitivas en varios sectores, incluyendo el automóvil.","El contexto describe cómo el embargo afectó la economía de los Estados Unidos, causando demandas inmediatas por la amenaza de la seguridad energética. Esto llevó a un aumento en las compras de energía, lo que cambió las posiciones competitivas en diversos sectores, incluyendo el automóvil.","The context states that the embargo had a negative impact on the economy of the United States, specifically affecting its energy security. It mentions that this led to increased demand for alternative sources of energy, including oil, which could have affected various sectors such as automotive manufacturing. The embargo also impacted global competitiveness, particularly in industries like automobiles, leading companies to seek new ways to increase their petroleum supply, even in remote areas like the Arctic. This suggests a negative influence on the US economy due to concerns about energy security and potential economic disruption caused by the embargo. ",La conciencia de la falta de seguridad energética de los Estados Unidos,0,0.0,0.19753086419753085,0.2870928829915561,0.352112676056338,modular,1.0
570610b275f01819005e792a,xquad.es,"California del Sur alberga el Aeropuerto Internacional de Los Ángeles, el segundo aeropuerto más concurrido de Estados Unidos por volumen de pasajeros (ver aeropuertos más concurridos del mundo por tráfico de pasajeros) y el tercero por volumen de pasajeros internacionales (ver aeropuertos más concurridos de Estados Unidos por tráfico internacional de pasajeros); el Aeropuerto Internacional de San Diego es el aeropuerto con una única pista de aterrizaje más concurrido del mundo; el Aeropuerto de Van Nuys, el aeropuerto de aviación general más concurrido del mundo; los principales aeropuertos comerciales del condado de Orange, Bakersfield, Ontario, Burbank y Long Beach; y numerosos pequeños aeropuertos comerciales y de aviación general.",¿Cuál es el segundo aeropuerto más concurrido de Estados Unidos?,Aeropuerto Internacional de Los Ángeles,Los Ángeles,"The passage directly mentions 'el Aeropuerto Internacional de Los Ángeles', which is the second most popular airport in the United States.",The context states that 'el Aeropuerto Internacional de Los Ángeles' is the second aeropuerto más concurrido de Estados Unidos.,"The context states that Los Angeles is the second most-concurrent airport in the world for both passenger volume and international passengers, making it the second most concurrent airport in terms of passenger traffic globally. The answer provided matches this information exactly.",Los Ángeles,0,0.5714285714285715,0.43999999999999995,0.25263157894736843,0.192,modular,1.0
57280fd3ff5b5019007d9c27,xquad.es,"El explorador francés hugonote Jean Ribault dibujó el río St. Johns en 1562, llamándolo el río de mayo porque lo descubrió en mayo. Ribault erigió una columna de piedra cerca de la actual Jacksonville reclamando la tierra recién descubierta para Francia. En 1564, René Goulaine de Laudonnière estableció el primer asentamiento europeo, Fort Caroline, en St. Johns, cerca del pueblo principal de Saturiwa. Felipe II de España ordenó a Pedro Menéndez de Avilés que protegiera los intereses de España atacando la presencia francesa en Fort Caroline. El 20 de septiembre de 1565, una fuerza española del cercano asentamiento español de San Agustín atacó Fort Caroline y mató a casi todos los soldados franceses que la defendían. Los españoles rebautizaron el fuerte San Mateo, y tras la expulsión de los franceses, se solidificó el asentamiento de San Agustín como el más importante de Florida. La ubicación de Fort Caroline es objeto de debate, pero en 1964 se estableció una reconstrucción del fuerte en el río St. Johns.",¿Para qué nación reclamó Ribault inicialmente lo que ahora es Jacksonville?,Francia,Francia,This sentence directly answers the question about who initially claimed Jacksonville.,"The context states that Jean Ribault 'dibujó el río St. Johns en 1562, llamándolo el río de mayo porque lo descubrió en mayo. Ribault erigió una columna de piedra cerca de la actual Jacksonville reclamando la tierra recién descubierta para Francia'","The context states that Ribault initially claimed the name of the river St. Johns in 1562, which was later changed to the name Mayflower due to its connection to the Mayflower voyage. The question asks about the current name of Jacksonville, which is now known as Jacksonville, Florida. Therefore, the correct answer is that the initial claim was for France, not Florida. ",Francia,1,1.0,1.0,0.1297497683039852,0.36274509803921573,modular,1.0
5729582b1d046914007792e6,xquad.es,"Estos cloroplastos, que se remontan directamente a un ancestro cianobacteriano, se conocen como plastidios primarios (""plástido"" en este contexto significa casi lo mismo que cloroplasto). Todos los cloroplastos primarios pertenecen a uno de tres linajes de cloroplastos: el linaje de cloroplastos de glaucofito, el rodófito o linaje de cloroplastos de algas rojas o el cloroplástida o linaje de cloroplastos verdes. Los dos segundos son los más grandes, y el linaje de cloroplasto verde es el que contiene las plantas terrestres.",¿Qué significa cloroplástida?,linaje de cloroplastos verdes,Linaje de cloroplasto verde,The passage mentions that the linaje of cloroplasts in green plants includes the most diverse and abundant cloroplasts.,The context states that the linaje of cloroplasts in green plants contains the most diverse and abundant cloroplasts.,"The context states that the linaje of chloroplasts in green plants is the most extensive, containing all known plant species. This aligns with the definition of 'chloroplástida', which refers to green plants.",Linaje de cloroplasto verde,0,0.5,0.9642857142857143,0.2985553772070626,0.021505376344086023,modular,1.0
5728eef92ca10214002daab3,xquad.es,"A veces la fiscalía propone un acuerdo de declaración de culpabilidad a los desobedientes civiles, como en el caso del Camden 28, en el que se les ofreció a los acusados la oportunidad de declararse culpables de un cargo de delito menor y no ser condenado a pena de cárcel. En algunas situaciones de detenciones masivas, los activistas deciden usar tácticas de solidaridad para asegurar el mismo trato para todos. Pero algunos activistas han optado por presentar una declaración ciega, en la que se declaran culpables sin que se llegara a un acuerdo de declaración. Mohandas Gandhi se declaró culpable y le dijo al tribunal: ""Estoy aquí para... someterme alegremente a la pena más alta que se me pueda imponer por lo que en la ley es un crimen deliberado y lo que me parece ser el deber más alto de un ciudadano"".",¿Qué tipo de súplica se toma a veces como un acto de desobediencia?,declaración ciega,Síntomas de desobediencia,La frase 'en el caso del Camden 28' indica que estas acciones son parte de un caso conocido donde se solicitaba a los desobedientes civiles declararse culpables de cargos menores.,El contexto describe cómo las autoridades pueden solicitar a los desobedientes civiles declararse culpables de cargos menores si no están condenados a pena de cárcel. Esto sugiere que estos desobedientes pueden estar desobedientes o desobedeciendo a las autoridades.,"The context states that in 1999, Mohandas Gandhi was declared culpable and said he would be happy to face the highest possible punishment for what he considers a deliberate crime and his duty as a citizen. This aligns with the concept of being disobedient or refusing to comply with authority or rules, which is often associated with acts of defiance against oppressive systems or societal norms. The context does not provide information about a specific year or time frame, so it's reasonable to assume that the question refers to 2005, when this incident occurred. ",Síntomas de desobediencia,0,0.0,0.33333333333333337,0.3061013443640124,0.13953488372093023,modular,1.0
5729feaf6aef05140015518c,xquad.es,"Entre 1991 y 2000, el área total de bosque perdido en el Amazonas aumentó de 415 000 a 587 000 kilómetros cuadrados (160 000 a 227 000 millas cuadradas), y la mayor parte del bosque perdido se convirtió en pasto para ganado. El setenta por ciento de la tierra anteriormente boscosa en el Amazonas, y el 91 % de la tierra deforestada desde 1970 se utiliza para el pastoreo de ganado. Actualmente, Brasil es el segundo mayor productor mundial de soja después de Estados Unidos. Sin embargo, nuevas investigaciones realizadas por Leydimere Oliveira et al. han demostrado que cuanto más se tala la selva tropical en el Amazonas, menos precipitación llega a la zona y, por lo tanto, menor es el rendimiento por hectárea. Así que a pesar de la percepción popular, la tala de zonas de selva tropical y su conversión en campos de pastoreo no ha tenido ninguna repercusión económica positiva para Brasil.",¿Qué porcentaje de tierra despejada en la Amazonía se utiliza para el cultivo de ganado?,91 %,91%,This information directly supports the answer given in the question.,The context states that 91% of the land previously forested in the Amazon was used for cattle farming.,"The context states that from 1991 to 2000, the area of forested land in the Amazon decreased from 415,000 to 587,000 km² (160,000 to 227,000 sq mi), while the remaining forest was converted into pasture for cattle production. This indicates that about 91% of the previously forested land in the Amazon is now used for cattle ranching. ",91%,1,1.0,1.0,0.11991434689507496,0.012121212121212121,modular,1.0
5733fb7bd058e614000b66ff,xquad.es,"Newcastle lo reemplazó en enero de 1756 con Lord Loudoun, con el General de División James Abercrombie como su segundo al mando. Ninguno de estos hombres tenía tanta experiencia en campañas como el trío de oficiales que Francia envió a Norteamérica. Los refuerzos del ejército regular francés llegaron a Nueva Francia en mayo de 1756, liderados por el General de División Louis-Joseph de Montcalm y apoyados por el Caballero de Lévis y el Coronel François-Charles de Bourlamaque, todos veteranos experimentados de la Guerra de Sucesión Austriaca. Durante ese tiempo en Europa, el 18 de mayo de 1756, Inglaterra declaró formalmente la guerra a Francia, la cual amplió la guerra a Europa, lo que más tarde se conocería como la Guerra de los Siete Años.",¿Quién fue nombrado segundo al mando de Lor Loudoun en 1756?,General de División James Abercrombie,Lord Loudoun,"The passage directly mentions that in January 1756, New Castle replaced Lord Loudoun with Lord Loudoun's second-in-command, who was also his second-in-command.","The context states that in January 1756, New Castle replaced Lord Loudoun with Lord Loudoun's second-in-command, who was also his second-in-command.","The context states that Lord Loudoun was replaced in January 1756 with Lord Northumberland, who became his second-in-command. This directly supports the claim that Lord Loudoun was named second in command in 1756.",Lord Loudoun,0,0.0,0.20408163265306123,0.25,0.04285714285714286,modular,1.0
57096b66200fba1400367fa7,xquad.es,"El 8 de febrero de 2007, BSkyB anunció su intención de sustituir sus tres canales digitales terrestres de emisión en abierto por cuatro canales de suscripción. Se propuso que esos canales ofrecieran una amplia gama de contenidos de la cartera de BSkyB, entre ellos deporte (incluida la liga inglesa de fútbol), películas, programas de entretenimiento y noticias. El anuncio se produjo un día después de que Setanta Sports confirmara que empezaría en marzo como servicio de suscripción en la plataforma digital terrestre y el mismo día en que los servicios de NTL se rebautizaban como Virgin Media. Sin embargo, fuentes del sector creen que BSkyB se verá obligada a posponer sus planes de retirar sus canales de Freeview y a reemplazarlos por canales de suscripción debido a la posible pérdida de ingresos publicitarios.",¿Cuándo anunció BSkyB su intención de reemplazar sus canales digitales de emisión en abierto?,8 de febrero de 2007,El 8 de febrero de 2007,"The announcement was made on February 8, 2007.",The context clearly states that BSkyB announced their intention of replacing their three terrestrial broadcast channels with four subscription-based channels.,"The context states that BSkyB announced their intention of replacing their three terrestrial broadcast channels with four subscription-based channels on February 8, 2007.",El 8 de febrero de 2007,0,0.9090909090909091,0.9302325581395349,0.08047337278106503,0.013422818791946308,modular,1.0
572828383acd2414000df5c4,xquad.es,"El Doctor Who ha aparecido en escena en numerosas ocasiones. A principios de la década de 1970, Trevor Martin desempeñó el papel de Doctor Who and the Daleks in the Seven Keys to Doomsday. A finales de la década de 1980, Jon Pertwee y Colin Baker interpretaron al Doctor en diferentes momentos durante la ejecución de una obra titulada Doctor Who - The Ultimate Adventure. Durante dos actuaciones, mientras Pertwee estaba enfermo, David Banks (más conocido por interpretar a los Cyberhombres) interpretó al Doctor. Otras obras originales han sido representadas como producciones amateurs, en las que otros actores han interpretado al Doctor, mientras que Terry Nation escribió The Curse of the Daleks, una obra de teatro montada a finales de la década de 1960, pero sin el Doctor.",¿Cómo se llamaba la obra del Doctor Who de los años 80?,Doctor Who - The Ultimate Adventure,Doctor Who - The Ultimate Adventure,"Terry Nation wrote 'The Curse of the Daleks', which was an original production for amateur actors, but without the Doctor.","The context states that during two performances, while Trevor Martin was sick, Jon Pertwee and Colin Baker played the role of Doctor Who in different scenes.","The context states that the Doctor Who - The Ultimate Adventure was performed during two performances by Jon Pertwee and Colin Baker, which occurred in the late 1980s. This aligns with the information provided in the question about the Doctor's appearance in the 1980s.",Doctor Who - The Ultimate Adventure,1,1.0,1.0,0.21386603995299647,0.15492957746478875,modular,1.0
5725fcbe271a42140099d3af,xquad.es,"A Fresno se puede acceder por la carretera estatal 99, la principal autopista norte/sur que conecta los principales centros de población del Valle Central de California. La carretera estatal 168, la autopista Sierra, se dirige al este hacia la ciudad de Clovis y Huntington Lake. La carretera estatal 41 (autopista Yosemite Freeway/autopista Eisenhower) llega a Fresno desde Atascadero en el sur, y luego se dirige al norte hacia Yosemite. La carretera estatal 180 (autopista de Kings Canyon) viene desde el oeste a través de Mendota, y desde el este en el Parque Nacional Kings Canyon en dirección a la ciudad de Reedley.",¿Cuál es otro nombre para la autopista Yosemite?,carretera estatal 41,autopista de Kings Canyon,"El contexto proporciona una descripción detallada de las diferentes autopistas que conectan Fresno con otros lugares importantes en California, incluyendo Yosemite National Park.",The context explicitly states that the carretera estatal 180 (autopista de Kings Canyon) comes from the oeste a través de Mendota and then from el este en el Parque Nacional Kings Canyon en dirección a la ciudad de Reedley.,"The context states that the Yosemite Freeway was built in 1999, while the answer claims it was built in 2005. This discrepancy suggests that the answer is incorrect based on the information provided in the context.",autopista de Kings Canyon,0,0.0,0.3111111111111111,0.3419023136246787,0.37878787878787884,modular,1.0
5727515f708984140094dc12,xquad.es,"Algunas de las escuelas más antiguas de Sudáfrica son escuelas eclesiásticas privadas que fueron establecidas por misioneros a principios del siglo XIX. El sector privado ha crecido desde entonces. Después de la abolición del apartheid, las leyes que rigen la educación privada en Sudáfrica cambiaron significativamente. La Ley de Escuelas Sudafricanas de 1996 reconoce dos categorías de escuelas: escuelas ""públicas"" (controladas por el estado) e ""independientes"" (que incluyen escuelas privadas tradicionales y escuelas que son administradas de forma privada [se necesitan aclaraciones].)",¿En qué año se aprobó la Ley de Escuelas de Sudáfrica?,1996,,,,"The context states that the 'Ley de Escuelas Sudafricanas de 1996' was enacted in 1996, which matches the year provided in the question.",,0,0.0,0.0,0.0,0.0,modular,0.0
5728e07e3acd2414000e00e9,xquad.es,"La desobediencia civil no revolucionaria es una simple desobediencia de las leyes con el argumento de que son juzgadas ""erróneamente"" por una conciencia individual, o en un esfuerzo por hacer que ciertas leyes resulten ineficaces, para causar que se deroguen o ejercer presión para que se obtenga el consentimiento de la persona para alguna otra cuestión política. La desobediencia civil revolucionaria es más bien un intento activo de derrocar a un gobierno (o de cambiar las tradiciones culturales, las costumbres sociales, las creencias religiosas, etc... la revolución no tiene que ser política, es decir, la ""revolución cultural"", sino que simplemente implica un cambio radical y generalizado a una sección de la estructura social). Los actos de Gandhi han sido descritos como desobediencia civil revolucionaria. Se ha dicho que los húngaros bajo Ferenc Deák dirigieron la desobediencia civil revolucionaria contra el gobierno austriaco. Thoreau también escribió sobre la desobediencia civil para lograr una ""revolución pacífica"". Howard Zinn, Harvey Wheeler y otros han identificado el derecho defendido en la Declaración de Independencia de ""alterar o abolir"" un gobierno injusto como un principio de desobediencia civil.",¿Cuál es una forma simple de desobediencia civil?,La desobediencia civil no revolucionaria,Desobediencia civil,La desobediencia civil no revolucionaria is described as a simple refusal to comply with legal requirements due to personal reasons.,"The context provides an example of a simple desobediencia civil: La desobediencia civil no revolucionaria, which refers to a person's refusal to obey laws due to their personal beliefs or concerns.","The context states that the 'desobediencia civil' was introduced in 1999, which is consistent with the year mentioned in the question.",Desobediencia civil,0,0.5714285714285715,0.6440677966101696,0.1837349397590361,0.07692307692307691,modular,1.0
56beca913aeaaa14008c946f,xquad.es,"Con 4 min 51 s de tiempo restante en el marcador, Carolina atrapó el balón en su línea de 24 yardas con la oportunidad de montar una jugada para ganar el partido, sin embargo pronto se vieron en el tercer down y a nueve yardas. En la siguiente jugada, Miller sustrajo el balón a Newton y después de que varios jugadores se lanzaran a por él, este pegó un gran bote hacia atrás; Ward pudo recogerlo, devolviéndolo cinco yardas hasta la línea de 4 de los Panthers. Varios jugadores se lanzaron a la pila para intentar recuperar el balón pero sin embargo, Newton no lo hizo y esa falta de agresividad le valió fuertes críticas a posteriori. Mientras tanto, la ofensiva de Denver se mantuvo fuera de la zona de anotación durante tres jugadas, hasta que un penalti por agarrón al esquinero Josh Norman le dio a los Broncos una nueva serie de downs. Anderson anotaba más tarde un touchdown en carrera de 2 yardas y Manning completaba un pase a Bennie Fowler para una conversión de 2 puntos, otorgando una ventaja a Denver de 24 a 10 con 3 min 8 s en el marcador, lo que prácticamente sentenciaba el partido. Carolina tuvo dos lanzamientos más, pero no consiguió hacer ningún primer down.",¿Qué jugador de los Panthers fue amonestado por agarrón en el tercer down?,Josh Norman,Anderson,The passage mentions that Anderson was the player who scored the touchdown in the third down.,"The context states that 'Manning completed a pase to Bennie Fowler for a conversion of 2 points, ottinga a Denver of 24 to 10 with 3 minutes and 8 seconds in the game'","The context states that Anderson was amonasted for grabbing the ball in the third down, which is consistent with the information provided in the question.",Anderson,0,0.0,0.3157894736842105,0.12327656123276565,0.08583690987124465,modular,1.0
572a020f6aef05140015519c,xquad.es,"Los ambientalistas están preocupados por la pérdida de biodiversidad que se producirá como resultado de la destrucción del bosque, y también por la liberación del carbono contenido en la vegetación, que podría acelerar el calentamiento global. Los bosques perennes amazónicos representan alrededor del 10 % de la productividad primaria terrestre mundial y el 10 % de los depósitos de carbono en los ecosistemas, del orden de 1,1 × 1011 toneladas métricas de carbono. Se estima que los bosques amazónicos han acumulado 0,62 ± 0,37 toneladas de carbono por hectárea y año entre 1975 y 1996.",¿Cuántas toneladas métricas de carbono se cree que están almacenadas en la selva amazónica?,"1,1 × 1011","0,62 ± 0,37 toneladas de carbono por hectárea y año","The sentence 'Se estima que los bosques amazónicos han acumulado 0,62 ± 0,37 toneladas de carbono por hectárea y año entre 1975 y 1996.' directly supports this answer.","The context provides an estimate of 0,62 ± 0,37 toneladas of carbon dioxide (CO2) released into the atmosphere due to deforestation in Amazonia between 1975 and 1996.",The context states that the carbon storage in Amazonian forests has been estimated at 0.62 ± 0.37 tons of carbon per hectare and year between 1975 and 1996. This directly supports the claim made in the question.,"0,62 ± 0,37 toneladas de carbono por hectárea y año",0,0.0,0.1071428571428571,0.344733242134063,0.08771929824561403,modular,1.0
56beb86b3aeaaa14008c92bd,xquad.es,"Peyton Manning se convirtió en el primer mariscal de campo de la historia en llevar a dos equipos diferentes a participar en múltiples Super Bowls. Ademas, es con 39 años, el mariscal de campo más longevo de la historia en jugar ese partido. El récord anterior estaba en manos de John Elway ―mánager general y actual vicepresidente ejecutivo para operaciones futbolísticas de Denver― que condujo a los Broncos a la victoria en la Super Bowl XXXIII a los 38 años de edad.",¿Cuántos años tenía Peyton Manning cuando jugó la Super Bowl 50?,39,37,"John Elway, who led the Broncos to victory in the Super Bowl XXXIII at the age of 38, was mentioned as the manager general and current vice president of operations for Denver.",The context states that Peyton Manning was 39 years old when he played in the Super Bowl XXXIII.,"The context states that Peyton Manning played in the Super Bowl 50, which was in 2005. The answer provided is 37 years old, so it does not match the information given in the context.",37,0,0.0,0.5,0.38187702265372164,0.12903225806451613,modular,1.0
572648e8dd62a815002e8076,xquad.es,"Con un tamaño que va de 1 milímetro (0,039 pulgadas) a 1,5 metros (4,9 pies), los ctenóforos son los animales no coloniales más grandes que utilizan cilios (""pelos"") como principal método de locomoción. La mayoría de las especies tienen ocho tiras, llamadas filas de panales, que corren a lo largo de sus cuerpos y llevan bandas de cilios en forma de panal, llamadas ""ctenes"", apiladas a lo largo de las filas de los panales de modo que cuando los panales laten, los de cada panal tocan el panal de abajo. El nombre ""ctenóforos"" significa ""con peine"", del griego κτείς (que viene de κτεν-) que significa ""peine"" y el sufijo griego -φορος, que significa ""llevar"".",¿Cómo se llaman los pelos de los ctenóforos?,cilios,Cilios,The passage explicitly mentions that ctenóforos have cilios as their primary method of locomotion.,"The passage states that 'los ctenóforos son los animales no coloniales más grandes que utilizan cilios ('pelos') como principal método de locomoción', which directly answers the question.","The context states that the ctenóforos have eight rows of panales called filas of panales, which carry bands of cilios in the form of panals, called ctenóforos, meaning 'with peine'.",Cilios,1,1.0,1.0,0.1983240223463687,0.2647058823529412,modular,1.0
572920d73f37b31900478056,xquad.es,"El trabajo infantil es común en Kenia. La mayoría de los niños que trabajan se dedican a la agricultura. En 2006, UNICEF estimó que hasta el 30 % de niñas en las zonas costeras de Malindi, Mombasa, Kilifi y Diani estaban sujetas a la prostitución. La mayoría de las prostitutas en Kenia tienen una edad de entre 9 y 18 años. El Ministerio de Género y Asuntos Infantiles dio empleo a 400 funcionarios de protección infantil en 2009. Las causas del trabajo infantil incluyen pobreza, falta de acceso a la educación e instituciones gubernamentales débiles. Kenia ha ratificado el Convenio núm. 81 sobre la inspección del trabajo en las industrias y el Convenio núm. 129 sobre la inspección del trabajo en la agricultura.",¿Qué porcentaje de niñas se dedican a la prostitución en las zonas costeras de Kenia?,hasta el 30 %,30%,"La frase 'todas las niñas en las zonas costeras de Malindi, Mombasa, Kilifi y Diani están sujetas a la prostitución' proporciona la información necesaria para determinar el porcentaje de niñas que trabajan en la prostitución.","The context states that 'toda la población de niñas en las zonas costeras de Malindi, Mombasa, Kilifi y Diani está sujeta a la prostitución'. This directly indicates that 30% of these girls work in prostitution.","The context states that in 2006, UNICEF estimated that up to 30% of girls in coastal areas of Malindi, Mombasa, Kilifi, and Diani were subject to prostitution. This aligns with the information provided in the question.",30%,0,0.5,0.3076923076923077,0.4226579520697168,0.2119205298013245,modular,1.0
57296f293f37b319004783a7,xquad.es,"La propiedad de ser primo (o no) se llama primalidad. Un método simple pero lento de verificar la primalidad de un número n dado se conoce como división de prueba. Consiste en comprobar si n es un múltiplo de cualquier número entero entre 2 y . Se han ideado algoritmos mucho más eficaces que la división de pruebas para comprobar la primalidad de los números grandes. Estos incluyen la prueba de primalidad de Miller-Rabin, que es rápida pero tiene una pequeña probabilidad de error, y la prueba de primalidad de AKS, que siempre produce la respuesta correcta en tiempo polinómico pero es demasiado lenta para ser práctica. Se dispone de métodos especialmente rápidos para los números de formularios especiales, como los números de Mersenne. A partir de enero de 2016 [actualización], el número primo más grande conocido tiene 22 338 618 dígitos decimales.","A fecha de enero de 2016, ¿cuántos dígitos contiene el primo más grande conocido?",22 338 618,"22,338,618",The sentence directly provides the number of digits in the largest known prime number.,The context states that 'enero de 2016' represents the number of digits in the largest known prime number.,"The context states that the number of digits in the largest known prime is 22,338,618, which matches the given answer.","22,338,618",0,0.0,0.8888888888888888,0.1444201312910285,0.03846153846153846,modular,1.0
56f86e91aef2371900626069,xquad.es,"Publicada en un momento de creciente demanda de publicaciones en alemán, la versión de Lutero se convirtió rápidamente en una traducción popular e influyente de la Biblia. Como tal, contribuyó de forma significativa a la evolución de la lengua y la literatura alemanas. Con notas y prólogos de Lutero y grabados en madera de Lucas Cranach que contenían imágenes antipapales, desempeñó un papel importante en la difusión de la doctrina de Lutero en Alemania. La Biblia de Lutero influyó en otras traducciones en lengua vernácula, como la Biblia inglesa de William Tyndale (1525 en adelante), un precursor de la Biblia del rey Jacobo.",¿A qué contribuyó la popularidad de la traducción de Lutero?,evolución de la lengua y la literatura alemanas,Contribuyó de forma significativa a la evolución de la lengua y la literatura alemanas,"The passage mentions that the version of Lutero was published in a moment of increased demand for translations, which contributed to its popularity and influence.",The context states that the version of Lutero became a popular and influential translation of the Bible in German during a time of increasing demand for translations.,"The context states that the version of Lutero became a popular translation in Alemán, contributing significantly to the evolution of German language and literature. It mentions notes and prologues from Lutero's work and images from Lucas Cranach, which were used for spreading Lutheranism in Germany. The context also refers to William Tyndale's Bible as a precursor to the King James Version.",Contribuyó de forma significativa a la evolución de la lengua y la literatura alemanas,0,0.761904761904762,0.7121212121212122,0.2901554404145078,0.03225806451612903,modular,1.0
572881d34b864d1900164a5d,xquad.es,"La medicina occidental también la practicaron en China los cristianos nestorianos de la corte de Yuan, donde a veces se la etiquetaba como huihui o medicina musulmana. El médico nestoriano Jesús El Intérprete fundó la Oficina de Medicina Occidental en 1263 durante el reinado de Kublai. Los médicos de huihui con personal en dos hospitales imperiales fueron responsables del tratamiento de la familia imperial y los miembros de la corte. Los médicos chinos se opusieron a la medicina occidental porque su sistema humoral contradecía la filosofía yin-yang y wuxing que subyace en la medicina tradicional china. No se conoce la traducción al chino de trabajos médicos occidentales, pero es posible que los chinos tuvieran acceso al Canon de medicina de Avicena.",¿Qué aspecto de la medicina occidental no les gustaba a los chinos?,su sistema humoral,El sistema humoral,El contexto proporciona una cita específica de un médico Nestoriano Jesús El Intérprete que menciona que los chinos se opusieron a la medicina occidental debido a su sistema humoral contradictorio.,The context states that los médicos chinos se opusieron a la medicina occidental por sus sistemas humulares contradictores a las filosofías yin-yang y wuxing que subyacen en la medicina tradicional china.,"The context states that the medical system of Nestorianism in China was different from traditional Chinese medicine. This is reflected in the fact that the chineses did not like the concept of the 'sistema humoral', which is central to traditional Chinese medicine. The context mentions that the Nestorian doctors founded the Office of Oriental Medicine in 1263 during the reign of Kublai Khan, indicating their opposition to Western medicine. However, it does not provide information about what specific aspects of the system they disliked.",El sistema humoral,0,0.6666666666666666,0.8888888888888888,0.3626723223753977,0.23129251700680267,modular,1.0
5726577f708984140094c303,xquad.es,"La Peste Negra asoló gran parte del mundo islámico. La peste estuvo presente en al menos un lugar del mundo islámico prácticamente todos los años entre 1500 y 1850. La peste azotó repetidamente las ciudades del norte de África. Argel perdió de 30 000 a 50 000 habitantes en 1620-21, y de nuevo en 1654-57, 1665, 1691 y 1740-42. La peste siguió siendo un acontecimiento importante en la sociedad otomana hasta el segundo cuarto del siglo XIX. Entre 1701 y 1750, se registraron treinta y siete epidemias mayores y menores en Constantinopla, y treinta y una más entre 1751 y 1800. Bagdad ha sufrido gravemente las oleadas de peste, y a veces dos tercios de su población han sido aniquilados.",¿Cuánto duró la peste en el imperio otomano?,hasta el segundo cuarto del siglo XIX,A concise answer to the question,"The passage mentions that the peste was present in at least one place in the Ottoman Empire every year between 1500 and 1850, which suggests its duration.","The context provides specific information about the duration of the peste in the Ottoman Empire, stating that it lasted for three and a half years (1701-1750) and another two and a half years (1751-1800). This indicates that the peste had a significant impact on the empire's stability.","The context states that the Ottoman Empire experienced three epidemics of plague between 1701 and 1750, which lasted from 1701 to 1750. The answer provided is consistent with this information.",A concise answer to the question,0,0.0,0.40625,0.270935960591133,0.02564102564102564,modular,1.0
5733834ed058e614000b5c29,xquad.es,"La creación de la primera bolsa de valores de Varsovia se produjo en el año 1817 y su actividad continuó hasta la Segunda Guerra Mundial. En abril de 1991, tras el fin del control comunista durante la posguerra y la reapertura a una economía de libre mercado, la bolsa abría de nuevo sus puertas. Según muchos indicadores, la Bolsa de Varsovia es, a día de hoy, el mayor mercado de valores de la región con 374 sociedades cotizadas y una capitalización total de 162 584 millones de euros (a 31 de agosto de 2009). Irónicamente, la bolsa de valores estuvo ubicada en el edificio que había sido sede del Partido Obrero Unificado Polaco (PZPR, por sus siglas en inglés) entre los años 1991 y 2000.",¿Cuántas sociedades cotizaban en la Bolsa de Valores de Varsovia en agosto de 2009?,374,374,The passage directly provides this information without any additional context.,"The context states that 'en abril de 1991, tras el fin del control comunista durante la posguerra y la reapertura a una economía de libre mercado, la bolsa abrió de nuevo sus puertas.' This indicates that there were 374 companies listed in the Varsovia Stock Exchange in August 2009.","The context states that in August 2009, the Bolsa de Varsovia had 374 societies listed on its market. This directly supports the claim of 374 societies being listed in August 2009.",374,1,1.0,1.0,0.16822429906542058,0.3571428571428571,modular,1.0
57338007d058e614000b5bdc,xquad.es,"A lo largo de su existencia, Varsovia siempre ha sido una ciudad multicultural. Según el censo del año 1901, de sus 711 988 habitantes, el 56,2 % eran católicos, el 35,7 % judíos, el 5 % cristianos ortodoxos y el 2,8 % protestantes. Ocho años más tarde, en 1909, habían 281 754 judíos (36,9 %), 18 189 protestantes (2,4 %) y 2818 mariavitas (0,4 %). Esto llevó a la construcción, por toda la ciudad, de cientos de lugares de culto religioso; la mayoría de los cuales fueron destruidos tras el Alzamiento de Varsovia en 1944. Al finalizar la guerra, las nuevas autoridades comunistas de Polonia desincentivaron la construcción de iglesias y muy pocas fueron reconstruidas.","De los habitantes de Varsovia en 1901, ¿qué porcentaje era católico?","56,2 %","56,2%","The sentence directly provides this information: 'de sus 711 988 habitantes, el 56,2 % eran católicos'.","The context states that in 1901, of the 711 988 inhabitants of Varsovia, 56,2% were Catholic.","The context states that in 1901, 56.2% of the population was Catholic, which matches the given percentage of 56.2% in the question.","56,2%",1,1.0,1.0,0.2016574585635359,0.08333333333333334,modular,1.0
572683f95951b619008f7526,xquad.es,"Algunos académicos modernos, como Fielding H. Garrison, opinan que el origen de la ciencia de la geología puede remontarse a Persia después de que las conquistas musulmanas llegaran a su fin. Abu al-Rayhan al-Biruni (973-1048 d.C.) fue uno de los primeros geólogos persas, cuyas obras incluían los primeros escritos sobre la geología de la India, con la hipótesis de que el subcontinente indio en su día fue un mar. Basándose en la literatura científica griega e india que no fue destruida por las conquistas musulmanas, el académico persa Ibn Sina (Avicena, 981-1037) propuso explicaciones detalladas sobre la formación de montañas, el origen de los terremotos y otros temas centrales de la geología moderna, que proporcionaron una base esencial para el desarrollo posterior de la ciencia. En China, el polimático Shen Kuo (1031-1095) formuló una hipótesis para el proceso de formación de la tierra: basado en su observación de conchas de animales fósiles en un estrato geológico en una montaña a cientos de millas del océano, infirió que la tierra estaba formada por la erosión de las montañas y por la deposición de limo.","¿Cómo se llamaba, no de los primeros geólogos persas que vivió de 973 a 1048 d.C.?",Abu al-Rayhan al-Biruni,Abu al-Rayhan al-Biruni,The passage mentions that Abu al-Rayhan al-Biruni lived from 973 to 1048 D.C.,The context states that Abu al-Rayhan al-Biruni was one of the first Persian geologists and wrote important works about the geology of India.,"The context states that Abu al-Rayhan al-Biruni lived from 973 to 1048 CE, which matches the year provided in the question (2005).",Abu al-Rayhan al-Biruni,1,1.0,1.0,0.10335917312661502,0.039999999999999994,modular,1.0
56f86e91aef2371900626067,xquad.es,"Publicada en un momento de creciente demanda de publicaciones en alemán, la versión de Lutero se convirtió rápidamente en una traducción popular e influyente de la Biblia. Como tal, contribuyó de forma significativa a la evolución de la lengua y la literatura alemanas. Con notas y prólogos de Lutero y grabados en madera de Lucas Cranach que contenían imágenes antipapales, desempeñó un papel importante en la difusión de la doctrina de Lutero en Alemania. La Biblia de Lutero influyó en otras traducciones en lengua vernácula, como la Biblia inglesa de William Tyndale (1525 en adelante), un precursor de la Biblia del rey Jacobo.","¿En la época de Martín Lutero, qué tenía demanda?",publicaciones en alemán,La concise respuesta al preguntón,"La cita específica mencionada en el contexto: 'Publicada en un momento de creciente demanda de publicaciones en alemán, la versión de Lutero se convirtió rápidamente en una traducción popular e influyente de la Biblia.'",El contexto describe cómo la traducción de Martin Luther fue muy popular y influyente en el idioma alemán durante su tiempo. Se menciona específicamente que la versión de Lutero se convirtió rápidamente en una traducción popular e influyente de la Biblia.,"The context states that the version of Lutero was published in a time of increased demand for translations in German, which aligns with the year 2005 mentioned in the answer.",La concise respuesta al preguntón,0,0.0,0.4642857142857143,0.4052757793764988,0.3076923076923077,modular,1.0
5727f3193acd2414000df0a5,xquad.es,"El Doctor raras veces viaja solo y a menudo lleva uno o más compañeros con los que compartir estas aventuras. Sus compañeros son normalmente humanos, ya que ha encontrado una fascinación por el planeta Tierra. A menudo encuentra eventos que despiertan su curiosidad mientras trata de evitar que las fuerzas del mal dañen a personas inocentes o cambien la historia, usando solamente su ingenio y recursos mínimos, como su versátil destornillador sónico. Como Señor del Tiempo, el Doctor tiene la habilidad de regenerarse cuando su cuerpo está mortalmente dañado, adquiriendo una nueva apariencia y personalidad. El Doctor ha ganado numerosos enemigos recurrentes durante sus viajes, entre ellos los Daleks, los Cyberhombres y el Maestro, otro renegado Señor del Tiempo.",¿Con qué frecuencia viaja el Doctor Who solo?,raras veces,rara vez,,The context states that 'El Doctor raras veces viaja solo' and provides examples of his frequent travels (like when he has to share adventures with his companions) but does not mention him traveling alone very often.,"The context states that the Doctor raresly travels alone, while the answer claims it's 2005, which is incorrect based on the information provided in the context.",rara vez,0,0.0,0.736842105263158,0.0,0.07947019867549669,modular,0.0
5737a25ac3c5551400e51f51,xquad.es,"Donde es el área de la sección transversal relevante para el volumen para el que se calcula el tensor de esfuerzo. Este formalismo incluye términos de presión relacionados con fuerzas que actúan normalmente en el área de la sección transversal (las diagonales de la matriz del tensor), así como términos de cizallamiento relacionados con las fuerzas que actúan paralelamente al área de la sección transversal (los elementos fuera de la diagonal). El tensor de esfuerzo tiene en cuenta las fuerzas que causan todas las deformaciones, incluso las tensiones de tracción y las compresiones.:133–134:38-1–38-11",¿Qué causa la tensión en las estructuras?,tensor de esfuerzo,La tensión en las estructuras,El texto menciona específicamente que 'la tensión' ocurre en las estructuras.,"El contexto explica que la tensión en las estructuras ocurre cuando hay una combinación de fuerzas que causan todas las deformaciones, incluyendo las tensiones de tracción y las compresiones.","The context states that the tensor of stress includes terms related to normal forces acting on the area of the section transverse (the diagonal elements of the matrix), as well as terms related to parallel forces acting along the area (elements outside the diagonal). This information directly supports the claim that tensile stresses exist in structures.",La tensión en las estructuras,0,0.0,0.46808510638297873,0.1987951807228916,0.29508196721311475,modular,1.0
5726acc1f1498d1400e8e6cd,xquad.es,"A medida que la amistad entre Jamukha y Temujin se fue distanciando, cada uno comenzó a consolidar su poder, y pronto se convirtieron en rivales. Jamukha apoyó la aristocracia tradicional mongola, mientras que Temüjin siguió un método meritocrático, y atrajo a una mayor variedad de seguidores, aunque de clase más baja. Debido a su anterior derrota a los merkitas y a la proclamación del chamán Kokochu de que el Cielo Azul Eterno había dejado el mundo a un lado por Temujin, este comenzó a elevarse al poder. En 1186, Temujin fue elegido khan de los mongoles. Sin embargo, Jamukha, amenazado por el rápido ascenso de Temujin, rápidamente se movilizó para detener sus ambiciones. En 1187, lanzó un ataque contra su antiguo amigo con un ejército de treinta mil soldados. Temujin se apresuró a reunir a sus seguidores para defenderse contra el ataque, pero fue derrotado contundentemente en la batalla de Dalan Balzhut. Jamukha horrorizó enormemente a la gente y dañó su imagen al poner a hervir vivos en calderas a setenta jóvenes varones cautivos, distanciando a muchos de sus potenciales seguidores y suscitando simpatía por Temujin. Toghrul, como patrón de Temujin, fue exiliado a la Qara Khitai. La vida de Temujin durante los próximos diez años es muy poco clara, ya que los registros históricos guardan silencio sobre ese período.",¿Qué batalla perdió Temujin contra Jamukha poco después de su elección como khan?,batalla de Dalan Balzhut,La batalla de Dalan Balzhut,"El contexto proporciona información específica sobre esta batalla, lo cual es crucial para determinar cuál fue la victoria o derrota de Temujin contra Jamukha poco después de su elección como Khan.","The context states that in 1187, Temujin attacked against his old friend with a large army of 30,000 men. This attack was unsuccessful and resulted in a defeat.","The context states that in 1187, Temujin attacked against Jamukha's forces, resulting in his defeat in the battle of Dalan Balzhut.",La batalla de Dalan Balzhut,0,0.888888888888889,0.9411764705882352,0.218938885157824,0.017391304347826087,modular,1.0
5727cc15ff5b5019007d9576,xquad.es,"La Escuela de Negocios de Harvard y muchas de las instalaciones de atletismo de la universidad, entre ellas el Estadio de Harvard, están ubicadas en un campus de 145 hectáreas (358 acres) frente al campus de Cambridge en Allston. El John W. Weeks Bridge es un puente peatonal sobre el Río Charles que conecta ambos campus. La Facultad de Medicina de Harvard, la Facultad de Odontología de Harvard y la Facultad de Salud Pública de Harvard están ubicadas en un campus de 8,5 ha (21 acres) en el Longwood Medical and Academic Area aproximadamente 5,3 km (3,3 millas) al suroeste del centro de Boston y 5,3 km (3,3 millas) al sur del campus de Cambridge.",¿Dónde se encuentra el estadio de Harvard?,Allston,en el campus de Allston,El texto menciona específicamente que el estadio de Harvard está ubicado en un campus de 145 hectáreas (358 acres). Esto significa que el estadio está situado dentro del campus de Allston.,"El contexto indica que 'el John W. Weeks Bridge' es un puente peatonal sobre el Río Charles que conecta ambos campus, lo cual sugiere que el estadio de Harvard está ubicado en el campus de Allston.","The context states that the John W. Weeks Bridge is a bridge over the Río Charles connecting both Harvard campuses, which aligns with the information provided in the answer about the 2005 location of the Harvard campus.",en el campus de Allston,0,0.33333333333333337,0.4666666666666666,0.39018404907975457,0.3443708609271523,modular,1.0
5728349dff5b5019007d9f00,xquad.es,"La selva amazónica (Portugués: Floresta Amazônica o Amazonia; español: selva amazónica, Amazonía o normalmente Amazonia; francés: Forêt amazonienne; holandés: Amazoneregenwoud), también conocida en inglés como Amazonia o la Amazon Jungle, es un bosque latifoliado húmedo que cubre la mayor parte de la cuenca amazónica de Sudamérica. Esta cuenca abarca 7 000 000 000 km2 (2 700 000 millas cuadradas), de los cuales 5 500 000 km2 (2 100 000 pies cuadrados) están cubiertos por la selva tropical. Esta región incluye territorios que pertenecen a nueve naciones. La mayor parte del bosque se encuentra dentro de Brasil, con un 60 % de la selva tropical, seguido por Perú, con un 13 %, Colombia, con un 10 % y con cantidades menores en Venezuela, Ecuador, Bolivia, Guyana, Surinam y Guayana Francesa. Estados o departamentos de cuatro naciones contienen ""Amazonas"" en sus nombres. El Amazonas representa más de la mitad de los bosques lluviosos que quedan en el planeta, y comprende el mayor tracto de bosque lluvioso tropical del mundo, y con mayor biodiversidad, con 390 000 millones de árboles individuales divididos en 16 000 especies.",¿En qué país se encuentra la mayor parte de la selva amazónica?,Brasil,Brasil,The passage directly mentions that the Amazon rainforest covers 7 million square kilometers in Brazil.,"The passage states that 'Esta región incluye territorios que pertenecen a nueve naciones' which means 'This region includes territories belonging to nine countries'. Therefore, Brazil is the country where the majority of the Amazon rainforest is located.","The context states that the Amazon rainforest covers 7 million square kilometers of the Amazon basin in South America, which includes Brazil. The answer provided is 2005, so it matches the information given in the context.",Brasil,1,1.0,1.0,0.1397306397306397,0.08530805687203792,modular,1.0
57280f0d3acd2414000df35d,xquad.es,"La primera serie del programa, Un niño sobrenatural, muestra que el Doctor tiene una nieta, Susan Foreman. En la serie de 1967, La Tumba de los Cyberhombres, cuando Victoria Waterfield duda de que el Doctor pueda recordar a su familia debido a que, ""siendo tan antiguo"", el Doctor dice que puede hacerlo cuando realmente quiere: ""El resto del tiempo duermen en mi mente"". La serie de 2005 revela que el Noveno Doctor pensó que él era el último Señor del Tiempo superviviente, y que su planeta natal había sido destruido; en ""El niño vacío"" (2005), el Dr. Constantine afirma que, ""Antes de que la guerra comenzara, yo era padre y abuelo. Ahora no soy ninguna de las dos cosas"". El Doctor responde: ""Sí, conozco la sensación"". En ""Smith y Jones"" (2007), cuando se le preguntó si tenía un hermano, respondió: ""No, ya no"". Tanto en ""Temedla"" (2006) como en ""La hija del doctor"" (2008), afirma que, en el pasado, había sido padre.",¿En qué año dijo el Doctor Who que era el último Señor del Tiempo?,2005,2005,El niño vacío (2005): 'El resto del tiempo duermen en mi mente',"The context states that in 'El niño vacío' (2005), the Doctor says, 'El resto del tiempo duermen en mi mente'. This directly indicates that he believed he was the last Time Lord.","The context states that in 'El niño vacío' (2005), the Doctor explicitly stated that he was the last Time Lord supervillain, referring to himself as the 'Noveno Doctor'.",2005,1,1.0,1.0,0.1232432432432432,0.13756613756613756,modular,1.0
572a005f1d046914007796b8,xquad.es,"Las necesidades de los agricultores de soja se han utilizado para justificar muchos de los controvertidos proyectos de transporte que se están desarrollando actualmente en la Amazonía. Las primeras dos carreteras abrieron con éxito la selva tropical y causaron un aumento de asentamientos y de la deforestación. La tasa media anual de deforestación de 2000 a 2005 (22 392 km2 o 8646 millas cuadradas al año) fue un 18 % más alta que en los cinco años anteriores (19 018 km2 o 7343 millas cuadradas por año). Aunque la deforestación ha disminuido significativamente en la Amazonía brasileña entre 2004 y 2014, ha habido un aumento hasta la actualidad.",¿A qué dio lugar la creación de carreteras en la selva amazónica?,aumento de asentamientos y de la deforestación,La concisenza del contexto,La frase 'las primeras dos carreteras abrieron con éxito la selva tropical' es una referencia clara al tema principal de la pregunta.,El contexto describe cómo las primeras dos carreteras abrieron con éxito la selva tropical y causaron un aumento de asentamientos y de la deforestación en la Amazonía.,"The context clearly states that the first two roads opened in 2000 and 2005, which were part of the Amazon Rainforest Deforestation Initiative (ARDI), aimed at reducing deforestation in the Amazon region. The increase in deforestation rates from 2000-2005 was attributed to these roads, indicating their impact on the environment and agricultural practices in the Amazonian rainforest. ",La concisenza del contexto,0,0.18181818181818182,0.38888888888888884,0.31469440832249673,0.3458646616541354,modular,1.0
5728eef92ca10214002daab1,xquad.es,"A veces la fiscalía propone un acuerdo de declaración de culpabilidad a los desobedientes civiles, como en el caso del Camden 28, en el que se les ofreció a los acusados la oportunidad de declararse culpables de un cargo de delito menor y no ser condenado a pena de cárcel. En algunas situaciones de detenciones masivas, los activistas deciden usar tácticas de solidaridad para asegurar el mismo trato para todos. Pero algunos activistas han optado por presentar una declaración ciega, en la que se declaran culpables sin que se llegara a un acuerdo de declaración. Mohandas Gandhi se declaró culpable y le dijo al tribunal: ""Estoy aquí para... someterme alegremente a la pena más alta que se me pueda imponer por lo que en la ley es un crimen deliberado y lo que me parece ser el deber más alto de un ciudadano"".",¿Cuál es generalmente la meta de aceptar un acuerdo de culpabilidad?,no ser condenado a pena de cárcel,Concise answer to the question,The passage mentions cases like the Camden 28 case where the government offered to waive charges in exchange for admitting guilt.,The context provides examples of situations where the government offers an agreement for people who have committed minor crimes to declare themselves guilty and avoid punishment. This demonstrates the idea that accepting an agreement can be seen as a way to avoid severe consequences.,"The context states that in some cases of mass detention, activists use solidarity tactics to ensure equal treatment for all detained individuals. This aligns with the idea of accepting an agreement on culpability as it allows for fair representation and equality among those who have been detained.",Concise answer to the question,0,0.0,0.3728813559322034,0.20659340659340664,0.0,modular,1.0
57296f293f37b319004783a6,xquad.es,"La propiedad de ser primo (o no) se llama primalidad. Un método simple pero lento de verificar la primalidad de un número n dado se conoce como división de prueba. Consiste en comprobar si n es un múltiplo de cualquier número entero entre 2 y . Se han ideado algoritmos mucho más eficaces que la división de pruebas para comprobar la primalidad de los números grandes. Estos incluyen la prueba de primalidad de Miller-Rabin, que es rápida pero tiene una pequeña probabilidad de error, y la prueba de primalidad de AKS, que siempre produce la respuesta correcta en tiempo polinómico pero es demasiado lenta para ser práctica. Se dispone de métodos especialmente rápidos para los números de formularios especiales, como los números de Mersenne. A partir de enero de 2016 [actualización], el número primo más grande conocido tiene 22 338 618 dígitos decimales.",¿Cuál es el nombre de otro algoritmo útil para probar adecuadamente la primalidad de los números grandes?,prueba de primalidad de AKS,Miller-Rabin,"The context states: 'Estos incluyen la prueba de primalidad de Miller-Rabin, que es rápida pero tiene una pequeña probabilidad de error'",The context provides an algorithm called Miller-Rabin that is useful for proving primality of large numbers.,"The context states that the number of digits in the largest known prime is 22,338,618, which matches the claim made in the question.",Miller-Rabin,0,0.0,0.21052631578947367,0.2587991718426501,0.012903225806451613,modular,1.0
5725cc38ec44d21400f3d5bd,xquad.es,"Los principales Tratados que forman la Unión Europea comenzaron con reglas comunes para el carbón y el acero, y luego la energía atómica, pero se establecieron instituciones más integrales y formales mediante el Tratado de Roma de 1957 y el Tratado de Maastricht de 1992 (ahora: TFEU). Durante los años sesenta y setenta se introdujeron pequeñas modificaciones. Se firmaron importantes tratados de enmienda para completar el desarrollo de un mercado interior único en el Acta Única Europea 1986, para promover el desarrollo de una Europa más social en el Tratado de Ámsterdam de 1997 y para introducir pequeñas modificaciones en el poder relativo de los Estados miembros en las instituciones de la UE en el Tratado de Niza de 2001 y en el Tratado de Lisboa de 2007. Desde su creación, se han adherido más Estados miembros a través de una serie de tratados de adhesión, desde el Reino Unido, Irlanda, Dinamarca y Noruega en 1972 (aunque Noruega terminó por no adherirse), Grecia en 1979, España y Portugal en 1985, Austria, Finlandia, Noruega y Suecia en 1994 (aunque de nuevo Noruega no se adhirió a la Unión Europea debido a la falta de apoyo en el referéndum), la República Checa, Chipre, Estonia, Hungría, Letonia, Lituania, Malta, Polonia, Eslovaquia y Eslovenia en 2004, Rumania y Bulgaria en 2007 y Croacia en 2013. Groenlandia firmó un Tratado en 1985 que le otorga un estatus especial.",¿En qué años se incorporaron España y Portugal a la Unión Europea?,1985,2004,The passage mentions that 'Groenlandia firmó un Tratado en 1985 que le otorga un estatus especial'. This indicates that Spain and Portugal were added through this treaty.,"The context states that 'Desde su creación, se ha adherido más Estados miembros a través de una serie de tratados de adhesión', indicating that Spain and Portugal were added in 2004.","The context states that Spain and Portugal were added in 1994, which is consistent with the information provided in the question.",2004,0,0.0,0.0,0.18840579710144922,0.13899613899613902,modular,1.0
57264b3edd62a815002e80ac,xquad.es,"El conocimiento médico se había estancado durante la Edad Media. El relato más acreditado en ese momento provino de la facultad de medicina de París en un informe al rey de Francia que culpó a los cielos, en la forma de una conjunción de tres planetas en 1345 que causó una ""gran pestilencia en el aire"". Este informe se convirtió en el primero y el más ampliamente difundido de una serie de folletos de la plaga que intentaban dar consejos a los enfermos. Que la plaga era causada por el aire viciado se convirtió en la teoría más ampliamente aceptada. Hoy en día, esto se conoce como la teoría del Miasma. La palabra ""plaga"" no tenía un significado especial en este momento, y solo la recurrencia de brotes durante la Edad Media le dio el nombre que se ha convertido en el término médico.",¿Cuál es la teoría más reciente y más ampliamente aceptada para la propagación de la plaga?,Que la plaga era causada por el aire viciado,,,,"The context states that today's term for the plague is 'miasma', which was coined in 1867. The information provided in the question aligns with this date, making it a recent and widely accepted theory about the plague's cause.",,0,0.0,0.0,0.0,0.0,modular,0.0
5726847f708984140094c8ae,xquad.es,"Lindisfarne es un grupo de folk-rock con una fuerte conexión en Tyneside. Su canción más famosa, ""Fog on the Tyne"" (1971), fue cubierta por el exfutbolista de Geordie Paul Gascoigne en 1990. Venom, considerado por muchos como el creador del black metal y extremadamente influyente en la escena del metal extremo en su conjunto, se formó en Newcastle en 1979. La banda de folk metal Skyclad, a menudo considerada como la primera banda de folk metal, también formada en Newcastle tras la disolución de la banda de thrash metal Martin Walkyier, Sabbat. Andy Taylor, exguitarrista principal de Duran Duran, nació aquí en 1961. Brian Johnson fue miembro de la banda local de rock Geordie antes de convertirse en el vocalista principal de AC/DC.",¿Qué banda se considera a menudo como el primer grupo de folk metal?,Skyclad,Skyclad,"The passage mentions that 'Skyclad, a folk metal band, also formed in Newcastle', providing evidence for this answer.","The context states that 'Skyclad, a folk metal band, also formed in Newcastle', indicating that it was one of the earliest examples of folk metal.","The context states that Skyclad formed in Newcastle in 1979, which is when Folk Metal was considered the first folk metal band. The answer provides the year as 2005, so it does not support this claim.",Skyclad,1,1.0,1.0,0.2195121951219512,0.08391608391608392,modular,1.0
572a04d51d046914007796cd,xquad.es,"Por el contrario, durante los períodos de vigilia, las células efectoras diferenciadas, como las células citotóxicas asesinas naturales y los CTL (linfocitos T citotóxicos), alcanzan su punto máximo para suscitar una respuesta eficaz frente a los agentes patógenos intrusos. También durante los tiempos activos despiertos, las moléculas antiinflamatorias, como el cortisol y las catecolaminas, alcanzan su punto máximo. Existen dos teorías sobre por qué el estado proinflamatorio está reservado para el tiempo de sueño. Primero, la inflamación causaría serios daños cognitivos y físicos si ocurriera durante las horas de vigilia. Segundo, la inflamación puede producirse durante las horas de sueño debido a la presencia de melatonina. La inflamación causa un gran estrés oxidativo y la presencia de melatonina durante las horas de sueño podría contrarrestar activamente la producción de radicales libres durante este tiempo.",¿Cuáles son ejemplos de células efectoras diferenciadas que alcanzan su punto máximo durante los períodos de vigilia?,células citotóxicas asesinas naturales y los CTL (linfocitos T citotóxicos),Células citotóxicas asesinas naturales y los CTL (linfocitos T citotóxicos),The passage mentions two types of effector cells: cytotoxic cells (CTL) and citotoxic cells (cytotoxic cells). These cells are differentiated during the day and night respectively.,"The context states that during the periods of vigilance, such as the day and night, the effector cells differentiate into cytotoxic cells that can kill pathogens.","The context states that during the periods of vigilance, the effector cells differentially differentiate between different types of cells, including cytotoxic natural killer cells (CTLs) and T helper cells (THCs).",Células citotóxicas asesinas naturales y los CTL (linfocitos T citotóxicos),1,1.0,1.0,0.25396825396825395,0.0,modular,1.0
5733a32bd058e614000b5f32,xquad.es,"Su rival local, el Polonia Varsovia, que a pesar de contar con bastantes menos seguidores, consiguió ganar la Ekstraklasa en el año 2000. También ganó el campeonato del país en 1946 y la copa en dos ocasiones. La sede del equipo se encuentra en la calle Konwiktorska, a solo 10 minutos caminando, en dirección norte, desde el centro histórico de la ciudad. Debido a su desastrosa situación financiera, el Polonia fue relegado de la máxima categoría del país en 2013 y ahora juega en la 4.a liga (la 5.a en Polonia), la categoría profesional más baja de la liga en el sistema de la Asociación Polaca de Fútbol (PZPN, por sus siglas en inglés).",¿Quién ganó la Ekstraklasa en el año 2000?,Polonia Varsovia,El Polonia Varsovia,La frase menciona específicamente que 'el Polonia Varsovia' ganó la Ekstraklasa en ese año.,La frase principal proporciona información sobre que el Polonia Varsovia ganó la Ekstraklasa en el año 2000.,"The context states that the Polonia Varsovia team won the Ekstra Klasa in the year 2000, which matches the information given in the question.",El Polonia Varsovia,0,0.8,0.9142857142857143,0.211864406779661,0.1875,modular,1.0
5727de862ca10214002d9862,xquad.es,"Política: Secretario General de la ONU Ban Ki-moon; líderes políticos estadounidenses John Hancock, John Adams, John Quincy Adams, Rutherford B. Hayes, Theodore Roosevelt, Franklin D. Roosevelt, John F. Kennedy, Al Gore, George W. Bush y Barack Obama; el presidente chileno Sebastián Piñera; el presidente colombiano Juan Manuel Santos; el presidente costarricense José María Figueres; los presidentes mexicanos Felipe Calderón, Carlos Salinas de Gortari y Miguel de la Madrid; El presidente mongol Tsakhiagiin Elbegdorj; el presidente peruano Alejandro Toledo; el presidente taiwanés Ma Ying-jeou; el gobernador general canadiense David Lloyd Johnston; el miembro indio del Parlamento Jayant Sinha; el primer ministro albanés Fan S. Noli; los primeros ministros canadienses Mackenzie King y Pierre Trudeau; el primer ministro griego Antonis Samaras; el primer ministro israelí Benjamin Netanyahu; el exprimer ministro pakistaní Benazir Bhutto; el Secretario de Vivienda y Desarrollo Urbano de EE. UU. Shaun Donovan; el líder político canadiense Michael Ignatieff; los miembros pakistaníes de la Asamblea Provincial Murtaza Bhutto y Sanam Bhutto; el Ministro de Finanzas de Bangladesh Abul Maal Abdul Muhith; el Presidente de Puntlandia Abdiweli Mohamed Ali; el Embajador de los Estados Unidos ante la Unión Europea Anthony Luzzatto Gardner.",¿Quién es el presidente de Costa Rica que fue a Harvard?,José María Figueres,John F. Kennedy,John F. Kennedy's role in the Kennedy assassination and his presidency have been mentioned in the context.,"The context provides information about several presidents of Costa Rica, including John F. Kennedy. It mentions that John F. Kennedy was the 35th President of the United States and served from 1961 to 1963.","John F. Kennedy was indeed the 35th President of the United States from 1961 to 1963. The context mentions that he served as Secretary-General of the United Nations in 2017, which aligns with his presidency.",John F. Kennedy,0,0.0,0.36363636363636365,0.13314244810307807,0.036036036036036036,modular,1.0
572685cd5951b619008f7576,xquad.es,"El V&A tiene sus orígenes en la Gran Exposición de 1851, con la que Henry Cole, el primer director del museo, participó en la planificación; inicialmente fue conocido como el Museo de Manufacturas, inaugurado en mayo de 1852 en Marlborough House, pero en septiembre ya estaba transferido a Somerset House. En esta etapa las colecciones abarcaban tanto el arte aplicado como la ciencia. Varias de las piezas de la exposición fueron adquiridas para formar el núcleo de la colección. En febrero de 1854 se iniciaron las conversaciones para trasladar el museo al sitio actual y se le cambió el nombre por el del museo de South Kensington. En 1855, el arquitecto alemán Gottfried Semper, a petición de Cole, realizó un diseño para el museo, pero fue rechazado por la Junta de Comercio por ser demasiado caro. El sitio fue ocupado por la Brompton Park House, que se amplió para incluir las primeras salas de refrigerio inauguradas en 1857, siendo el museo el primero en el mundo en ofrecer este tipo de instalaciones.",¿Adónde fue transferido el V&A desde su ubicación original en Marlborough House?,Somerset House,A Concise Answer to the Question,The passage directly mentions that 'in septiembre ya estaba transferido a Somerset House',"The context states that in September 1852, the museum was transferred to Somerset House.","The context states that in 1854, the museum was transferred from Marlborough House to Somerset House. This aligns with the information provided in the question about the move of the V&A from Marlborough House to Somerset House in 1854. ",A Concise Answer to the Question,0,0.0,0.3902439024390244,0.14365671641791045,0.03296703296703297,modular,1.0
57268e2bf1498d1400e8e3b2,xquad.es,"Los principales Tratados que forman la Unión Europea comenzaron con reglas comunes para el carbón y el acero, y luego la energía atómica, pero se establecieron instituciones más integrales y formales mediante el Tratado de Roma de 1957 y el Tratado de Maastricht de 1992 (ahora: TFEU). Durante los años sesenta y setenta se introdujeron pequeñas modificaciones. Se firmaron importantes tratados de enmienda para completar el desarrollo de un mercado interior único en el Acta Única Europea 1986, para promover el desarrollo de una Europa más social en el Tratado de Ámsterdam de 1997 y para introducir pequeñas modificaciones en el poder relativo de los Estados miembros en las instituciones de la UE en el Tratado de Niza de 2001 y en el Tratado de Lisboa de 2007. Desde su creación, se han adherido más Estados miembros a través de una serie de tratados de adhesión, desde el Reino Unido, Irlanda, Dinamarca y Noruega en 1972 (aunque Noruega terminó por no adherirse), Grecia en 1979, España y Portugal en 1985, Austria, Finlandia, Noruega y Suecia en 1994 (aunque de nuevo Noruega no se adhirió a la Unión Europea debido a la falta de apoyo en el referéndum), la República Checa, Chipre, Estonia, Hungría, Letonia, Lituania, Malta, Polonia, Eslovaquia y Eslovenia en 2004, Rumania y Bulgaria en 2007 y Croacia en 2013. Groenlandia firmó un Tratado en 1985 que le otorga un estatus especial.",¿Cuándo se elaboró el Acta Única Europea?,1986,1986,The text mentions that 'la Acta Íntima Europea 1986' was established in 1986.,The passage states that 'la Acta Íntima Europea 1986' was established in 1986.,"The context states that the Acta Ðúnica Europea was finalized in 1986, which matches the information provided in the question.",1986,1,1.0,1.0,0.08976157082748948,0.03305785123966942,modular,1.0
57296f293f37b319004783a4,xquad.es,"La propiedad de ser primo (o no) se llama primalidad. Un método simple pero lento de verificar la primalidad de un número n dado se conoce como división de prueba. Consiste en comprobar si n es un múltiplo de cualquier número entero entre 2 y . Se han ideado algoritmos mucho más eficaces que la división de pruebas para comprobar la primalidad de los números grandes. Estos incluyen la prueba de primalidad de Miller-Rabin, que es rápida pero tiene una pequeña probabilidad de error, y la prueba de primalidad de AKS, que siempre produce la respuesta correcta en tiempo polinómico pero es demasiado lenta para ser práctica. Se dispone de métodos especialmente rápidos para los números de formularios especiales, como los números de Mersenne. A partir de enero de 2016 [actualización], el número primo más grande conocido tiene 22 338 618 dígitos decimales.",¿Cuál es el nombre del proceso que confirma la primalidad de un número n?,división de prueba,División de Prueba,"The passage states that 'Consiste en comprobar si n es un múltiplo de cualquier número entero entre 2 y', which refers to the division of numbers into multiples.",The context provides an explanation of the method used for verifying primality: 'Un método simple pero lento de verificar la primalidad de un número n dado se conoce como división de prueba'. This directly answers the question about the process used to confirm the primality of a number.,"The context states that the method of verifying primality is called the division of proof, which is also known as the Miller-Rabin test or AKS test.",División de Prueba,1,1.0,1.0,0.2790697674418605,0.2197802197802198,modular,1.0
57309ef18ab72b1400f9c603,xquad.es,"La correlación entre el capitalismo, la aristocracia y el imperialismo ha sido discutida durante mucho tiempo entre historiadores y teóricos políticos. Gran parte del debate fue promovido por teóricos como J. A. Hobson (1858-1940), Joseph Schumpeter (1883-1950), Thorstein Veblen (1857-1929) y Norman Angell (1872-1967). Aunque estos escritores no marxistas eran los más prolíficos antes de la Primera Guerra Mundial, permanecieron activos en los años de entreguerras. Su trabajo combinado informó el estudio del imperialismo y su impacto en Europa, además de contribuir a las reflexiones sobre el surgimiento del complejo político-militar en Estados Unidos a partir de la década de 1950. Hobson argumentó que las reformas sociales internas podrían curar la enfermedad internacional del imperialismo al eliminar su fundamento económico. Hobson teorizó que la intervención estatal a través de los impuestos podría impulsar un consumo más amplio, crear riqueza y fomentar un orden mundial pacífico, tolerante y multipolar.",¿Qué cosa internacional argumentó Hobson que era el imperialismo?,enfermedad,El imperialismo,Hobson's statement in the context directly addresses this point and provides evidence for his argument.,The passage states that Hobson argued that the reforms within the internal social system could cure the international disease of imperialism by eliminating its economic foundation.,"The context states that Hobson's work was published in 1999, which matches the year mentioned in the question.",El imperialismo,0,0.0,0.31999999999999995,0.16390423572744017,0.012048192771084335,modular,1.0
5726da89dd62a815002e92b3,xquad.es,"Un Técnico Farmacéutico en el Reino Unido es considerado un profesional de la salud y a menudo no trabaja bajo la supervisión directa de un farmacéutico (si trabaja en una farmacia hospitalaria) sino que es supervisado y administrado por otros técnicos superiores de farmacia. En el Reino Unido, el papel de un farmacéutico ha crecido y se le ha confiado la responsabilidad de gestionar el departamento de farmacia y las áreas especializadas en la práctica farmacéutica, lo que permite a los farmacéuticos disponer de tiempo para centrarse en su campo de especialización, como consultores de medicación, con lo que dedican más tiempo a trabajar con los pacientes y a la investigación. Un técnico de farmacia, una vez cualificado, tiene que registrarse como profesional en el registro del Consejo General Farmacéutico (GPhC). El GPhC es el órgano rector de los profesionales de la salud farmacéutica y es quien regula la práctica de los farmacéuticos y técnicos farmacéuticos.",¿Con qué organismo debe registrarse un técnico farmacéutico?,el registro del Consejo General Farmacéutico (GPhC),El Consejo General Farmacéutico (GPhC),This quote directly addresses the question and provides the necessary information about who should register as a professional in the GPhC.,"The context explicitly states that 'un técnico de farmacia, una vez cualificado, tiene que registrarse como profesional en el registro del Consejo General Farmacéutico (GPhC).'","The context states that the GPhC is the organ responsible for regulating the practice of pharmacists and technicians in the UK, which includes the registration process for these professionals.",El Consejo General Farmacéutico (GPhC),0,0.8333333333333333,0.8470588235294118,0.20295202952029523,0.22727272727272727,modular,1.0
572fcc43b2c2fd140056847f,xquad.es,"Las materias reservadas son materias que están fuera de la competencia legislativa del Parlamento de Escocia. El Parlamento escocés no puede legislar sobre cuestiones que están reservadas y se tratan en Westminster (y donde las funciones ministeriales suelen recaer en Ministros del Gobierno del Reino Unido). Estas incluyen el aborto, la política de radiodifusión, la función pública, los mercados comunes para los bienes y servicios del Reino Unido, la Constitución, la electricidad, el carbón, el petróleo, el gas, la energía nuclear, la defensa y la seguridad nacional, la política de drogas, el empleo, la política exterior y las relaciones con Europa, la mayor parte de los aspectos de la seguridad y la regulación del transporte, la Lotería Nacional, la protección de las fronteras, la seguridad social y la estabilidad del sistema fiscal, económico y monetario del Reino Unido.",¿Dónde se legislan temas como el aborto y la política de medicamentos?,Westminster,Westminster,The context provides specific examples of topics that fall under the category of 'materias reservadas' in the Scottish Parliament.,"The context explicitly states that 'estas incluyen el aborto, la política de radiodifusión, la función pública, los mercados comunes para los bienes y servicios del Reino Unido, la Constitución, la electricidad, el carbón, el petróleo, el gas, la energía nuclear, la defensa y la seguridad nacional, la política de drogas, el empleo, la política exterior y las relaciones con Europa, la mayor parte de los aspectos de la seguridad y la regulación del transporte, la Lotería Nacional, la protección de las fronteras, la seguridad social y la estabilidad del sistema fiscal, económico y monetario del Reino Unido.'","The context states that the abortion issue is included in Westminster's functions, while the answer mentions 2005 as the year of legislation for this topic.",Westminster,1,1.0,1.0,0.202247191011236,0.7863247863247863,modular,1.0
5728d63c4b864d1900164f1a,xquad.es,"Tras la masacre de Peterloo de 1819, el poeta Percy Shelley escribió el poema político La máscara de la anarquía a finales de ese año, que comienza con las imágenes de lo que él creía que eran las formas injustas de autoridad de su tiempo, y luego imagina los movimientos de una nueva forma de acción social. Es quizás la primera declaración moderna [vaga] del principio de protesta no violenta. El autor Henry David Thoreau retomó una versión en su ensayo Desobediencia Civil, y más tarde Gandhi en su doctrina de Satyagraha. El Satyagraha de Gandhi estuvo parcialmente influenciado e inspirado por la no violencia de Shelley en la protesta y la acción política. En particular, se sabe que Gandhi a menudo citaba La máscara de la anarquía de Shelley a amplias audiencias durante la campaña por una India libre.",¿Cuál fue el principio que se mostró en La Marca de la Anarquía?,protesta no violenta,La máscara de la anarquía,"La máscara de la anarquía is quoted directly in the given context, providing a clear example of the principle shown in the poem.",The context explicitly states that 'El poema político La máscara de la anarquía' (The Mask of Anarchism) was written by Percy Shelley in response to the events of 1819 and describes his ideas about non-violent resistance.,"The context states that La Máscara de la Anarquía was written in 1819, which is before 2005. Therefore, it can be considered as the first declaration of the principle of non-violent resistance or protest.",La máscara de la anarquía,0,0.0,0.3111111111111111,0.22807017543859653,0.12941176470588234,modular,1.0
572fadcbb2c2fd140056832c,xquad.es,"En virtud del Acta de Escocia de 1978, se crearía una asamblea electa en Edimburgo siempre que la mayoría del electorado escocés votara a favor en un referéndum que se celebraría el 1 de marzo de 1979 y que representara al menos al 40 % del electorado total. El referéndum escocés de 1979 para establecer una Asamblea escocesa descentralizada fracasó. Aunque el voto fue de un 51,6 % a favor de una Asamblea Escocesa, esta cifra no igualó el 40 % del umbral total del electorado que se consideró necesario para aprobar la medida, ya que el 32,9 % de la población con derecho a voto no votó o no pudo hacerlo.",¿Qué porcentaje votó a favor de una Asamblea escocesa?,"51,6 %","32,9%","El contexto proporciona información específica sobre los resultados de las elecciones en Escocia, donde solo 32.9% de los ciudadanos votaron en favor de una Asamblea Escocesa.","The context states that 'el 32,9 % de la población con derecho a voto no votó o no pudo hacerlo', which means that only 32.9% of the population voted in favor of establishing an Assemblea Escocesa.","The context states that the referendum for establishing an English-speaking Scotland failed in 1979, while the answer provides the correct percentage of voters who voted in favor of a Scottish assembly in 2005.","32,9%",0,0.0,0.0,0.31413612565445026,0.23529411764705882,modular,1.0
57284d484b864d1900164902,xquad.es,"Después de la década de 1940, el estilo gótico en el campus comenzó a dar paso a los estilos modernos. En 1955, Eero Saarinen fue contratado para desarrollar un segundo plan maestro, que condujo a la construcción de edificios tanto al norte como al sur de Midway, incluido el cuadrángulo de Laird Bell Law (un complejo diseñado por Saarinen), una serie de edificios artísticos, un edificio diseñado por Ludwig Mies van der Rohe para la School of Social Service Administration de la universidad, un edificio que se convertirá en el hogar de la Harris School of Public Policy Studies por Edward Durrell Stone y la Biblioteca Regenstein, el edificio más grande del campus, una estructura brutalista diseñada por Walter Netsch de la firma de Chicago Skidmore, Owings & Merrill. Otro plan maestro, diseñado en 1999 y actualizado en 2004, produjo el Gerald Ratner Athletics Center (2003), Max Palevsky Residential Commons (2001), South Campus Residence Hall y dining commons (2009), un nuevo hospital de niños y otras construcciones, expansiones y restauraciones. En 2011, la universidad completó la Biblioteca Joe y Rika Mansueto en forma de cúpula de vidrio, que proporciona una gran sala de lectura para la biblioteca de la universidad y evita la necesidad de un depósito de libros fuera del campus.",¿Qué administración designó Ludwig Mies van der Rohe para construir?,School of Social Service Administration,Ludwig Mies van der Rohe,Eero Saarinen was hired by Eero Saarinen to develop a second master plan for the campus in 1955.,"The context explicitly states that in 1955, Eero Saarinen was contracted to develop a second master plan for the campus, which led to the construction of edificios such as the Laird Bell Law complex and the School of Social Service Administration building.","The context states that in 1999, Ludwig Mies van der Rohe was contracted to design the School of Social Service Administration building at the University of California, Berkeley. This directly supports the claim that he designed this particular school building for the university.",Ludwig Mies van der Rohe,0,0.0,0.31746031746031744,0.12564671101256464,0.12295081967213113,modular,1.0
5729e2316aef0514001550c7,xquad.es,"La selva amazónica (Portugués: Floresta Amazônica o Amazonia; español: selva amazónica, Amazonía o normalmente Amazonia; francés: Forêt amazonienne; holandés: Amazoneregenwoud), también conocida en inglés como Amazonia o la Amazon Jungle, es un bosque latifoliado húmedo que cubre la mayor parte de la cuenca amazónica de Sudamérica. Esta cuenca abarca 7 000 000 000 km2 (2 700 000 millas cuadradas), de los cuales 5 500 000 km2 (2 100 000 pies cuadrados) están cubiertos por la selva tropical. Esta región incluye territorios que pertenecen a nueve naciones. La mayor parte del bosque se encuentra dentro de Brasil, con un 60 % de la selva tropical, seguido por Perú, con un 13 %, Colombia, con un 10 % y con cantidades menores en Venezuela, Ecuador, Bolivia, Guyana, Surinam y Guayana Francesa. Estados o departamentos de cuatro naciones contienen ""Amazonas"" en sus nombres. El Amazonas representa más de la mitad de los bosques lluviosos que quedan en el planeta, y comprende el mayor tracto de bosque lluvioso tropical del mundo, y con mayor biodiversidad, con 390 000 millones de árboles individuales divididos en 16 000 especies.",¿Qué nación contiene la mayor parte de la selva amazónica?,Brasil,Brasil,The text explicitly mentions that the Amazon rainforest covers 7 million square kilometers of land and 5. 5 million square kilometers of water.,"The passage states that 'La selva amazónica' refers to the entire Amazon rainforest, which includes territories belonging to nine countries.","The context states that the Amazon rainforest covers 7 million square kilometers of the Amazon basin, which includes Brazil. The answer provides the year 2005 as the correct answer for the same region, so it is accurate.",Brasil,1,1.0,1.0,0.1807817589576547,0.04060913705583757,modular,1.0
57338007d058e614000b5bda,xquad.es,"A lo largo de su existencia, Varsovia siempre ha sido una ciudad multicultural. Según el censo del año 1901, de sus 711 988 habitantes, el 56,2 % eran católicos, el 35,7 % judíos, el 5 % cristianos ortodoxos y el 2,8 % protestantes. Ocho años más tarde, en 1909, habían 281 754 judíos (36,9 %), 18 189 protestantes (2,4 %) y 2818 mariavitas (0,4 %). Esto llevó a la construcción, por toda la ciudad, de cientos de lugares de culto religioso; la mayoría de los cuales fueron destruidos tras el Alzamiento de Varsovia en 1944. Al finalizar la guerra, las nuevas autoridades comunistas de Polonia desincentivaron la construcción de iglesias y muy pocas fueron reconstruidas.",¿Qué tipo de ciudad ha sido siempre Varsovia desde su existencia?,multicultural,Multicultural,"The passage mentions that in 1901, 56.2% of the population were Catholic, 35.7% were Jewish, 5% were Christian Orthodox, 2.8% were Protestant, and 0.4% were Mariavites.","The context states that Varsovia has always been a city with a diverse population, consisting of different religious groups such as Catholics, Jews, Christians Orthodox, Protestants, and Mariavites.","The context states that Varsovia has always been a multicultural city since its founding in 1901, based on data from the 1901 census. The information about the number of different religious groups is also consistent with this description.",Multicultural,1,1.0,1.0,0.26478149100257065,0.015267175572519083,modular,1.0
5726e37ef1498d1400e8eeda,xquad.es,"La colección de trajes es la más completa de Gran Bretaña, con más de 14 000 conjuntos más accesorios, que datan principalmente de 1600 hasta la actualidad. Los bocetos de disfraces, cuadernos de diseño y otros trabajos en papel normalmente los tiene el departamento de Palabra e Imagen. Debido a que la ropa cotidiana de épocas anteriores no ha sobrevivido normalmente, la colección está dominada por ropa de moda hecha para ocasiones especiales. Uno de los primeros regalos significativos del traje llegó en 1913, cuando el V&A recibió la colección de Talbot Hughes que contenía 1442 trajes y artículos como regalo de Harrods después de su exhibición en los grandes almacenes cercanos.",¿Por qué la colección está dominada por ropa de moda hecha para ocasiones especiales?,Debido a que la ropa cotidiana de épocas anteriores no ha sobrevivido normalmente,A concise answer to the question,"The passage mentions that the collection includes items like bocetos de disfraces, cuadernos de diseño, and other works of paper, all of which are typically associated with special events or occasions.","The context states that the collection is dominated by ropa de moda hecha para ocasiones especiales, which means it focuses heavily on creating and showcasing special occasions.","The context states that the collection is dominated by ropa de moda hecha para ocasiones especiales, which aligns with the information provided in the answer about the 1913 gift of Talbot Hughes's collection containing 1442 trajes and articles as a present for Harrods after their exhibition at nearby large stores.",A concise answer to the question,0,0.0,0.33644859813084116,0.33487297921478065,0.10294117647058822,modular,1.0
57273e50dd62a815002e9a04,xquad.es,"Engineering News-Record (ENR) es una revista especializada para la industria de la construcción. Cada año, ENR recopila e informa sobre datos relativos al tamaño de las empresas de diseño y construcción. Publica una lista de las compañías más grandes de Estados Unidos (Top-40) y también una lista de las firmas globales más importantes (Top-250, según la cantidad de trabajo que realizan fuera de su país de origen). En 2014, ENR recopiló los datos en nueve segmentos de mercado. Se dividió en transporte, petróleo, edificios, electricidad, industria, agua, manufactura, alcantarillado/residuos, telecomunicaciones, residuos peligrosos y una décima categoría para otros proyectos. En sus informes sobre el Top 400, utilizaron datos sobre transporte, alcantarillado, residuos peligrosos y agua para clasificar a las empresas como grandes contratistas.",¿En qué año ENR recopiló datos en nueve segmentos de mercado?,2014,2014,The passage directly mentions that ENR collected data for nine segments of the market in 2014.,"The context states that in 2014, ENR recopiló los datos en nueve segmentos de mercado.","The context states that ENR collected data in nine segments of the market in 2014, which matches the information provided in the question.",2014,1,1.0,1.0,0.16795580110497232,0.14705882352941174,modular,1.0
572fcc43b2c2fd140056847e,xquad.es,"Las materias reservadas son materias que están fuera de la competencia legislativa del Parlamento de Escocia. El Parlamento escocés no puede legislar sobre cuestiones que están reservadas y se tratan en Westminster (y donde las funciones ministeriales suelen recaer en Ministros del Gobierno del Reino Unido). Estas incluyen el aborto, la política de radiodifusión, la función pública, los mercados comunes para los bienes y servicios del Reino Unido, la Constitución, la electricidad, el carbón, el petróleo, el gas, la energía nuclear, la defensa y la seguridad nacional, la política de drogas, el empleo, la política exterior y las relaciones con Europa, la mayor parte de los aspectos de la seguridad y la regulación del transporte, la Lotería Nacional, la protección de las fronteras, la seguridad social y la estabilidad del sistema fiscal, económico y monetario del Reino Unido.",¿Quién no puede tratar los temas que se tratan en Westminster?,El Parlamento escocés,La conciencia general,El contexto menciona específicamente que los temas tratados en Westminster no pueden ser trascendidos por el Parlamento escocés o el Parlamento británico.,"El contexto explica que las funciones ministeriales suelen recaer en Ministros del Gobierno del Reino Unido, lo cual significa que los temas tratados en Westminster no pueden ser trascendidos por el Parlamento escocés ni por el Parlamento británico.","The context states that Westminster is where functions of ministers typically fall, including abortion, public policy, common market goods, constitutional matters, electricity, coal, oil, gas, nuclear energy, defense, security, foreign relations, and some aspects of taxation, economic regulation, transport safety, border control, social stability, and fiscal and monetary policies in the United Kingdom. Therefore, it can be inferred that those topics are not within the legislative competence of the Parliament of Scotland.",La conciencia general,0,0.0,0.2857142857142857,0.25812807881773403,0.2727272727272727,modular,1.0
5725c337271a42140099d166,xquad.es,"Casi todos los ctenóforos son depredadores, y se alimentan de presas que van desde larvas microscópicas y rotíferos hasta adultos de pequeños crustáceos; las excepciones son los ejemplares jóvenes de dos especies, que viven como parásitos en las salpas de las que se alimentan los adultos de su especie. En circunstancias favorables, los tenóforos pueden comer diez veces su propio peso en un día. Solo se han validado de 100 a 150 especies, y posiblemente otras 25 no han sido completamente descritas y designadas. Los ejemplos de los libros de texto son los cidípidos con cuerpos en forma de huevo y un par de tentáculos retráctiles rodeados de tentilla (""tentáculos pequeños"") que están cubiertos de colloblastos, células pegajosas que capturan presas. El filo tiene una amplia gama de formas corporales, entre las que se incluyen los platicténidos de aguas profundas aplastados, en los que los adultos de la mayoría de las especies carecen de panales, y los beroides costeros, que carecen de tentáculos y se aprovechan de otros ctenóforos utilizando bocas inmensas, armadas con grupos de cilios rígidos de gran tamaño que sirven de dientes. Estas diferencias permiten que diferentes especies construyan grandes poblaciones en la misma zona, ya que se especializan en diferentes tipos de presas, que capturan mediante una variedad de métodos tan amplia como las arañas.",¿Qué no tienen los beroides costeros que tienen los otros ctenóforos?,tentáculos,,,,"The context states that the beroides costers have different body forms compared to the other ctenophores, allowing them to specialize in different types of prey, which leads to larger populations.",,0,0.0,0.0,0.0,0.0,modular,0.0
57114667a58dae1900cd6d82,xquad.es,"El instrumento más útil para analizar el rendimiento de las máquinas de vapor es el indicador de la máquina de vapor. Las primeras versiones fueron utilizadas alrededor de 1851, pero el indicador más exitoso fue desarrollado para el inventor y fabricante de motores de alta velocidad Charles Porter de Charles Richard y exhibido en la Exposición de Londres de 1862. El indicador de la máquina de vapor traza sobre el papel la presión en el cilindro a lo largo del ciclo, lo cual puede utilizarse para detectar varios problemas y calcular los caballos de fuerza desarrollados. Fue usado de manera habitual por ingenieros, mecánicos e inspectores de seguros. El indicador del motor también se puede utilizar en motores de combustión interna. Consulta la imagen del diagrama de indicadores que aparece a continuación (en la sección Tipos de grupos).",¿Qué compañía desarrolló el indicador de motor de vapor más exitoso?,Charles Porter,Charles Porter,The passage mentions that the first version of the indicator for the machine of vapor was developed by Charles Porter and exhibited at the Exposition de Londres in 1862.,The context explicitly states that the first version of the indicator for the machine of vapor was developed by Charles Porter and exhibited at the Exposition de Londres in 1862.,"Charles Porter is mentioned as the inventor of the first machine for measuring engine power in 1862 at the Exposition de Londres. The context states that this was the earliest known use of such an instrument, so it's reasonable to conclude that Charles Porter developed the most successful indicator of the time.",Charles Porter,1,1.0,1.0,0.24771573604060915,0.07453416149068323,modular,1.0
570610b275f01819005e792c,xquad.es,"California del Sur alberga el Aeropuerto Internacional de Los Ángeles, el segundo aeropuerto más concurrido de Estados Unidos por volumen de pasajeros (ver aeropuertos más concurridos del mundo por tráfico de pasajeros) y el tercero por volumen de pasajeros internacionales (ver aeropuertos más concurridos de Estados Unidos por tráfico internacional de pasajeros); el Aeropuerto Internacional de San Diego es el aeropuerto con una única pista de aterrizaje más concurrido del mundo; el Aeropuerto de Van Nuys, el aeropuerto de aviación general más concurrido del mundo; los principales aeropuertos comerciales del condado de Orange, Bakersfield, Ontario, Burbank y Long Beach; y numerosos pequeños aeropuertos comerciales y de aviación general.",¿Qué lugar ocupa el Aeropuerto Internacional de Los Ángeles en la clasificación de los aeropuertos más concurridos en volumen de pasajeros internacionales?,tercero,Los Ángeles,The passage mentions that Los Angeles International Airport is the second most popular airport in the United States for both domestic and international passenger traffic.,The context explicitly states that 'Los Ángeles' is the second aeropuerto in California that has the highest number of international passengers per year.,"The context states that Los Angeles is the second most-concurrent international airport in terms of volume of passengers, which aligns with the information provided in the question.",Los Ángeles,0,0.0,0.2222222222222222,0.2853932584269663,0.0625,modular,1.0
5725fe63ec44d21400f3d7de,xquad.es,"Fresno es la ciudad más grande de Estados Unidos que no está directamente conectada a una carretera interestatal. Cuando se creó el sistema de carreteras interestatales en la década de 1950, se tomó la decisión de construir lo que ahora es la Interestatal 5 en el lado oeste del Valle Central, y así evitar muchos de los centros de población de la región, en lugar de mejorar lo que ahora es la carretera estatal 99. Debido al aumento rápido de la población y el tráfico en las ciudades a lo largo de la carretera estatal 99, así como la conveniencia de la financiación federal, se ha hablado mucho de la posibilidad de actualizarla a los estándares interestatales y finalmente incorporarla al sistema interestatal, muy probablemente como carretera interestatal 9. Actualmente se están llevando a cabo importantes mejoras en señalización, ancho de carril, separación de terraplenes, despeje vertical y otros aspectos.",¿En qué año se creó el sistema de carreteras interestatales?,década de 1950,2007,"This quote directly addresses when the system of interest highways was created, which is the year mentioned in the question.","The context states that 'When the system of interest highways was established in the late 1950s, it was decided to build the Interstate 5 in the southern part of the Valley Central and thus avoided many of the population centers in the region, instead of improving what is now Interstate 9.","The context states that the system of interest highways was established in the 1950s, which is when the Interstate Highway System was first constructed. The year 2007 does not match this timeframe.",2007,0,0.0,0.11111111111111116,0.19348469891411646,0.031746031746031744,modular,1.0
5726bf325951b619008f7cff,xquad.es,"Las colecciones de Extremo Oriente incluyen más de 70 000 obras de arte de los países de Asia Oriental: China, Japón y Corea. La Galería T. T. Tsui de arte chino se inauguró en 1991, exhibiendo una colección representativa de los V&A de aproximadamente 16 000 objetos procedentes de China, que datan desde el 4.° milenio a.C. hasta la actualidad. Aunque la mayoría de las obras de arte expuestas datan de las dinastías Ming y Qing, hay ejemplos espectaculares de objetos que datan de la dinastía Tang y de períodos anteriores. En particular, una cabeza de bronce de un metro de altura del Buda datada en el año 750 d.C. y uno de los objetos más antiguos de una cabeza de caballo de jade de 2000 años de antigüedad de un entierro; otras esculturas incluyen guardianes de tumbas a tamaño natural. Se muestran ejemplos clásicos de la fabricación china que incluyen laca, seda, porcelana, jade y esmalte cloisonné. Dos grandes retratos de antepasados de un esposo y su esposa pintados en acuarela sobre seda datan del siglo XVIII. Hay una mesa única de lacado chino, hecha en los talleres imperiales durante el reinado del emperador Xuande en la dinastía Ming. También se muestran ejemplos de ropa. Uno de los objetos más grandes es una cama de mediados del siglo XVII. También se muestra el trabajo de diseñadores chinos contemporáneos.",¿Cómo se llama la galería dedicada al arte chino?,La Galería T. T. Tsui,T. T. Tsui,The passage mentions 'La Galería T. T. Tsui de arte chino' (the T. T. Tsui Gallery of Chinese art) and refers to it as an 'institución cultural importante',The context explicitly states that the T. T. Tsui Gallery of Chinese art was inaugurated in 1991.,"The context states that the T. T. Tsui Gallery opened in 1991, which matches the year mentioned in the question as 2005.",T. T. Tsui,0,0.7499999999999999,0.5925925925925926,0.1752433936022253,0.03292181069958848,modular,1.0
57111380a58dae1900cd6bd7,xquad.es,"Otros predecesores de la iglesia reformada fueron los católicos romanos galicanos y prorreformistas, como Jacques Lefevre (c. 1455-1536). Los galicanos lograron brevemente la independencia de la iglesia francesa, sobre la base del principio de que la religión de Francia no podía ser controlada por el Obispo de Roma, una potencia extranjera. Durante la Reforma Protestante, Lefevre, un profesor de la Universidad de París, publicó su traducción al francés del Nuevo Testamento en 1523, seguido por toda la Biblia en francés en 1530. William Farel fue un estudiante de Lefevre que llegó a ser líder de la Reforma Suiza, estableciendo un gobierno protestante en Ginebra. Jean Cauvin (Juan Calvino), otro estudiante de la Universidad de París, también se convirtió al protestantismo. Mucho después de que la secta fuera suprimida por Francisco I, los valdenses franceses que quedaban, en su mayoría en la región de Luberon, trataron de unirse a William Farel, Calvino y la Reforma, y Olivetan publicó una Biblia en francés para ellos. La confesión francesa de 1559 muestra una influencia decididamente calvinista. En algún momento entre 1550 y 1580, los miembros de la iglesia reformada en Francia llegaron a ser comúnmente conocidos como hugonotes.",¿Dónde enseñó este líder prorreforma?,Universidad de París,La Universidad de París,La frase 'publicó su traducción al francés del Nuevo Testamento en 1523' es directamente citada en el contexto y proporciona la información necesaria para responder a la pregunta.,"El contexto describe cómo Jacques Lefevre, un profesor de la Universidad de París, publicó su traducción al francés del Nuevo Testamento en 1523 y luego continuó con la Biblia en francés en 1530.","The context states that William Farel was a student of Lefevre who became a leader in the Reform of Switzerland, establishing a Protestant government there. The Reform of France is mentioned as occurring between 1550 and 1580, which matches the timeframe for William Farel's education at the University of Paris. Therefore, the information provided supports this claim about where he taught.",La Universidad de París,0,0.8571428571428571,0.9302325581395349,0.2318214542836573,0.24000000000000002,modular,1.0
57286951ff5b5019007da20f,xquad.es,"En los negocios, alumnos notables como el director general de Microsoft Satya Nadella, fundador de Oracle Corporation y el tercer hombre más rico de Estados Unidos Larry Ellison, Goldman Sachs y director general de MF Global, así como el exgobernador de Nueva Jersey Jon Corzine, fundador de McKinsey & Company y autor del primer libro de texto de contabilidad de gestión James O. McKinsey, Arley D. Cathey, director general de Bloomberg LP Daniel Doctoroff, director general de Credit Suisse Brady Dougan, Morningstar, Inc. fundador y director general Joe Mansueto, propietario y presidente de los Cachorros de Chicago Thomas S. Ricketts, y el comisionado de la NBA Adam Silver.",¿Quién fue el fundador de Oracle Corporation?,Larry Ellison,Larry Ellison,Larry Ellison is explicitly named in the given information as one of the individuals who were mentioned in the passage.,"The passage states that 'Larry Ellison, Goldman Sachs and director general of MF Global' was also mentioned in the context.",Larry Ellison is explicitly mentioned in the provided context as the founder of Oracle Corporation.,Larry Ellison,1,1.0,1.0,0.23116883116883113,0.128,modular,1.0
57378c9b1c456719005744aa,xquad.es,"Mediante la combinación de la definición de corriente eléctrica como la velocidad de cambio de la carga eléctrica, una regla de multiplicación vectorial llamada Ley de Lorentz describe la fuerza sobre una carga que se mueve en un campo magnético. La conexión entre la electricidad y el magnetismo permite la descripción de una fuerza electromagnética unificada que actúa sobre una carga. Esta fuerza se puede escribir como una suma de la fuerza electrostática (debido al campo eléctrico) y la fuerza magnética (debido al campo magnético). En pocas palabras, esta es la ley:",¿Como suma de qué se escribe la fuerza electrostática y magnética?,fuerza electrostática,La fuerza electrostática y la fuerza magnética son sumadas en la ley.,La ley de Lorentz establece que la fuerza electromagnética unificada se puede escribir como una suma de la fuerza electrostática y la fuerza magnética.,El contexto explica que la fuerza electromagnética unificada se puede escribir como una suma de la fuerza electrostática (debido al campo eléctrico) y la fuerza magnética (debido al campo magnético). Esto significa que estas dos fuerzas están relacionadas y pueden ser sumadas para obtener la fuerza total en el campo magnético.,"The context states that the force on a moving charge is described by both the electric field and the magnetic field, which can be combined into a single electromagnetic force using the Lorentz force law. The answer provided in the question matches this description exactly.",La fuerza electrostática y la fuerza magnética son sumadas en la ley.,0,0.2857142857142857,0.4719101123595506,0.41234221598877985,0.48951048951048964,modular,1.0
5727de862ca10214002d9860,xquad.es,"Política: Secretario General de la ONU Ban Ki-moon; líderes políticos estadounidenses John Hancock, John Adams, John Quincy Adams, Rutherford B. Hayes, Theodore Roosevelt, Franklin D. Roosevelt, John F. Kennedy, Al Gore, George W. Bush y Barack Obama; el presidente chileno Sebastián Piñera; el presidente colombiano Juan Manuel Santos; el presidente costarricense José María Figueres; los presidentes mexicanos Felipe Calderón, Carlos Salinas de Gortari y Miguel de la Madrid; El presidente mongol Tsakhiagiin Elbegdorj; el presidente peruano Alejandro Toledo; el presidente taiwanés Ma Ying-jeou; el gobernador general canadiense David Lloyd Johnston; el miembro indio del Parlamento Jayant Sinha; el primer ministro albanés Fan S. Noli; los primeros ministros canadienses Mackenzie King y Pierre Trudeau; el primer ministro griego Antonis Samaras; el primer ministro israelí Benjamin Netanyahu; el exprimer ministro pakistaní Benazir Bhutto; el Secretario de Vivienda y Desarrollo Urbano de EE. UU. Shaun Donovan; el líder político canadiense Michael Ignatieff; los miembros pakistaníes de la Asamblea Provincial Murtaza Bhutto y Sanam Bhutto; el Ministro de Finanzas de Bangladesh Abul Maal Abdul Muhith; el Presidente de Puntlandia Abdiweli Mohamed Ali; el Embajador de los Estados Unidos ante la Unión Europea Anthony Luzzatto Gardner.",¿Qué secretario de la ONU fue a Harvard?,Ban Ki-moon,John Adams,John Adams was indeed a prominent figure in the history of the UN and its leadership during his tenure as Secretary-General.,"The context provides a list of political figures who have served as Secretary-General of the United Nations (UN), including John Adams. It mentions John Adams as one of the leaders in this role.",John Adams was indeed a member of the United Nations (UN) from 1999 to 2005. He served as the Secretary-General of the UN from 2005 to 2007. The context provides this information directly.,John Adams,0,0.0,0.30000000000000004,0.15547703180212014,0.03636363636363637,modular,1.0
56e16182e3433e1400422e29,xquad.es,"La teoría de la complejidad computacional es una rama de la teoría de la computación dentro de la ciencia computacional teórica. Esta teoría se centra en la clasificación de los problemas computacionales según su dificultad inherente y en la relación de esas clases de dificultad entre sí. Un problema computacional se entiende como una tarea que en principio puede ser resuelta por un ordenador, es decir, que el problema puede ser resuelto mediante la aplicación mecánica de pasos matemáticos tales como un algoritmo.",¿Cuál es el principal atributo que se utiliza para clasificar los problemas computacionales utilizando la teoría de la complejidad computacional?,dificultad inherente,Una concisa respuesta al problema,El texto menciona específicamente que esta teoría clasifica los problemas computacionales según su dificultad.,El contexto explica que la teoría de la complejidad computacional clasifica los problemas computacionales basándose en su dificultad inherente y sus relaciones entre sí.,"The context states that the theory of complexity computability categorizes problems based on their inherent difficulty and their relationship among themselves. It uses a concise attribute - the problem's computational complexity - as its primary criterion for classification. The year 2005 is mentioned in the context, which aligns with the information provided about the year 1999 being used instead.",Una concisa respuesta al problema,0,0.0,0.30188679245283023,0.3178170144462279,0.3364485981308411,modular,1.0
56e7796637bdd419002c4000,xquad.es,"En Estados Unidos, cada estado determina los requisitos para obtener una licencia para dar clases en colegios públicos. Normalmente, la acreditación de enseñanza es válida durante tres años, pero los docentes pueden obtener certificados con una validez de hasta diez años. A los docentes de colegios públicos se les exige que tengan un título universitario y la mayoría deben estar acreditados por el estado en el que den clases. Muchos colegios subvencionados no exigen a los docentes que estén acreditados siempre y cuando tengan una elevada cualificación de acuerdo con la norma, tal y como establece No Child Left Behind. Además, normalmente los requisitos para los docentes sustitutos/temporales no son tan rigurosos como los de los profesionales que trabajan a tiempo completo. La Oficina de Estadísticas de Trabajo de Estados Unidos calcula que hay 1,4 millones de maestros de primaria, 674 000 profesores de la escuela intermedia y un millón de profesores de secundaria empleados en Estados Unidos.",¿Quién puede no exigir a los docentes que estén acreditados?,colegios subvencionados,Los docentes de colegios públicos,"La frase 'Muchos colegios subvencionados no exigen a los docentes que estén acreditados siempre y cuando tengan una elevada cualificación de acuerdo con la norma, tal y como establece No Child Left Behind.'",El contexto indica que los docentes de colegios públicos pueden obtener certificados con una validez de hasta diez años.,"The context states that the requirement for teachers in public schools is typically three years, while the question asks about non-public school teachers who do not have credentials from universities or be accredited by state authorities. The context does not mention any specific requirements for non-public school teachers, so it can be inferred that they may not require such credentials.",Los docentes de colegios públicos,0,0.28571428571428575,0.4642857142857143,0.3378151260504202,0.19540229885057472,modular,1.0
572a005f1d046914007796ba,xquad.es,"Las necesidades de los agricultores de soja se han utilizado para justificar muchos de los controvertidos proyectos de transporte que se están desarrollando actualmente en la Amazonía. Las primeras dos carreteras abrieron con éxito la selva tropical y causaron un aumento de asentamientos y de la deforestación. La tasa media anual de deforestación de 2000 a 2005 (22 392 km2 o 8646 millas cuadradas al año) fue un 18 % más alta que en los cinco años anteriores (19 018 km2 o 7343 millas cuadradas por año). Aunque la deforestación ha disminuido significativamente en la Amazonía brasileña entre 2004 y 2014, ha habido un aumento hasta la actualidad.","¿Cuánto más alta fue la tasa de deforestación de 2000 a 2005, en comparación con 1995 a 2000?",18 %,18%,22 392 km² / 19 018 km² ≈ 12.5 times higher than 1995-2000 period,The context states that the tasa media anual de deforestación de 2000 a 2005 (22 392 km² o 8646 millas cuadradas al año) fue un 18% más alta que en los cinco años anteriores (19 018 km² o 7343 millas cuadradas por año). This directly indicates that the deforestation rate increased by 18% between 2000 and 2005 compared to the previous five years.,The context states that the deforestation rate in 2000-2005 was 18% higher than in 1995-2000. This directly supports the claim made in the question.,18%,1,1.0,1.0,0.12285714285714289,0.42682926829268286,modular,1.0
5727d1c93acd2414000ded40,xquad.es,"La admisión de estudiantes universitarios a Harvard es caracterizada por la Fundación Carnegie como ""más selectiva, menos transferible"". La Universidad de Harvard aceptó un 5,3 % de los solicitantes para la clase de 2019, una cifra récord y la segunda tasa de aceptación más baja entre todas las universidades nacionales. La Universidad de Harvard terminó su programa de admisión temprana en 2007, ya que se creía que el programa perjudicaba a los solicitantes de minorías de bajos ingresos e infrarrepresentados que solicitaban admisión en universidades selectivas, pero para la clase de 2016 se reintrodujo un programa de Acción Temprana.",¿En qué año terminó Harvard su programa de admisión anticipada?,2007,2007,The passage mentions that 'La Universidad de Harvard terminó su programa de admisión temprana en 2007' and provides this information in the context.,"The context states that 'La Universidad de Harvard terminó su programa de admisión temprana en 2007', which directly answers the question.","The context states that Harvard's program of early admission was discontinued in 2007, which matches the year mentioned in the question.",2007,1,1.0,1.0,0.3320261437908497,0.20869565217391303,modular,1.0
5727f3193acd2414000df0a7,xquad.es,"El Doctor raras veces viaja solo y a menudo lleva uno o más compañeros con los que compartir estas aventuras. Sus compañeros son normalmente humanos, ya que ha encontrado una fascinación por el planeta Tierra. A menudo encuentra eventos que despiertan su curiosidad mientras trata de evitar que las fuerzas del mal dañen a personas inocentes o cambien la historia, usando solamente su ingenio y recursos mínimos, como su versátil destornillador sónico. Como Señor del Tiempo, el Doctor tiene la habilidad de regenerarse cuando su cuerpo está mortalmente dañado, adquiriendo una nueva apariencia y personalidad. El Doctor ha ganado numerosos enemigos recurrentes durante sus viajes, entre ellos los Daleks, los Cyberhombres y el Maestro, otro renegado Señor del Tiempo.",¿Qué hace el Doctor Who cuando su cuerpo está mortalmente dañado?,regenerarse,Regenerándose cuando su cuerpo está mortalmente dañado,The quote in the context provides this information and explains why the Doctor can regenerate even if his body is severely injured.,"The context states that 'El Doctor tiene la habilidad de regenerarse cuando su cuerpo está mortalmente dañado, adquiriendo una nueva apariencia y personalidad.' This directly answers the question about what the Doctor does when his body is damaged.","The context states that the Doctor has gained many enemies during his travels, including the Daleks, Cyberhombres, and the Master. The context also mentions that he has lost several of these enemies in battles. Therefore, it is reasonable to assume that when his body is damaged, he regenerates to regain strength and health. ",Regenerándose cuando su cuerpo está mortalmente dañado,0,0.0,0.3384615384615385,0.22247706422018354,0.26490066225165565,modular,1.0
572828383acd2414000df5c5,xquad.es,"El Doctor Who ha aparecido en escena en numerosas ocasiones. A principios de la década de 1970, Trevor Martin desempeñó el papel de Doctor Who and the Daleks in the Seven Keys to Doomsday. A finales de la década de 1980, Jon Pertwee y Colin Baker interpretaron al Doctor en diferentes momentos durante la ejecución de una obra titulada Doctor Who - The Ultimate Adventure. Durante dos actuaciones, mientras Pertwee estaba enfermo, David Banks (más conocido por interpretar a los Cyberhombres) interpretó al Doctor. Otras obras originales han sido representadas como producciones amateurs, en las que otros actores han interpretado al Doctor, mientras que Terry Nation escribió The Curse of the Daleks, una obra de teatro montada a finales de la década de 1960, pero sin el Doctor.",¿Qué Doctor Who fue escrito sin el Doctor Who en él?,The Curse of the Daleks,The Curse of the Daleks,"Terry Nation wrote 'The Curse of the Daleks', which is mentioned in the context as one of the productions that did not include the Doctor.","The context explicitly states that 'The Curse of the Daleks' was an original production where other actors interpreted the Doctor, while Terry Nation wrote it.","The context states that The Curse of the Daleks was written without the Doctor Who character, while the answer provides the year as 2005.",The Curse of the Daleks,1,1.0,1.0,0.24305555555555558,0.08695652173913043,modular,1.0
57302bd0b2c2fd14005689db,xquad.es,"""El Estado Islámico"", anteriormente conocido como el ""Estado Islámico de Irak y el Levante"" y antes como el ""Estado Islámico de Irak"", (y conocido por el acrónimo Daesh por sus muchos detractores), es un grupo militante extremista yihadista wahabí/salafí liderado y compuesto principalmente por árabes sunníes de Irak y Siria. En 2014, el grupo se proclamó un califato, con autoridad religiosa, política y militar sobre todos los musulmanes del mundo. En marzo de 2015[actualización], tenía control sobre el territorio ocupado por diez millones de personas en Irak y Siria, y tiene control nominal sobre pequeñas áreas de Libia, Nigeria y Afganistán. (Aunque se describe a sí mismo como un estado, carece de reconocimiento internacional.) El grupo también opera o tiene filiales en otras partes del mundo, como el norte de África y el sur de Asia.",¿Qué tipo de grupo es el Estado Islámico?,militante extremista yihadista wahabí/salafí,extremista yihadista wahabí/salafí,The passage directly mentions 'State Islamic Movement' and refers to it as an 'extreme and radical group'. It also provides details about its leadership and operations in various regions.,The context clearly states that the State Islamic Movement (Daesh) is an extreme and radical group led by Wahhabis/Salafis.,"The context states that the group was known as the 'Estado Islámico' in 2005, which is consistent with the information provided about its name changing from 'Estado Islámico de Irak y el Levante' to 'Estado Islámico de Irak'.",extremista yihadista wahabí/salafí,0,0.8571428571428571,0.8684210526315791,0.27419354838709675,0.013245033112582783,modular,1.0
572811434b864d190016438c,xquad.es,"Desde el renacimiento de 2005, el Doctor generalmente viaja con una compañera primaria femenina, que ocupa un mayor papel narrativo. Steven Moffat describió a la acompañante como la protagonista de la serie, ya que la historia comienza de nuevo con cada acompañante y ella sufre más cambios que el Doctor. Las compañeras principales de los Doctores Noveno y Décimo fueron Rose Tyler (Billie Piper), Martha Jones (Freema Agyeman), y Donna Noble (Catherine Tate) con Mickey Smith (Noel Clarke) y Jack Harkness (John Barrowman) recurrentes como secundarios. El Undécimo Doctor se convirtió en el primero en viajar con una pareja casada, Amy Pond (Karen Gillan) y Rory Williams (Arthur Darvill), mientras que las reuniones fuera de sincronización con River Song (Alex Kingston) y Clara Oswald (Jenna Coleman) proporcionaron arcos de historias continuas. La décima serie presentará a Pearl Mackie como Bill, el nuevo compañero de viaje del Doctor.","Desde 2005, ¿cuál es el sexo del principal compañero de viaje de Doctor Who?",femenina,Femenino,"Steven Moffat described the doctor's companions as 'la protagonista de la serie' and noted that the story began anew with each companion, suggesting they were female.","The context states that 'Desde el renacimiento de 2005, el Doctor generalmente viaja con una compañera primaria femenina', indicating that the primary companion of the Doctor was female.","The context states that from 2005 onwards, the main companion of the Doctor was female, as described in the passage.",Femenino,0,0.0,0.875,0.24248120300751874,0.17647058823529413,modular,1.0
572968cf1d046914007793ce,xquad.es,"Los cloroplastos tienen su propio ADN, a menudo abreviado como ctDNA, o cpDNA. También se conoce como el plastoma. Su existencia se demostró por primera vez en 1962, y se secuencia por primera vez en 1986, cuando dos equipos de investigación japoneses secuenciaron el ADN del cloroplasto de la hepática y el tabaco. Desde entonces, se han secuenciado cientos de ADN de cloroplastos de varias especies, pero en su mayoría son de plantas terrestres y algas verdes: los glaucófitos, las algas rojas y otros grupos de algas están extremadamente subrepresentados, lo que puede introducir un sesgo en las vistas de la estructura y el contenido de ADN de cloroplasto ""típico"".",¿Cuándo se secuenció el primer plastoma?,1986,A concise answer to the question,The passage directly mentions that the plastoma was first described in 1962 and then sequenced in 1986.,The context states that the existence of the plastoma was first demonstrated in 1962 and later sequenced in 1986.,"The context states that the first plastome was sequenced in 1986, which is consistent with the information provided in the answer.",A concise answer to the question,0,0.0,0.0,0.19518716577540107,0.048,modular,1.0
571c9348dd7acb1400e4c115,xquad.es,"En 1891, el químico escocés James Dewar fue capaz de producir suficiente oxígeno líquido para estudiar. El primer proceso comercialmente viable para producir oxígeno líquido fue desarrollado independientemente en 1895 por el ingeniero alemán Carl von Linde y el ingeniero británico William Hampson. Ambos bajaron la temperatura del aire hasta licuarse y luego destilaron los gases que lo componen, hirviéndolos uno por uno y recogiéndolos. Más tarde, en 1901, se demostró por primera vez la soldadura oxiacetilénica quemando una mezcla de acetileno y O2 comprimido. Este método de soldar y cortar el metal se volvió común más tarde.",¿En qué año experimentó Dewar con oxígeno líquido?,1891,1891,The passage directly mentions that James Dewar was able to produce sufficient oxygen vapor for scientific study in 1891.,The context states that 'El químico escocés James Dewar fue capaz de producir suficiente oxígeno líquido para estudiar' in 1891.,"The context states that Dewar was able to produce sufficient oxygen liquid in 1891, which matches the year mentioned in the question.",1891,1,1.0,1.0,0.22764227642276424,0.2564102564102564,modular,1.0
571cd3b55efbb31900334e04,xquad.es,"La medicina hiperbárica (alta presión) utiliza cámaras de oxígeno especiales para aumentar la presión parcial de O
2 alrededor del paciente y, cuando es necesario, del personal médico. La intoxicación por monóxido de carbono, la gangrena gaseosa y la enfermedad por descompresión (la enfermedad de los buzos) a veces se tratan con estos dispositivos. El aumento de la concentración de O2 en los pulmones ayuda a desplazar monóxido de carbono del grupo hemo de la hemoglobina. El gas oxígeno es venenoso para las bacterias anaeróbicas que causan gangrena gaseosa, por lo que aumentar su presión parcial ayuda a matarlas. La enfermedad por descompresión se da en los buzos que se descomprimen demasiado rápido después de una inmersión, lo que provoca la formación de burbujas de gas inerte, principalmente nitrógeno y helio, en su sangre. Parte del tratamiento consiste en aumentar la presión de O2 lo antes posible.",¿Qué desplaza el aumento de las concentraciones de oxígeno en los pulmones del paciente?,monóxido de carbono,,,,The context states that the increase in oxygen concentration in the lungs helps to displace methane from the hemoglobin group Heme. This is relevant to the treatment of gangrene gas gangrene.,,0,0.0,0.0,0.0,0.0,modular,0.0
56bf3fd53aeaaa14008c9595,xquad.es,"Peyton Manning se convirtió en el primer mariscal de campo de la historia en llevar a dos equipos diferentes a participar en múltiples Super Bowls. Ademas, es con 39 años, el mariscal de campo más longevo de la historia en jugar ese partido. El récord anterior estaba en manos de John Elway ―mánager general y actual vicepresidente ejecutivo para operaciones futbolísticas de Denver― que condujo a los Broncos a la victoria en la Super Bowl XXXIII a los 38 años de edad.","De los equipos para los que jugó Manning, ¿cuántos llegaron a la Super Bowl?",dos,dos,The passage directly states that Manning was the first player in history to lead two different teams to multiple Super Bowls and that he has been the longest-serving player in NFL history who has led two different teams to victory.,The context states that Peyton Manning was the first player in history to lead two different teams to multiple Super Bowls. It also mentions that he has been the longest-serving player in NFL history who has led two different teams to victory.,"The context states that Peyton Manning led two teams to multiple Super Bowls, including the 2005 team of the New England Patriots and the 2004 team of the Indianapolis Colts. Therefore, it is correct to say that Manning reached the Super Bowl in 2005.",dos,1,1.0,1.0,0.41063515509601184,0.06896551724137932,modular,1.0
5728e715ff5b5019007da917,xquad.es,"Algunas formas de desobediencia civil, como los boicots ilegales, negarse a pagar impuestos, la insumisión, los ataques de denegación de servicio distribuidos y las sentadas, hacen más difícil que un sistema funcione. De esta manera, se podrían considerar coercitivas. Brownlee señala que ""aunque los desobedientes civiles están limitados en su uso de la coerción por su objetivo concienzudo de participar en el diálogo moral, es posible que tengan que emplear la coerción limitada para poner su asunto sobre la mesa"". La organización Plowshares cerró temporalmente GCSB Waihopai con candados en las puertas y usando hoces para desinflar una de las grandes cúpulas que cubren dos antenas parabólicas.",¿Qué objetivo tienen muchas de estas protestas?,poner su asunto sobre la mesa,Conciencioso,Brownlee states that 'los desobedientes civiles están limitados en su uso de la coerción por su objetivo concienzudo de participar en el diálogo moral',The context mentions that these protests aim at participating in the dialogue of morality and making their issue known.,"The context states that these protests were carried out in 1999, while the answer provides the year 2005. This discrepancy suggests that the context is referring to a different time period than what was provided in the question.",Conciencioso,0,0.0,0.3414634146341463,0.35209580838323346,0.0,modular,1.0
5726f1ec708984140094d6aa,xquad.es,"La galería de instrumentos musicales cerró el 25 de febrero de 2010, una decisión que fue muy controvertida. Una petición en línea de más de 5100 nombres en el sitio web del Parlamento llevó a Chris Smith a preguntar al Parlamento sobre el futuro de la colección. La respuesta de Bryan Davies fue que el museo tenía la intención de preservar y cuidar la colección y mantenerla a disposición del público, con objetos redistribuidos a las Galerías Británicas, las Galerías Medievales y del Renacimiento, y las nuevas galerías planeadas para Muebles y Europa 1600-1800; además, que el Museo Horniman, así como otras instituciones, podían ser candidatos a recibir préstamos para asegurar que los instrumentos siguiesen siendo de fácil visualización pública. El Horniman organizó una exposición conjunta con el V&A de instrumentos musicales, y tiene el préstamo de 35 instrumentos del museo.","Aproximadamente, ¿cuántos nombres fueron firmados en una petición en línea en el sitio web del Parlamento en respuesta al cierre de la galería de instrumentos musicales?",más de 5100,5100,"Chris Smith asked the Parliament about the future of the collection, and this led to a petition being submitted.",The context states that 'Una petición en línea de más de 5100 nombres en el sitio web del Parlamento llevó a Chris Smith a preguntar al Parlamento sobre el futuro de la colección.' This directly indicates that there were approximately 5100 names signed in the petition.,"The context states that there was a petition on-line asking for names of 5100 people, which matches the number provided in the answer.",5100,0,0.5,0.5333333333333333,0.18219461697722572,0.3033707865168539,modular,1.0
57286dfa2ca10214002da333,xquad.es,"El gobierno de Kublai tuvo dificultades financieras después de 1279. Las guerras y los proyectos de construcción habían agotado el tesoro mongol. Los esfuerzos para recaudar ingresos fiscales estuvieron plagados de corrupción y escándalos políticos. Las expediciones militares mal manejadas siguieron a los problemas financieros. La segunda invasión de Kublai a Japón en 1281 no se llevó a cabo debido a un tifón inoportuno. Kublai no completó sus campañas contra Annam, Champa y Java, pero ganó una victoria pírrica contra Birmania. Las expediciones fueron obstaculizadas por enfermedades, un clima inhóspito y un terreno tropical inadecuado para la guerra montada de los mongoles. La dinastía Tran, que gobernó Annam (Dai Viet), aplastó y derrotó a los mongoles en la Batalla de Bạch Đằng (1288). La región china de Fujian fue el hogar original del clan chino Tran (Chen) antes de migrar bajo Trần Kinh (陳 京, Chén Jīng) a Dai Viet y cuyos descendientes establecieron la dinastía Trần que gobernaba Vietnam Đại Việt, y ciertos miembros del clan todavía podían hablar chino, como cuando un enviado de la dinastía Yuan tuvo una reunión con el príncipe Trần Quốc Tuấn de habla china (luego Rey Tr Kingn Hưng) en 1282. El profesor Liam Kelley observó que personas de la dinastía Song China como Zhao Zhong y Xu Zongdao huyeron a la dinastía Tran y gobernaron en Vietnam después de la invasión mongola de Song y ayudaron a los Tran a luchar contra la invasión mongola. La dinastía Tran se originó en la región china de Fujian, al igual que el clérigo taoísta Xu Zongdao, quien registró la invasión mongola y se refirió a ellos como ""bandidos del norte"". Annam, Birmania y Champa reconocieron la hegemonía mongola y establecieron relaciones tributarias con la dinastía Yuan.",¿Qué interfirió en la segunda invasión de Kublai a Japón?,tifón inoportuno,La segunda invasión de Kublai a Japón no se llevó a cabo debido a un tifón inoportuno.,La frase 'Las expediciones militares mal manejadas siguieron a los problemas financieros' es directamente citada en el texto.,"El contexto menciona que 'las expediciones militares mal manejadas siguieron a los problemas financieros'. Esto sugiere que las fuerzas mongolas no pudieron manejar bien sus expediciones debido a problemas financieros, lo que resultó en su ausencia en Japón.","The context states that the second invasion of Kublai to Japan was due to a typhoon in 1281, which is consistent with the information provided in the question.",La segunda invasión de Kublai a Japón no se llevó a cabo debido a un tifón inoportuno.,0,0.25,0.326530612244898,0.1311653116531165,0.1320754716981132,modular,1.0
57264f18f1498d1400e8dbb2,xquad.es,"El estudio también reveló que existían dos clades (ramas genéticas) del genoma de Y. pestis asociados con fosas comunes medievales, desconocidos hasta entonces pero relacionados entre sí. Estos clades (que se cree que están extintos) fueron encontrados como ancestrales a los aislados modernos de las cepas modernas de Y. pestis Y. p. orientalis e Y. p. medievalis, lo que sugiere que la plaga pudo haber entrado en Europa en dos oleadas. Los estudios de los restos de fosas de la plaga en Francia e Inglaterra indican que la primera variante entró en Europa a través del puerto de Marsella alrededor de noviembre de 1347 y se extendió a través de Francia durante los dos años siguientes, llegando finalmente a Inglaterra en la primavera de 1349, donde se extendió por todo el país en tres epidemias. Los estudios de los restos de fosas de la ciudad holandesa de Bergen op Zoom mostraron que el genotipo de Y. pestis responsable de la pandemia que se propagó a través de los Países Bajos desde 1350 difería del encontrado en Gran Bretaña y Francia, lo que implica que Bergen op Zoom (y posiblemente otras partes del sur de los Países Bajos) no fue infectado directamente desde Inglaterra o Francia en 1349 y sugiere que una segunda ola de peste, diferente de las de Gran Bretaña y Francia, pudo ser transportada a los Países Bajos a partir de Noruega, las ciudades hanseáticas u otro sitio.",¿Cuándo llegó Y. pestis a Inglaterra?,1349,noviembre de 1347,The text explicitly mentions that the first variant of Y. Pestis entered Europe through the port of Marsella in November 1347.,The passage states that 'La primera variante entró en Europa a través del puerto de Marsella alrededor de noviembre de 1347'. This indicates that Y. Pestis arrived in England around this time.,"The context states that the first variant of Y. Pestis entered Europe through the port of Marsella in November 1347, which is consistent with the information provided in the answer.",noviembre de 1347,0,0.0,0.2857142857142857,0.13994565217391308,0.13688212927756654,modular,1.0
5730b9852461fd1900a9cffb,xquad.es,"La Iglesia Metodista Unida se opone al servicio militar obligatorio por ser incompatible con la enseñanza de las Escrituras. Por lo tanto, la Iglesia apoya y extiende su ministerio a aquellas personas que se oponen concienzudamente a toda guerra, o a cualquier guerra en particular, y que por lo tanto se niegan a servir en las fuerzas armadas o a cooperar con los sistemas de reclutamiento militar. Sin embargo, la Iglesia Metodista Unida también apoya y extiende su ministerio a aquellas personas que concienzudamente deciden servir en las fuerzas armadas o aceptar el servicio alternativo. La iglesia también declara que ""como cristianos son conscientes de que ni el camino de la acción militar, ni el camino de la inacción es siempre justo ante Dios"".","La Iglesia apoya a las personas que se oponen concienzudamente, ¿a qué?",guerra,Aconcénctudmente,The passage explicitly mentions that the church supports those who oppose war and war specifically.,"The context states that 'la Iglesia Apoya y Extiende su Ministerio a aquellas personas que se oponen concientemente a todo guerra, o a cualquier guerra en particular, y que por lo tanto se niegan a servir en las fuerzas armadas o a cooperar con los sistemas de reclutamiento militar.' This directly indicates that the church supports those who oppose war and war specifically.","The context states that the Iglesia Metodista Unida supports and extends its ministry to those who oppose war or any specific war, as well as those who decide to serve in the military or accept alternative service options. The year mentioned is 2005, which aligns with the information provided in the context.",Aconcénctudmente,0,0.0,0.18181818181818177,0.17370325693606758,0.43678160919540227,modular,1.0
572f6a0ba23a5019007fc5ed,xquad.es,"Entre Bingen y Bonn, el Rin Medio fluye a través de la garganta del Rin, una formación que creó la erosión. La tasa de erosión igualó el levantamiento en la región, de tal manera que el río quedó en su nivel original mientras las tierras circundantes se elevaban. La garganta es bastante profunda y es el tramo del río que se conoce por sus muchos castillos y viñedos. Es Patrimonio de la Humanidad de la UNESCO (2002) y conocido como ""el Rin Romántico"", con más de 40 castillos y fortalezas de la Edad Media y muchos pueblos pintorescos y encantadores.",¿Cómo se formó la garganta del Rin?,erosión,La garganta del Rin fue formada por la erosión debido al levantamiento de las tierras circundantes.,La frase 'la erosión igualó el levantamiento en la región' es un ejemplo clásico de cómo la erosión puede crear formas estructurales.,"El contexto explica que la erosión igualó el levantamiento en la región, lo que resultó en la formación de la garganta del Rin.","The context states that the erosion rate was equal to the uplift in the region, resulting in the river returning to its original level while the surrounding lands rose. This is consistent with the description of the garganta as being 'profundo' and having many castles and vineyards. The information about Patrimonio de la Humanidad and the mention of the 'Rin Romántico' also support this conclusion.",La garganta del Rin fue formada por la erosión debido al levantamiento de las tierras circundantes.,0,0.11764705882352941,0.1333333333333333,0.33134328358208953,0.3114754098360656,modular,1.0
5726ddf6f1498d1400e8ee06,xquad.es,"Los avances realizados en Oriente Medio en botánica y química llevaron a la medicina en el Islam medieval a desarrollar sustancialmente la farmacología. Muhammad ibn Zakarīya Rāzi (Rhazes) (865-915), por ejemplo, actuó para promover los usos médicos de los compuestos químicos. Abu al-Qasim al-Zahrawi (Abulcasis) (936-1013) fue pionero en la preparación de medicamentos por sublimación y destilación. Su Liber servitoris es de particular interés, ya que proporciona al lector recetas y explica cómo preparar los ""simples"" a partir de los cuales se componían los complejos medicamentos que se utilizaban entonces de forma generalizada. Sabur Ibn Sahl (d 869), fue, sin embargo, el primer médico en iniciar la farmacopedia, describiendo una gran variedad de medicamentos y remedios para las dolencias. Al-Biruni (973-1050) escribió una de las obras islámicas más valiosas sobre farmacología, titulada Kitab al-Saydalah (El libro de los medicamentos), en la que detallaba las propiedades de los medicamentos y esbozaba el papel de la farmacia, así como las atribuciones y los deberes de los farmacéuticos. Avicena también describió nada menos que 700 preparados, sus propiedades, modos de acción y sus indicaciones. De hecho, dedicó todo un volumen a los medicamentos simples en El canon de la medicina. De gran impacto fueron también las obras de al-Maridini de Bagdad y El Cairo, y de Ibn al-Wafid (1008-1074), ambas impresas en latín más de cincuenta veces, apareciendo como De Medicinis universalibus et particularibus de ""Mesue"" el más joven, y el Medicamentis simplicibus de ""Abenguefit"". Pedro de Abano (1250-1316) tradujo y añadió un suplemento a la obra de al-Maridini bajo el título De Veneris. Las contribuciones de Al-Muwaffaq en este campo también son pioneras. En su vida en el siglo X, escribió Los fundamentos de las verdaderas propiedades de los remedios, describiendo, entre otras cosas, el óxido arsenioso, y conociendo el ácido silícico. Hizo una clara distinción entre carbonato de sodio y carbonato de potasio y llamó la atención sobre la naturaleza venenosa de los compuestos de cobre, especialmente el vitriolo de cobre, y también los compuestos de plomo. También describe la destilación de agua de mar para beber [se requiere verificación].",¿Quién es el autor de Liber Servitoris?,Abu al-Qasim al-Zahrawi,Muhammad ibn Zakarīya Rāzi (Rhazes),The passage mentions that 'Muhammad ibn Zakarīya Rāzi (Rhazes)' was an important figure in the development of pharmacology in the Islamic medical tradition.,The context states that 'Muhammad ibn Zakarīya Rāzi (Rhazes)' was one of the pioneers in promoting the use of medicinal compounds through methods such as sublimation and distillation.,"The context states that Muhammad ibn Zakarīya Rāzi (Rhazes) is mentioned as an author in the Liber Servitoris, which provides information about its contents and importance in the field of medicine during the Islamic Golden Age.",Muhammad ibn Zakarīya Rāzi (Rhazes),0,0.0,0.3703703703703704,0.11637931034482761,0.027100271002710025,modular,1.0
56e1a0dccd28a01900c67a2f,xquad.es,"Tener la idea de que los problemas de función pueden ser más enriquecedores que los problemas de decisión puede llegar a ser tentador. Sin embargo, la realidad es otra, ya que los problemas de función pueden reconvertirse en problemas de decisión. Por ejemplo, la multiplicación de dos números enteros puede expresarse como un conjunto de triples (a, b, c) de tal manera que se mantenga la relación a × b = c. Decidir si uno de esos triples dados pertenece o no al conjunto es algo que le corresponde a la solución del problema de multiplicar dos números.","Si dos números enteros se multiplican y generan un valor, ¿qué nombre recibe ese conjunto?",conjunto de triples,conjunto,The context provides an example of a mathematical expression that results in a specific value when two numbers are multiplied together.,"The context explains that when two numbers are multiplied and their product can be expressed in the form of a triple (a, b, c), where c is the result of multiplying a by b, then this triplet represents a solution to the problem of finding if one of the numbers is equal to c.","The context states that the problem of function can be more challenging than decision-making problems, as it involves generating multiple possible combinations or expressions for a given set of inputs. This makes it harder to determine which combination is correct without further information.",conjunto,0,0.5,0.5925925925925926,0.27108433734939763,0.05839416058394161,modular,1.0
56e7788200c9c71400d77184,xquad.tr,"Galler'deki öğretmenler ATL, NUT veya NASUWT gibi sendikaların kayıtlı üyesidir ve son yıllardaki raporlar, öğretmenlerin geçen yıllardan daha genç olmasıyla Galler'deki öğretmenlerin ortalama yaşının düştüğünü ileri sürmektedir. Galler okullarında öğretmenlere yapılan saldırılar 2005 ve 2010 arasında tüm zamanların en yüksek düzeyine ulaşarak giderek daha fazla endişeye sebep olmaktadır.",Öğretmenlere yapılan saldırılar neye sebep olmaktadır?,endişeye,Açıklama,"Galler'deki öğretmenlerin saldırılarını belirtirken, bu durum genellikle görsel olarak gösterilmiştir.",Galler'deki öğretmenlerin saldırıları 2005 ve 2010 arasında tüm zamanların en yüksek düzeyine ulaşarak giderek daha fazla endişeye sebep olmaktadır.,"The context states that there were 2005 and 2010 as the highest years for the number of attacks on teachers in Galler's schools, indicating an increase in violence against teachers over time.",Açıklama,0,0.0,0.0,0.31818181818181823,0.537313432835821,modular,1.0
56f8ca289b226e1400dd1009,xquad.tr,"Luther'in son cümlesini yazdığı bir kâğıt parçası daha sonra bulunmuştur. Cümle, Almanca olan ""Biz dilencileriz"" parçası dışında Latincedir.",Luther'in son cümlesinin hangi kısmı Almancaydı?,"""Biz dilencileriz""",,,,"The context states that Luther's son's cursive script was written in Latin, which is different from the original Germanic script used for Luther's father's cursive script.",,0,0.0,0.0,0.0,0.0,modular,0.0
57111b95a58dae1900cd6c54,xquad.tr,"Brandenburg Seçmen Prensi Frederick William, Fransız Protestanlarını krallığına yerleşmeye davet etti ve onların soyundan gelenler Prusya'da öne çıkan konumlara yükseldi. Şair Theodor Fontane, Tannenberg Birinci Dünya Savaşı Muharebesi kahramanı General Hermann von François, Luftwaffe Generali ve yıldız pilotu Adolf Galland, Luftwaffe yıldız pilotu Hans-Joachim Marseille ve ünlü alman denizaltı kaptanı Lothar von Arnauld de la Perière dahil olmak üzere birçok ünlü Alman askeri, kültürel ve politik figürü, etnik Fransız Protestanıydı. Alman Federal İçişleri Bakanı Thomas de Maizière gibi, (Doğu) Alman Demokratik Cumhuriyeti’nin son Başbakanı Lothar de Maizière de bir Fransız Protestan ailesinin soyundan gelmeydi.","Thomas de Maiziere’nin, Alman kabinesindeki görevi neydi?",Federal İçişleri Bakanı,,,,The context states that Thomas de Maizière was an Alman federal minister in the German Federal Government from 2005 to 2007. This directly supports the claim that he served as a Fransız Protestan in the Alman government during this period.,,0,0.0,0.0,0.0,0.0,modular,0.0
56de0daecffd8e1900b4b595,xquad.tr,"Akdeniz'e ulaşmak için en önde gelen iki Norman ailesi, Hauteville'den Tancred ve Drengot ailesinin soyundan geliyordu. Bunlardan biri Rainulf Drengot, 1030'da Napoli Dük'ü IV. Sergius'tan Güney'deki ilk Norman ayak basacak yeri olan Aversa ilçesini aldı. Hauteville ailesi, Salerno Prens'i IV. Guaimar'ın ""Puglia ve Calabria Düklüğü"" ilan etmesiyle soylu derecesini aldı. Hemen seçtikleri liderleri William Iron Arm'ı Melfi'nin başkentindeki sayım ünvanıyla ödüllendirdi. Bundan sonra Drengot ailesi, Capua prensliğini elde etti ve İmparator III. Henry, Hauteville lideri Drogo'yu yasal olarak 1047’de ""dux et magister Italiae comesque Normannorum totius Apuliae et Calabriae"" olarak asillendirmiştir. (""İtalya'nın Dükü ve Beyi ve tüm Puglia ve Calabria Normanlarının Kontu"")",III. Henry tarafından asillendirilmiş liderin adı nedir?,Drogo,,,,"The context states that III. Henry was the Asilender of Italy in 1047, which matches the information provided in the question about William Iron Arm being the Asilender of Naples in 1030. ",,0,0.0,0.0,0.0,0.0,modular,0.0
5726a8d4dd62a815002e8c38,xquad.tr,"Babası tarafından daha önce planlandığı gibi Temuçin, kabileleri arasındaki ittifakları pekiştirmek için, 16 yaşlarındayken Kungrat kabilesinden Börte ile evlendi. Temuçin ile evlenmesinden kısa bir süre sonra, Börte Merkitler tarafından kaçırıldı ve söylentilere göre birine eş olarak verildi. Temuçin, arkadaşı ve aynı zamanda gelecekte rakibi olacak olan Camuka'nın ve koruyucusu Kerait kabilesinden Tuğrul Han'ın yardımı ile onu kurtardı. Börte, dokuz ay sonra, babasının kim olduğu şüpheli olan Cuci (1185–1226) adında bir erkek çocuk dünyaya getirdi. Cuci hakkındaki dedikodulara rağmen, Temuçin alt sınıftan birkaç kadın alarak geleneği takip etmiş olsa da, tek imparatoriçesi Börte olacaktı.",Börte Cuci'yi hangi yılda dünyaya getirdi?,1185,1185-1226,"Cuci's birth year and death year are given as 1185 and 1226 respectively, which indicates her lifespan of 71 years.","The context states that Cuci was born in 1185 and died in 1226. Therefore, she lived for exactly 71 years.","The context states that Börte Cuci was born in 1185, which is mentioned as the year of her death in the given information.",1185-1226,0,0.0,0.6666666666666667,0.2042875157629256,0.017857142857142856,modular,1.0
5726241189a1e219009ac2e2,xquad.tr,"Ambargo, ABD enerji güvenliği üzerindeki tehditleri ele almak için acil taleplere neden olarak ABD ekonomisini olumsuz etkilemiştir. Uluslararası düzeyde, fiyat artışları otomobil gibi birçok sektörde rekabetçi konumları değiştirdi. Makroekonomik problemler hem enflasyonist hem de deflasyonist etkilerden oluştu. Ambargo petrol şirketlerini, Kuzey Kutbu gibi engebeli arazilerde bile, petrol kaynaklarını artırmak için yeni yollar aramak zorunda bıraktı. Önemli derecede üretime başlamak için petrol bulmak ve yeni alanları geliştirmek beş ila on yıl sürmekteydi.",Yeni alanların önemli miktarda petrol üretimine sahip olması ne kadar sürer?,beş ila on,en az bir yıl,Petrol bulmak ve yeni alanları geliştirmek beş ila on yıl sürmekteydi,The context states that 'Enmeleğin enflasyonist ve deflasyonist etkilerden oluştu' ve 'Petrol bulmak ve yeni alanları geliştirmek beş ila on yıl sürmekteydi'. This indicates that it takes at least one year for new petroleum production to become significant.,"The context states that the new energy sector was in its early stages of development when the oil price increased significantly, indicating that it took at least one year for the industry to become fully operational and profitable.",en az bir yıl,0,0.0,0.34782608695652173,0.22115384615384615,0.2777777777777778,modular,1.0
5725d79e89a1e219009abf91,xquad.tr,"İnsansız bir AS-206 LM test uçuşundan sonra, bir ekip, ilk Blok II CSM’i ve LM'yi AS-207/208 veya AS-278 olarak bilinen ikili bir görevde uçuracaktı (her uzay aracı ayrı bir Saturn IB'den fırlatılacaktı). Block II ekip pozisyonları Komutan (CDR) Komuta Modülü Pilotu (CMP) ve Ay Modülü Pilotu (LMP) olarak adlandırıldı. Astronotlar, aydaki araç dışı aktiviteye (EVA) uyum sağlamak için tasarlanmış yeni bir Apollo uzay giysisi giymeye başlayacaktı. Geleneksel vizör kask, daha fazla görünürlük için sayfam bir ""fanus"" tipiyle değiştirildi ve ay yüzeyi EVA elbisesi su soğutmalı iç çamaşırı içerecekti.",AS-278 ikili görevinde astronotlar ne giyiyordu?,yeni bir Apollo uzay giysisi,Gelişmiş,"The passage directly mentions the new crew members for Block II, including the CMP and LMP pilots.","The context states that 'Block II ekip pozisyonları Komutan (CDR) Komuta Modülü Pilotu (CMP) ve Ay Modülü Pilotu (LMP) olarak adlandırıldı', which means 'the crew members of Block II were designated as Command Module Pilot (CMP), Command Module Pilot (LMP), and Air Module Pilot (AMP)'.","The context states that AS-278 was an 'ikili görev', which means it involved two spacecraft in different orbits around Earth. The question asks about astronaut activities during this mission, and the context mentions that astronauts were on board both the Block II CSM and LM for the trip. Therefore, the information provided is accurate and directly supports the claim of the 'ikili görev'.",Gelişmiş,0,0.0,0.2222222222222222,0.19696969696969702,0.2748091603053435,modular,1.0
5727213c708984140094da36,xquad.tr,"1819 Peterloo katliamının ardından, o yılın sonlarına doğru şair Percy Shelley, zamanının adaletsiz otorite biçimleri ile ilgili düşüncelerinin imgeleriyle başlayan, ardından yeni bir sosyal eylem biçiminin kırıntılarını hayal ettiği Anarşinin Maskesi adlı siyasi şiirini yazdı. Bu belki de şiddetsiz protesto ilkesinin ilk çağdaş[belirsiz] ifadesidir. Bir versiyonu yazar Henry David Thoreau tarafından Sivil İtaatsizlik adlı eserinde, daha sonra ise Satyagraha adlı doktrininde Gandi  tarafından ele alındı. Gandi'nin Satyagraha adlı eseri, Shelley'in protesto ve siyasi eylemde şiddetsizliğinden kısmen etkilenmiş ve ilham almıştır. Bilhassa, bağımsız Hindistan kampanyası esnasında Gandi'nin geniş kitlelere Shelley'nin Anarşinin Maskesi eserinden sıkça alıntı yaptığı bilinmektedir.",Onun şiiri hangi protesto çeşidinin ilk türü olarak kabul edilmektedir?,şiddetsiz,Satyagraha,"The context provides specific information about the works of Shelley and Gandhi, which directly support the answer.","The context states that 'Gandhi' (Gandi) was one of the leaders of the Satyagraha movement in India. The passage mentions that 'Shelley' wrote about Satyagraha in his essay 'Sivil İtaatsizlik'. Therefore, it can be inferred that Satyagraha is the first type of protest that Shelley referred to in his work.","The context states that the Satyagraha was introduced in 1999, which is different from the year mentioned in the question (2005). Therefore, the correct answer should be Satyagraha.",Satyagraha,0,0.0,0.10526315789473684,0.17411225658648344,0.0851063829787234,modular,1.0
570d47b8b3d812140066d62e,xquad.tr,"Ayrıca bir zamanlar devletin sahibi olduğu sistemin parçaları olan hat üzerinde faaliyet gösteren birçok küçük yük treni operatörü ve çok sayıda turistik demir yolu da bulunmaktadır. Victoria hatları çoğunlukla 1.600 mm (5 ft 3 in) geniş hatlı demir yolu kullanır. Ancak, eyaletler arası ana hatlar ve bunun yanı sıra eyaletin batısındaki bir dizi iltisak hattı 1.435 mm (4 ft 8 1â„2 in) standart demir yoluna dönüştürülmüştür. İki turistik demir yolu, dağlık bölgelerde inşa edilmiş, önceden devlete ait olan beş hattın kalıntıları olan 760 mm (2 ft 6 in) dar demir yolu üzerinde faaliyet göstermektedir.",Victoria'nın batısında bazı hatlar hangi ray açıklığına değiştirilmiştir?,1.435 mm (4 ft 8 1â„2 in) standart demir yoluna,1.435 mm (4 ft 8 1⁄2 in),The passage directly mentions that Victoria has several main roads with standard 1. 435 mm (4 ft 8 1⁄2 in) road widths.,The context states that 'eyaletler arası ana hatlar ve bunun yanı sıra eyaletin batısındaki bir dizi iltisak hattı 1. 435 mm (4 ft 8 1⁄2 in) standart demir yoluna dönüştürülmüştür'. This indicates that some of Victoria's main roads have been widened.,"The context states that the 1. 435 mm (4 ft 8 1⁄2 in) standing train track was installed at the border between Victoria and nearby areas, while the 760 mm (2 ft 6 in) standard track is for existing railway lines. Therefore, it can be inferred that this installation occurred after 2005 when the 760 mm track was introduced. ",1.435 mm (4 ft 8 1⁄2 in),0,0.7058823529411764,0.6349206349206349,0.251788268955651,0.34328358208955223,modular,1.0
57111713a58dae1900cd6c04,xquad.tr,"Kuzey Amerika'daki Fransız Protestan cemaatlerinin (veya bireylerinin) çoğu, nihayetinde daha fazla sayıda üyesi olan diğer Protestan mezheplerine katıldı. Fransız Protestanları hızlı adapte olmuştu ve sıklıkla kendi Fransız topluluklarının dışından kişilerle evleniyorlardı ve bu da asimilasyona yol açıyordu. Birçok ailede Fransız Protestanı soyundan gelenler, on dokuzuncu yüzyıla kadar çocuklarının ad ve soyadlarını Fransızca kullanmaya devam ettiler. Asimilasyona uğrayan Fransızlar, özellikle geç Sömürge ve erken Federal dönemlerde tüccar ve zanaatkar olarak ABD'nin ekonomik yaşamına sayısız katkı yaptı. Örneğin, Lavoisier'in eski bir öğrencisi olan E.I. du Pont, Eleutherian barut fabrikalarını kurdu.",Du Pont'un barut işletmesinin adı neydi?,Eleutherian barut fabrikalarını,Eleutherian barut fabrikalarını,E.I. du Pont's full name in the context: 'E. I. du Pont',"The passage states that E.I. du Pont was an engineer and founder of DuPont, which implies his name was Eleutherian.","The context states that Eleutherian barut fabrikalarını kurdu, while the answer provides the year 2005 as the correct answer.",Eleutherian barut fabrikalarını,1,1.0,1.0,0.11351351351351348,0.07547169811320754,modular,1.0
5706143575f01819005e7953,xquad.tr,"Güney Kaliforniya'daki profesyonel spor takımları arasında NFL'den (Los Angeles Rams, San Diego Chargers); NBA'den (Los Angeles Lakers, Los Angeles Clippers); MLB'den (Los Angeles Dodgers, Los Angeles Angels of Anaheim, San Diego Padres); NHL'den (Los Angeles Kings, Anaheim Ducks) ve MLS'ten (LA Galaxy) takımlar bulunur.",Anaheim Ducks dışında Güney Kaliforniya'da yerleşik olan diğer NHL takımı nedir?,Los Angeles Kings,Los Angeles Kings,The context provides an exact quote: 'MLS's LA Galaxy',"The context explicitly states that 'MLS' (Major League Soccer) includes the LA Galaxy, which is the only team listed in the list of teams in Anaheim.","The context states that the Los Angeles Kings were the only NHL team in Anaheim during the 2005-2006 season. The question asks for another NHL team outside of Anaheim, so this is the correct answer based on the information provided.",Los Angeles Kings,1,1.0,1.0,0.19941348973607043,0.12121212121212123,modular,1.0
57268e2bf1498d1400e8e3b3,xquad.tr,"Avrupa Birliği'ni oluşturan birincil Antlaşmalar önce kömür ve çelik için, daha sonra atom enerjisi için ortak kurallarla başladı, ama daha eksiksiz ve resmi kurumlar 1957'deki Roma Antlaşması ve 1992'deki Maastricht Antlaşması'yla kuruldu (şimdi: TFEU). 1960'lar ve 1970'lerde küçük değişiklikler yapıldı. 1986 Avrupa Tek Senedi'yle tek ve dahili bir pazarın gelişiminin tamamlanması, 1997'deki Amsterdam Antlaşması'yla daha sosyal bir Avrupa'nın gelişiminin ilerletilmesi ve 2001 Nice Antlaşması ve 2007 Lizbon Antlaşması'yla AB kurumlarında üye devletlerin nisbi güçlerine küçük değişiklikler yapılması için büyük değişiklik antlaşmaları imzalandı. Kuruluşundan beri, 1972 yılında Birleşik Krallık, İrlanda, Danimarka ve Norveç'ten (gerçi Norveç sonunda katılmadı), 1979'da Yunanistan'a, 1985'te İspanya ve Portekiz'den 1994'te Avusturya, Finlandiya, Norveç ve İsveç'e (ancak yine Norveç referandumda destek bulunamaması nedeniyle katılamadı), 2004'te Çek Cumhuriyeti, Kıbrıs, Estonya, Macaristan, Letonya, Litvanya, Malta, Polonya, Slovakya ve Slovenya'dan 2007'de Romanya ve Bulgaristan'a ve 2013'te Hırvatistan'a kadar daha fazla üye ülke bir dizi katılım antlaşmasıyla katıldı. Grönland, 1985 yılında bir Antlaşma imzalayarak özel statü kazandı.",Danimarka AB'ye ne zaman katıldı?,1972,1979'da Yunanistan'a,"The passage mentions '1979'da Yunanistan'a, which directly confirms this information.","The context states that in 1979, Denmark, Ireland, and Norway joined the European Union (EU) through a special agreement called the Amsterdam Treaty.","The context states that in 1979, Denmark became a member of the European Union (EU).",1979'da Yunanistan'a,0,0.0,0.2727272727272727,0.10534591194968555,0.011494252873563216,modular,1.0
57268e2bf1498d1400e8e3b0,xquad.tr,"Avrupa Birliği'ni oluşturan birincil Antlaşmalar önce kömür ve çelik için, daha sonra atom enerjisi için ortak kurallarla başladı, ama daha eksiksiz ve resmi kurumlar 1957'deki Roma Antlaşması ve 1992'deki Maastricht Antlaşması'yla kuruldu (şimdi: TFEU). 1960'lar ve 1970'lerde küçük değişiklikler yapıldı. 1986 Avrupa Tek Senedi'yle tek ve dahili bir pazarın gelişiminin tamamlanması, 1997'deki Amsterdam Antlaşması'yla daha sosyal bir Avrupa'nın gelişiminin ilerletilmesi ve 2001 Nice Antlaşması ve 2007 Lizbon Antlaşması'yla AB kurumlarında üye devletlerin nisbi güçlerine küçük değişiklikler yapılması için büyük değişiklik antlaşmaları imzalandı. Kuruluşundan beri, 1972 yılında Birleşik Krallık, İrlanda, Danimarka ve Norveç'ten (gerçi Norveç sonunda katılmadı), 1979'da Yunanistan'a, 1985'te İspanya ve Portekiz'den 1994'te Avusturya, Finlandiya, Norveç ve İsveç'e (ancak yine Norveç referandumda destek bulunamaması nedeniyle katılamadı), 2004'te Çek Cumhuriyeti, Kıbrıs, Estonya, Macaristan, Letonya, Litvanya, Malta, Polonya, Slovakya ve Slovenya'dan 2007'de Romanya ve Bulgaristan'a ve 2013'te Hırvatistan'a kadar daha fazla üye ülke bir dizi katılım antlaşmasıyla katıldı. Grönland, 1985 yılında bir Antlaşma imzalayarak özel statü kazandı.",Sonunda AB'yi oluşturan birincil Antlaşmalar için ihtiyaca sebep olan neydi?,"kömür ve çelik için, daha sonra atom enerjisi",Kuruluşundan beri,This quote directly addresses the need for a new Antlaşm in the context of the EU's evolution and the need for more member countries.,"The passage states that 'kuruluşundan beri, 1972 yılında Birleşik Krallık, İrlanda, Danimarka ve Norveç'ten (gerçi Norveç sonunda katılmadı)'.","The context states that the first set of EU antecedents began in 1992, which is consistent with the information provided about the 1997 Amsterdam Antlaşması and 2001 Nice Antlaşması. The context also mentions that the second set of EU antecedents started in 1972, which aligns with the 1979-1985 period mentioned for the second set of antecedents.",Kuruluşundan beri,0,0.0,0.36065573770491793,0.15372907153729076,0.1627906976744186,modular,1.0
57274beff1498d1400e8f5e4,xquad.tr,"Hindistan'da, özel okullara bağımsız okullar denir, ancak bazı özel okullar hükümetten finansal yardım aldıklarından, yardımlı veya yardımsız bir okul olabilir. Yani, tam anlamıyla, özel bir okul, yardımsız, bağımsız bir okuldur. Bu tanımın amacı için, hükümetten sübvanse edilen bir oran satın aldıktan sonra satın almadığınız değil, sadece maddi yardım ettiğiniz kabul edilebilir. Hem sendika hükümeti hem de devletlerin okulları yönetme yetkisi dahilinde çünkü Eğitim, anayasadaki Eşzamanlı yasama konuları listesinde yer almaktadır. Devletler, sektörün yönetimi için kendi kural ve yönetmeliklerini oluştururken; uygulama, sendika hükümetinin  geniş politika yönelimleri sağlaması içindi. Diğer şeylerin yanı sıra, bu aynı zamanda okuldan ayrılma sertifikaları için sınavlar yapan 30  farklı Sınav Kurulları veya akademik otoritelerle sonuçlandı. Birden fazla eyalette bulunan önde gelen Sınav Kurulları, CBSE ve CISCE, NENBSE'dir.",Bir Hint özel okulu için terim nedir?,bağımsız okullar,Bağımsız okul,The passage mentions that some special schools have been established due to financial assistance from the government and lack of formal education.,"The context explicitly states that 'hindistan'da, özel okullara bağımsız okullar denir' (Indonesia has special schools that are independent). This directly answers the question.","The context states that special schools in India have a different name from regular schools, which is a term used for non-governmental educational institutions. The provided information directly supports this claim about special schools being called 'special'.",Bağımsız okul,0,0.5,0.896551724137931,0.1984732824427481,0.0851063829787234,modular,1.0
572650325951b619008f6fab,xquad.tr,"Enerji krizi, yenilenebilir enerji, nükleer enerji ve yerel fosil yakıtlara daha fazla ilgi duyulmasına neden oldu. Krizden bu yana Amerikan enerji politikalarına kriz-zihniyeti düşüncesinin egemen olduğuna, pahalı hızlı düzeltmelerin ve piyasa ve teknoloji gerçekliklerini görmezden gelen tek seferlik çözümlerin teşvik edildiğine dair eleştiriler bulunmakta. Girişimcilik ve inovasyon için çok fazla alan bırakırken, temel araştırmaları destekleyen istikrarlı kurallar sunmak yerine, kongreler ve başkanlar tekrar tekrar siyasi olarak uygun, ancak başarı şansları şüpheli olan çözümler vaat eden politikaları desteklediler.",Kulağa iyi gelen ancak başarı şansları zayıf olan politikaları kimler destekledi?,kongreler ve başkanlar,,,,"The context states that the 'Answer to check' is about 'Kulağa iyi gelen ancak başarı şansları zayıf olan politikaları', which refers to the 2005 issue of the 'Enerji Krizi' magazine. The context does not mention anything about support for 'kulağa iyi gelen ancak başarı şansları zayıf olan politikalar'. Therefore, the information provided in the context directly supports the statement.",,0,0.0,0.0,0.0,0.0,modular,0.0
57096b66200fba1400367fa9,xquad.tr,"8 Şubat 2007'de BSkyB, üç ücretsiz yayın yapan dijital karasal kanalını dört abonelikli kanalla değiştirme niyetini ilan etti. Bu kanalların spor (İngiltere Premier League Futbol içinde olmak üzere), film, eğlence ve haber içeren BSkyB portföyünden bir dizi içerik sunacağı tasarlanıyordu. Duyuru, Setanta Sports'un dijital karasal platformda abonelik hizmeti olarak Mart ayında faaliyete geçeceğini onaylamasından bir gün sonra ve NTL'nin hizmetlerinin Virgin Media olarak isim değişikliğine gittiği aynı günde geldi. Ancak sektör kaynakları, olası reklam geliri kaybı nedeniyle BSkyB'nin kanallarını ücretsiz görüntülemeden çekip bunları aboneli kanallarla değiştirme planlarını rafa kaldırmak zorunda kalacağına inanıyor.",Setanta Sports hangi platformda faaliyete geçmeyi planlamaktaydı?,dijital karasal,Setanta Sports'un dijital karasal platformda,The passage mentions that BSkyB plans to remove three of its free streaming channels and replace them with subscription-based channels.,The context states that BSkyB plans to change its content distribution strategy by removing three of its free streaming channels and replacing them with subscription-based channels.,"The context states that BSkyB plans to remove three of their free streaming channels from their subscription-based platforms, including Setanta Sports, which was mentioned as one of the channels they will be removing.",Setanta Sports'un dijital karasal platformda,0,0.5714285714285715,0.5172413793103448,0.22911694510739855,0.017094017094017096,modular,1.0
56d99f99dc89441400fdb628,xquad.tr,"Broncos, 23–16 arasındaki bölge turunda Pittsburgh Steelers'ı, maçın son üç dakikasında 11 sayı alarak mağlup etti. Daha sonra, New England'ın 2 puanlık dönüşüm girişimini saat üzerinde 17 saniye kala bir pası keserek, AFC Şampiyonluk Oyununda Super Bowl'u savunan XLIX şampiyonu New England Patriots'u 20–18 yendi. Manning''in sezon boyunca topu kapmalarla ilgili sorunlarına rağmen, iki rövanş maçında hiç atmadı.",2015 yılında klasmanlarını kazanmak için Broncos'u kim yenmiştir?,Pittsburgh Steelers,Broncos,"Pittsburgh Steelers, who were the opponents of the Broncos in this game, defeated them 23-16 in the AFC Championship Game.","The context states that 'Broncos, 23–16 arasındaki bölge turunda Pittsburgh Steelers'ı, maçın son üç dakikasında 11 sayı alarak mağlup etti. This indicates that the Broncos won against the Steelers in their final game of the season.","The context states that in 2015, the Broncos won their first Super Bowl against the Pittsburgh Steelers, defeating them 23-16. This directly supports the claim that they were the champions of the Super Bowl.",Broncos,0,0.0,0.23076923076923073,0.2913385826771654,0.35555555555555557,modular,1.0
5726241189a1e219009ac2de,xquad.tr,"Ambargo, ABD enerji güvenliği üzerindeki tehditleri ele almak için acil taleplere neden olarak ABD ekonomisini olumsuz etkilemiştir. Uluslararası düzeyde, fiyat artışları otomobil gibi birçok sektörde rekabetçi konumları değiştirdi. Makroekonomik problemler hem enflasyonist hem de deflasyonist etkilerden oluştu. Ambargo petrol şirketlerini, Kuzey Kutbu gibi engebeli arazilerde bile, petrol kaynaklarını artırmak için yeni yollar aramak zorunda bıraktı. Önemli derecede üretime başlamak için petrol bulmak ve yeni alanları geliştirmek beş ila on yıl sürmekteydi.",Neyin ABD ekonomisi üzerinde olumsuz etkisi olmuştur?,Ambargo,Ammar Bello,"The passage states: 'Uluslararası düzeyde, fiyat artışları otomobil gibi birçok sektörde rekabetçi konumları değiştirdi'","The context mentions that Ambargo, ABD's energy security and economic stability issues were due to its actions in the oil sector.","The context states that Ambargo's actions in 1999 led to significant economic problems for the United Arab Emirates (AED), including high oil prices and negative macroeconomic impacts.",Ammar Bello,0,0.0,0.5555555555555556,0.32383808095952027,0.022222222222222223,modular,1.0
570610b275f01819005e792a,xquad.tr,"Güney Kaliforniya, Amerika Birleşik Devletleri'ndeki yolcu hacmi bakımından en yoğun ikinci (yolcu trafiği bakımından dünyanın en yoğun havalimanlarına bakın) ve uluslararası yolcu hacmi bakımından üçüncü havalimanı olan Los Angeles Uluslararası Havalimanı'na; dünyadaki en yoğun tek pistli havalimanı olan San Diego Uluslararası Havalimanı'na; dünyanın en yoğun genel havacılık havalimanı olan Van Nuys Havalimanı'na; Orange County, Bakersfield, Ontario, Burbank ve Long Beach'de büyük çaplı ticari havalimanlarına ve çok sayıda daha küçük ticari ve genel havacılık havalimanına ev sahipliği yapar.",Amerika Birleşik Devletleri'ndeki en yoğun ikinci havalimanı hangi havalimanıdır?,Los Angeles Uluslararası Havalimanı,Los Angeles Uluslararası Havalimanı,The context directly mentions Los Angeles Uluslararası Havalimanı in the given information.,"The passage states that Güney Kaliforniya, Amerika Birleşik Devletleri'ndeki yolcu hacmi bakımından en yoğun ikinci (yolcu trafiği bakımından dünyanın en yoğun havalimanlarına bakın) ve uluslararası yolcu hacmi bakımından üçüncü havalimanı olan Los Angeles Uluslararası Havalimanı.","The context states that Los Angeles Uluslararası Havalimanı is the second most extensive inland waterway in the world, which aligns with the information provided in the question about the largest inland waterway in California. The context also mentions that it's one of the busiest inland waterways in the United States, further supporting this claim.",Los Angeles Uluslararası Havalimanı,1,1.0,1.0,0.22488755622188905,0.5585585585585586,modular,1.0
57280fd3ff5b5019007d9c27,xquad.tr,"Fransız Huguenot kâşifi Jean Ribault, 1562'de St. Johns Nehri'ni Mayıs Nehri olarak nitelendirdi çünkü onu çünkü mayıs ayında keşfetti. Ribault yakın günümüz Jacksonville'ye, Fransa için yeni keşfedilen araziyi talep eden taş bir sütun dikti. 1564 yılında, René Goulaine de Laudonnière ilk Avrupa yerleşimi Fort Caroline'yi, Saturiwa'nın ana köyünün yakınındaki St. Johns'un üzerine kurdu. İspanya'lı Philip II, Pedro Menéndez de Avilés'e Fort Caroline'daki Fransız varlığına saldırarak İspanya'nın çıkarlarını korumasını emretti. 20 Eylül 1565'te, yakındaki St. Augustine yerleşim yerinden bir İspanyol gücü, Fort Caroline'e saldırdı ve neredeyse tüm onu savunan Fransız askerlerini öldürdü. İspanyollar adını San Mateo olarak değiştirdi ve Fransızların tahliyesini takiben, Florida'daki en önemli yerleşim yeri olan St. Augustine'nin konumu sağlamlaştırıldı. Fort Caroline'in yeri tartışmaya açık fakat 1964 yılında St. Johns Nehri'nde kalenin yeniden inşası yapılmıştır.",Hangi millet için Ribault başlangıçta şimdi Jacksonville'in ne olduğunu iddia etti?,Fransa,Fransa,The passage mentions that Ribault was a French explorer and that he led an expedition to explore the New World.,The context states that Ribault was a French explorer who led an expedition to explore the New World.,"The context states that Fort Caroline was built in 1564, which is approximately 37 years after the year 2005. Therefore, it can be concluded that the location of Fort Caroline in Jacksonville is based on historical records from 2005 onwards. ",Fransa,1,1.0,1.0,0.16393442622950816,0.014285714285714284,modular,1.0
5729582b1d046914007792e6,xquad.tr,"Siyanobakteri bir ataya izi sürülebilen bu kloroplastlar birincil plastidler olarak bilinir (bu bağlamda ""plastid"" kloroplast ile neredeyse aynı şey demektir). Tüm birincil kloroplastlar, üç kloroplast soyundan birine aittir—glokofit kloroplast soyu, rodofit, veya kırmızı alg kloroplast soyu, veya kloroplastidan, veya yeşil kloroplast soyu. İkinci ikili en büyükleridir ve yeşil kloroplast soyu kara bitkilerini içeren soydur.",Kloroplastidan ne anlama gelmektedir?,yeşil kloroplast soyu,,,,"The context states that all bacterial kloroplasts have three types of chloroplasts: globochloroplast, rolethoplak, or cyanoblast, or chloroplast, or pyrrolothoplasma. The second largest type is called pyrrolothoplasma, which contains the cytoplasmic membrane of the cell.",,0,0.0,0.0,0.0,0.0,modular,0.0
5728eef92ca10214002daab3,xquad.tr,"Bazen kovuşturma, sanıklara suçu kabul etmeleri karşılığında hafif suç sayılması ve hapis cezası almama fırsatı sunulan Camden 28 davasında olduğu gibi, sivil itaatsizlere bir itiraf pazarlığı önerisinde bulunur. Bazı toplu tutuklama durumlarında, aktivistler herkes için aynı itiraf pazarlığını güvence altına almak için dayanışma taktiklerini kullanmaya karar verir. Ancak bazı aktivistler, herhangi bir itiraf anlaşması yapmadan suçu kabul ettikleri kör itiraf seçeneğini tercih etti. Mahatma Gandi suçunu kabul etti ve mahkemeye, ""...kanunda açık bir şekilde suç olarak belirtilen şey için bana yüklenebilecek olan en yüksek cezaya içimden gelerek boyun eğiyorum ve bunun bir vatandaşın en önemli vazifesi olduğunu düşünüyorum."" dedi.",Ne tür bir itirafta bulunma bazen itaatsizlik eylemi olarak kabul edilir?,kör itiraf,Concise answer to the question,"The passage states that 'some activists, heretofore, have chosen to seek out a conciliatory approach when dealing with social tensions and conflicts,' which indicates that they may be seeking an alternative solution to their conflict.",The context mentions that some activists choose to seek out a conciliatory approach when dealing with social tensions and conflicts.,"The context states that in 2005, some activists chose to use their personal wealth as an alternative to traditional social justice activism, which is mentioned in the passage about the 'sivil itaatsizlere bir itiraf pazarlığı önerisinde bulunur.'",Concise answer to the question,0,0.0,0.2162162162162162,0.2860169491525424,0.0,modular,1.0
5729feaf6aef05140015518c,xquad.tr,"1991 ve 2000 yılları arasında Amazon'da kaybedilen toplam orman alanı 415.000'den 587.000 kilometre kareye çıkmıştır (160.000'den 227.000 mil kareye) ve kaybolan ormanın çoğu sığır otlağı olmuştur. Amazon'da daha önce orman olan toprağın yüzde yetmişi ve 1970'den beri orman niteliğini kaybeden toprakların %91'i hayvan otlağı olarak kullanılmaktadır. Şu anda Brezilya, Amerika Birleşik Devletleri'nden sonra dünyanın ikinci büyük soya fasulyesi üreticisidir. Ancak Leydimere Oiveira vd. tarafından yapılan yeni araştırmalara göre Amazon'da yağmur ormanı kesildikçe bölgeye daha az yağış düşmekte ve hektar başına alınan hasat azalmaktadır. Dolayısıyla genel algının aksine Brezilya'nın yağmur ormanı bölgelerinin kesilmesinden ve bunların meraya dönüştürülmesinden ekonomik avantajı olmamıştır.",Amazon'da açılan arazinin yüzde kaçı canlı hayvan yetiştiriciliği için kullanılmaktadır?,%91'i,30%,"The passage mentions that Amazon's cultivated land accounts for more than half of its total area, which implies that it covers about 91% of the cultivated land in Brezilya.","The context states that Amazon's total area covered by its cultivated land is 587,000 km² and it covers 91% of the cultivated land in Brezilya.","The context states that Amazon's total area covered by its cultivated land is 587,000 km² in 2000, which includes cultivated farmland. The question asks about the percentage of cultivated farmland for animal husbandry. However, the context does not provide specific data on the percentage of cultivated farmland for animal husbandry. Therefore, we cannot determine the correct percentage from the given information.",30%,0,0.0,0.0,0.23794212218649513,0.03278688524590164,modular,1.0
5733fb7bd058e614000b66ff,xquad.tr,"Newcastle onu Ocak 1756'da ikinci amir olarak Büyük General James Abercrombie ile, Lord Loudon'la değiştirdi. Bu adamların hiçbiri Fransa'nın Kuzey Amerika'ya gönderdiği üçlü subay kadar sefer deneyimine sahip değildi. Fransa'nın düzenli ordu takviyeleri, hepsi Avusturya Vekalet Savaşı'ndan tecrübeli generaller olan Chevalier de Levis ve Colonel François-Charles de Bourlemaque tarafından desteklenen Büyük General Louis-Joseph de Montcalm önderliğindeki Yeni Fransa'ya vardı. Avrupada bu süre zarfında, 18 Mayıs 1756'da İngiltere Fransa'ya savaş ilan etti ki bu savaşı Avrupa'ya kadar genişletti, daha sonra Yedi Yıl Savaşı olarak bilinecekti.",1756'da Lord Loudoun'a yardımcı amir olarak kim atandı?,Büyük General James Abercrombie,Lord Loudoun'a yardımcı amir olarak James Abercrombie atandı,The passage directly mentions Lord Loudoun and his advisor James Abercrombie in relation to the event of 1756.,The context states that 'Bu adamların hiçbiri Fransa'nın Kuzey Amerika'ya gönderdiği üçlü subay kadar seferden beklenen bir amir olarak Lord Loudoun'a yardımcı amir olarak James Abercrombie atandı.,"The context states that Lord Loudoun was instructed to change his position from an amiral to a general in 1756, which is consistent with the information provided in the question.",Lord Loudoun'a yardımcı amir olarak James Abercrombie atandı,0,0.3333333333333333,0.5111111111111111,0.21153846153846156,0.2909090909090909,modular,1.0
57096b66200fba1400367fa7,xquad.tr,"8 Şubat 2007'de BSkyB, üç ücretsiz yayın yapan dijital karasal kanalını dört abonelikli kanalla değiştirme niyetini ilan etti. Bu kanalların spor (İngiltere Premier League Futbol içinde olmak üzere), film, eğlence ve haber içeren BSkyB portföyünden bir dizi içerik sunacağı tasarlanıyordu. Duyuru, Setanta Sports'un dijital karasal platformda abonelik hizmeti olarak Mart ayında faaliyete geçeceğini onaylamasından bir gün sonra ve NTL'nin hizmetlerinin Virgin Media olarak isim değişikliğine gittiği aynı günde geldi. Ancak sektör kaynakları, olası reklam geliri kaybı nedeniyle BSkyB'nin kanallarını ücretsiz görüntülemeden çekip bunları aboneli kanallarla değiştirme planlarını rafa kaldırmak zorunda kalacağına inanıyor.","BSkyB, ücretsiz yayın yapan dijital kanallarını değiştirme niyetini ne zaman duyurmuştur?",8 Şubat 2007,Mart ayında,"The passage mentions that BSkyB changed its subscription model on February 8, 2007.","The context states that BSkyB's decision to change its subscription model was announced on February 8, 2007.",The context states that BSkyB's decision to change its subscription model from monthly to annual subscriptions was announced in March 2007.,Mart ayında,0,0.0,0.26086956521739135,0.1475826972010178,0.01851851851851852,modular,1.0
572828383acd2414000df5c4,xquad.tr,"Doktor Kim sayısız kez sahneye çıkmıştır. 1970'lerin başında, Trevor Martin, Seven Keys to Doomsday'da Dalekler ve Doktor Kim'de rol aldı. 1980'lerin sonunda, Jon Pertwee ve Colin Baker, her ikisi de doktoru Doktor Kim - Son Macera adlı oyun sırasında farklı zamanlarda oynadılar. İki performans için, Pertwee hasta iken David Banks (Daha çok siberadamı oynamasıyla bilinir) Doktoru oynadı. Terry Nation, 1960'ların sonlarına takılmış bir sahne oyunu, ama doktor olmadan, olan Daleklerin Laneti'ni yazarken, diğer orijinal oyunlar, Doktor'u oynayan diğer oyuncularla amatör yapımlar olarak sahnelendi.",Doktor Kim'i 1980'lerden oynayan kimdi?,Doktor Kim - Son Macera,Jon Pertwee,This quote directly answers the question about who performed Doktor Kim in the 1980s.,"The context states that '1980'lerin sonunda, Jon Pertwee ve Colin Baker, her ikisi de doktoru Doktor Kim - Son Macera adlı oyun sırasında farklı zamanlarda oynadılar.","The context states that Jon Pertwee performed in the 1980s, which matches the information given about his participation in the 1980s film adaptation of the Omen series.",Jon Pertwee,0,0.0,0.303030303030303,0.1865443425076453,0.39622641509433965,modular,1.0
5725fcbe271a42140099d3af,xquad.tr,"Fresno'ya Kaliforniya Orta Vadisi'nin büyük nüfus merkezlerini birleştiren ana kuzey/güney otobanı olan Devlet Karayolu 99 hizmet etmektedir. Devlet Karayolu 168, Sierra Otobanı Clovis şehrine ve Huntington Gölü'ne doğru doğuya gider. Devlet Karayolu 41 (Yosemite Otobanı/Eisenhower Otobanı) Fresno'ya güneydeki Atascadero'dan girer ve kuzeydeki Yosemite'a doğru gider. Devlet Karayolu 180 (Kings Canyon Otobanı) batıdan Mendota üzerinden ve doğudan Kings Canyon Ulusal Parkı'ndan gelir ve Reedley şehrine doğru gider.",Yosemite Otobanı'nın başka bir adı nedir?,Devlet Karayolu 41,,,,"The context states that the Yosemite Otoban is located in Fresno's Atascadero area, which was built in 1999. The question asks for another name of this Otoban, so it can be inferred that Yosemite Otoban would have been named after its location or purpose. Therefore, the correct answer is Yosemite Otoban.",,0,0.0,0.0,0.0,0.0,modular,0.0
5727515f708984140094dc12,xquad.tr,"Güney Afrika'daki en eski okullardan bazıları on dokuzuncu yüzyılın başlarında misyonerler tarafından kurulan özel kilise okullarıdır. Özel sektör o zamandan beri büyüdü. Irkçılığın ortadan kaldırılmasının ardından Güney Afrika’da özel eğitimi düzenleyen yasalar önemli ölçüde değişti. 1996 Güney Afrika Okulları Yasası iki okul kategorisini tanır: ""kamu"" (devlet kontrollü) ve ""bağımsız"" (geleneksel özel okulları ve özel olarak yönetilen okulları içeren[açıklama gerekli].)",Güney Afrika Okulları Kanunu hangi yıl geçti?,1996,1996,The passage directly mentions that '1996 Güney Afrika Okulları Yasası iki okul kategorisini tanır',The context states that 'Irkçılığın ortadan kaldırılmasının ardından Güney Afrika'da özel eğitimi düzenleyen yasalar önemli ölçüde değişti. This indicates that the year 1996 was significant in the development of special education laws in the region.,"The context states that the special category of 'kamu' was introduced in 1996, which is consistent with the information provided in the question.",1996,1,1.0,1.0,0.30181818181818176,0.3111111111111111,modular,1.0
5728e07e3acd2414000e00e9,xquad.tr,"Devrim niteliği taşımayan sivil itaatsizlik, bireysel vicdan tarafından ""yanlış"" olarak değerlendirilmesi sebebiyle kanunlara karşı basit bir itaatsizlik, ya da belirli kanunları etkisiz kılma çabalarının bir parçası olarak, bu kanunların yürürlükten kaldırılmasını sağlamak veya başka bir konuda birinin siyasi taleplerini almak için baskı yapmaktır. Devrimci sivil itaatsizlik, daha çok hükümeti devirmek için aktif bir teşebbüstür (ya da kültürel gelenekler, toplumsal adetleri, dini inançları vb. değiştirmek için...devrim siyasi olmak zorunda değildir, örneğin ""kültürel devrim"" yalnızca toplumsal dokunun bir bölümü sürükleme ve geniş kapsamlı bir değişiklik yapma anlamına gelir). Gandi'nin eylemleri, devrimci sivil itaatsizlik olarak tanımlanmıştır. Macarların Ferenc Deák idaresinde Avusturya hükümetine karşı devrimci sivil itaatsizlik gösterdiği iddia edilmiştir. Ayrıca Thoreau, “barışçıl devrim” kavramını hayata geçirerek sivil itaatsizlik ile ilgili yazdı. Howard Zinn, Harvey Wheeler ve diğerleri, bir sivil itaatsizlik ilkesi olarak, Bağımsızlık Bildirgesi'nde benimsenen, adaletsiz bir hükümeti  ""değiştirme veya kaldırma"" hakkını tanımlamışlardır.",Basit bir sivil itaatsizlik biçimi nedir?,Devrim niteliği taşımayan sivil itaatsizlik,basit bir sivil itaatsizliği,"The passage states that 'Gandi'nin eylemleri, devrimci sivil itaatsizlik olarak tanımlanmıştır'",The context provides an example of basit bir sivil itaatsizliği: 'bağımsızlık bildirgesi' deki devrimci sivil itaatsizliği.,"The context states that the definition of civil disobedience is based on the government's response to the act of deviating from the law or violating a law. It does not specify a year, so we can assume it refers to 2005 as per the given information.",basit bir sivil itaatsizliği,0,0.22222222222222224,0.5633802816901409,0.14109926168990972,0.07792207792207792,modular,1.0
56beca913aeaaa14008c946f,xquad.tr,"Normal sürenin bitimine 4:51 kala Carolina, kendi 24 yard çizgisinde bir oyun kazandıran hareketi gerçekleştirme şansı ile topa sahip oldu ve üçüncü ve dokuzuncu ile karşılaştı. Bir sonraki oyunda, Miller topu Newton'dan uzaklaştırdı ve birkaç oyuncunun dalmasından sonra geriye doğru uzun bir sıçrama aldı ve Panthers'lerin 4. yard çizgisine geri gönderen Ward tarafından 5 yarda geri gönderildi. Her ne kadar birkaç oyuncu kurtarmaya çalışmak için topluluğa dalsa da, Newton bunu yapmadı ve saldırganlık eksikliği daha sonra ona ağır eleştiriler getirdi. Bu arada, Denver'ın savunması üç oyun için bitiş bölgesinden uzak tutuldu ancak köşe vuruşunda bir penaltıyı tutarak Josh Norman, Broncos'a yeni bir takım yenilgiler tattırdı. Ardından Anderson 2 metrelik bir kale çizgisini geçiş koşusunda attı ve Manning 2 puanlık bir dönüşüm için Bennie Fowler'a pas attı ve Denver'ı 3:08 zaman kala 24-10 öne geçirdi ve aslında oyunun hakkında geldi. Carolina'nın iki hamlesi daha vardı ancak her birinde ilk yenmesini almada başarısız oldu.",Hangi Panther savunmacısı üçüncü yenilgilerinin sebebi olarak bilinir?,Josh Norman,Josh Norman,This quote directly addresses the reason why the Panthers lost their third game and ultimately won the game against the Steelers.,"The context states that 'Denver's' savunması üç oyun için bitiş bölgesinden uzak tutuldu ancak köşe vuruşunda bir penaltıyı tutarak Josh Norman, Broncos'a yeni bir takım yenilgiler tattırdı.",The context states that Josh Norman was the Panther's third defender who failed to stop the ball from being returned for a touchdown in this game. This is directly supported by the information provided in the context.,Josh Norman,1,1.0,1.0,0.17183348095659878,0.24719101123595508,modular,1.0
572a020f6aef05140015519c,xquad.tr,"Çevreciler hem ormanın yok edilmesinin yol açacağı biyoçeşitlilik kaybından hem de küresel ısınmayı hızlandırabilecek olan bitki örtüsü içinde yer alan karbonun salınımından endişe duymaktadırlar. Amazon yaprak dökmeyen ormanları dünyanın karasal birincil üretkenliğine ve ekosistemlerdeki karbon stoğunun %10'una sahiptir - bu da 1,1 × 1011 metrik ton karbon etmektedir. Amazon ormanlarının 1975 ile 1996 yılları arasında yılda hektar başına 0,62 ± 0,37 ton karbon biriktirdiği tahmin edilmektedir.",Amazon ormanında kaç metrik ton karbonun depolanmış olduğu tahmin edilmektedir?,"1,1 × 1011",,,,"The context states that Amazon's carbon footprint in 1996 was 1,1 × 10^11 tons of carbon dioxide equivalent (TCE), which is approximately 2005 metric tons of carbon dioxide equivalent (MTCO2E).",,0,0.0,0.0,0.0,0.0,modular,0.0
56beb86b3aeaaa14008c92bd,xquad.tr,"Peyton Manning,iki farklı takımı birden fazla Super Bowls'a gitmesinde önderlik eden ilk kilit oyuncu oldu. Ayrıca, 39 yaşında bir Super Bowl'da oynayan en eski oyun kurucu oldu. Geçmiş rekor, Broncos'u 38 yaşında Super Bowl XXXIII'te galibiyete götüren ve şu anda Denver'ın Futbol Operasyonları Başkan Yardımcısı ve Genel Müdür'ü olan John Elway'in ellerindeydi.","Peyton Manning, Super Bowl %0'de oynadığı zaman kaç yaşındaydı?",39,39,"Geçmiş rekor, Broncos'u 38 yaşında Super Bowl XXXIII'te galibiyete götüren ve şu anda Denver'ın Futbol Operasyonları Başkan Yardımcısı ve Genel Müdür'ü olan John Elway'in ellerindeydi.",The context states that Peyton Manning was 39 years old when he won his first Super Bowl.,"The context states that Peyton Manning won his first Super Bowl at age 39, which matches the information given in the question.",39,1,1.0,1.0,0.6717267552182163,0.11764705882352941,modular,1.0
572648e8dd62a815002e8076,xquad.tr,"1 milimetreden (0,039 in) 1,5 metreye (4,9 ft) kadar değişen boyutlarıyla taraklılar, ana hareket yöntemi olarak siliya (""kıl"") kullanan en büyük kolonyal olmayan hayvanlardır. Çoğu türün tarak dizisi denen ve vücutları boyunca devam eden, ktene adı verilen taraksı siliya grupları taşıyan sekiz dizisi vardır ve böylece siliya vurduğunda her bir tarak alttaki tarağa dokunur. ""Ktenofor"", Yunanca'da ""tarak"" anlamına gelen κτείς (kök biçimi κτεν-) ile ""taşıyan"" anlamına gelen Yunanca son ek -φορος'tan gelir ve ""tarak taşıyan"" anlamına gelir.",Taraklıların kıllarına ne denir?,siliya,,,,"The context states that the size of a tarakan is 1,5 meters (4.9 feet), which matches the information provided in the question about the size of a tarakan being 1,5 meters (4.9 feet).",,0,0.0,0.0,0.0,0.0,modular,0.0
572920d73f37b31900478056,xquad.tr,"Çocuk işçiliği Kenya'da yaygın. Çalışan çocukların çoğu tarım alanında aktif. UNICEF'in 2016 tahminlerine göre, Malindi, Mombasa, Kilifi ve Diani kıyı bölgelerindeki kız çocukların %30'a yakını fuhuşa maruz kalmakta. Kenya'daki fahişelerin çoğu 9–18 yaş arasında. Cinsiyet ve Çocuk İşleri Bakanlığı, 2009'da 400 çocuk koruma memurunu işe aldı. Çocuk işçiliğinin sebepleri arasında fakirlik, eğitime erişimin eksik olması ve zayıf devlet kurumları yer alıyor. Kenya, sanayide işgücü denetlemesiyle ilgili 81 Numaralı Sözleşmeyi ve tarımda işgücü denetlemesiyle ilgili 129 Numaralı Sözleşmeyi kabul etmiştir.",Kenya'nın kıyı bölgelerinde kız çocukların yüzde kaçı fuhuş yapmaktadır?,%30'a yakını,30%,"Malindi, Mombasa, Kilifi and Diani counties: %30 of the children work in agriculture.","The context states that %30 of the children in Malindi, Mombasa, Kilifi and Diani counties work in agriculture.","The context states that in 2016, Malindi, Mombasa, Kilifi, and Diani counties had 30% of children aged 3-18 years engaged in farming activities. This directly supports the claim that the percentage is 30%.",30%,0,0.0,0.33333333333333337,0.2021116138763197,0.08421052631578947,modular,1.0
57296f293f37b319004783a7,xquad.tr,"Asal olma (veya olmama) niteliği asallık olarak adlandırılır. Herhangi bir n sayısının basit ancak yavaş olarak asallığının doğrulanması deneme bölünmesi olarak bilinir. Deneme bölünmesi, n sayısının 2 ve kendisi arasındaki bütün tam sayıların bir katsayısı olup olmadığını denemekten oluşur. Deneme bölünmesinden çok daha fazla etkili olan algoritmalar büyük sayıların asallığını denemek için tasarlanmıştır. Bu algoritmalar, hızlı ancak az bir hata ihtimali bulunan Miller-Rabin asallık testi, polinomsal zamanda her zaman doğru cevabı veren ancak pratikte çok yavaş olan AKS asallık testini içerir. Özellikle, özel biçimlerdeki sayılar için Mersenne sayıları gibi hızlı yöntemler bulunmaktadır. Ocak 2016[güncelleme] itibarıyla, bilinen en büyük asal sayı 22.338.618 ondalık basamağa sahiptir.",Ocak 2016 itibarıyla bilinen en büyük asal sayı kaç basamaktan oluşmaktadır?,22.338.618,22.338.618,The passage directly mentions the largest known prime number as 22.338.618.,"The context states that 'Ocak 2016[itibarıyla]' refers to the largest known prime number, which is 22.338.618.","The context states that the largest known prime number is 2^74,253,701 - 1, which was found in 2018. This matches the given answer of 22,338,618.",22.338.618,1,1.0,1.0,0.14014251781472686,0.03389830508474577,modular,1.0
56f86e91aef2371900626069,xquad.tr,"Almanca yayınlara olan talebin artmakta olduğu bir zamanda yayınlanan Luther'in İncil'i, hızlı biçimde popüler ve etkili bir İncil çevirisi hâline geldi. Öyle ki, Alman dili ve edebiyatının evrimine kaydadeğer bir katkıda bulundu. Luther tarafından yazılan notlar, önsözler ve papalık karşıtı imgeler içeren, Lucas Cranach tarafından yapılan gravürlerle bezeli bu İncil, Luther'in doktrininin Almanya genelinde yayılmasında büyük çaplı bir rol oynadı. Luther İncili, Kral James İncili'nin bir öncüsü olan William Tyndale'in İngilizce İncil'i (1525'ten itibaren) gibi diğer yerel dildeki çevirileri etkiledi.",Luther'in çevirisinin popüler olması neye katkıda bulunmuştur?,Alman dili ve edebiyatının evrimine,popüler,"Luther tarafından yazılan notlar, önsözler ve papalık karşıtı imgeler içeren, Lucas Cranach tarafından yapılan gravürlerle bezeli, Luther'in doktrininin Almanya genelinde yayılmasında büyük çaplı bir rol oynadı.","The context states that Luther's Inklümi, hızlı biçimde popüler ve etkili bir İncil çevirisi hâline geldi.","The context states that Luther's Inquisition was launched in 1524, which is when the first edition of the Luther's Inquisition appeared. The question asks about its popularity, implying that the Inquisition became popular after this date. However, the context does not provide information about the popularity of the Luther's Inquisition itself, only about the popularity of the Luther's Inquisition's editions. Therefore, the answer is not directly supported by the given information.",popüler,0,0.0,0.1428571428571429,0.5188916876574308,0.21052631578947367,modular,1.0
572881d34b864d1900164a5d,xquad.tr,"Batı tıbbı, bazen huihui ya da Müslüman tıbbı olarak adlandırıldığı Yuan meclisinin Nestûrî Hristiyanları tarafından Çin'de de uygulanmıştır. Nestûrî hekim Tercüman İsa, 1963 yılında, Kubilay'ın saltanatı döneminde Batı Tıbbı Ofisini kurmuştur. İki imparatorluk hastanesinde çalışan doktorlar imparatorluk ailesi ve meclisin üyelerini tedavi etmekten sorumluydu. Çinli hekimler, hümoral sistemi, geleneksel Çin tıbbının altında yatan yin-yang ve wuxing felsefesine karşı geldiği için Batı tıbbına karşı çıkıyorlardı. Batı tıbbı çalışmalarının bilinen bir Çin tercümesi yoktur ama Çinlilerin İbn-i Sina'nın El-Kanun fi't-Tıb kitabına erişimleri olması ihtimal dahilindedir.",Çinliler Batı tıbbının hangi yönünden hoşlanmamıştır?,hümoral sistemi,Bütün Çinlileri,This quote directly addresses the issue of whether all Chinese people should be tolerant towards the Islamic culture and practices in China.,"The passage states that 'Çinli hekimler, hümoral sistemi, geleneksel Çin tıbbının altında yatan yin-yang ve wuxing felsefesine karşı geldiği için Batı tıbbına karşı çıkıyorlardı'","The context states that the Chinese government officially banned the practice of traditional Chinese medicine in 1999, which is consistent with the information provided in the question.",Bütün Çinlileri,0,0.0,0.33333333333333337,0.24142312579415504,0.3773584905660377,modular,1.0
5726577f708984140094c303,xquad.tr,"Kara Ölüm, İslam dünyasının çoğunu vurdu. Veba, İslam dünyasında 1500 ila 1850 arasında neredeyse her yıl en az bir yerde boy gösterdi. Veba defalarca Kuzey Afrika şehirlerini vurdu. Cezayirliler 1620–21 yıllarında 30 ila 50 bin kişi ve yine 1654–57, 1665, 1691 ve 1740–42 yıllarında kaybettiler. Veba, Osmanlı toplumunda  19. yüzyılın ikinci çeyreğine kadar önemli bir olay olarak kaldı. 1701 ile 1750 arasında Konstantinopolis'te otuz yedi daha büyük ve daha küçük salgınlar ve 1751-1800 arasında ek otuz bir tane daha kaydedildi. Bağdat, veba felaketlerinden ciddi bir şekilde acı çekti ve bazen nüfusunun üçte ikisi yok oldu.",Veba Osmanlı İmparatorluğu'nda ne kadar sürmüştür?,19. yüzyılın ikinci çeyreğine kadar,1500 ila 1850 arasında,This quote directly addresses the time frame of the virus's impact on the Islamic world.,"The context states that 'Veba, İslam dünyasında 1500 ila 1850 arasında neredeyse her yıl en az bir yerde boy gösterdi', which means that the virus spread in the Islamic world between the years 1500 and 1850.","The context states that the Veba lasted from 1500 to 1850, which matches the information provided in the answer.",1500 ila 1850 arasında,0,0.0,0.3214285714285714,0.16011644832605534,0.25196850393700787,modular,1.0
5733834ed058e614000b5c29,xquad.tr,"Varşova'nın ilk borsası 1817'de kuruldu ve II. Dünya Savaşı'na kadar ticaretine devam etti. Savaş sonrası ülkedeki komünist kontrolünün sona ermesinin ve serbest piyasa ekonomisinin yeniden başlatılmasının ardından 1991 Nisan ayında yeniden kuruldu. Bugün Varşova Menkul Kıymetler Borsası (WSE), birçok göstergeye göre 374 şirketin listede bulunduğu ve 31 Ağustos 2009 itibariyle 162.584 milyon Avro tutarında toplam işletme sermayesi bulunan bölgedeki en büyük pazardır. Ne gariptir ki 1991'den 2000'e kadar daha önce Polonya Birleşik İşçi Partisi'nin (PZPR) genel merkezi olarak kullanılan binada bulunuyordu.",2009 Ağustos ayında WSE'de kaç tane şirket listelenmiştir?,374,31,The passage mentions that WSE had a database of over 374 companies listed before 2000.,The context states that 'Ne gariptir ki 1991'den 2000'e kadar daha önce Polonya Birleşik İşçi Partisi'nin (PZPR) genel merkezi olarak kullanılan binada bulunuyordu'. This indicates that there were companies listed in WSE's database before 2000.,"The context states that the WSE was founded in 1991, so it is correct to say that 31 companies were listed in 2009.",31,0,0.0,0.4,0.18694362017804156,0.33043478260869563,modular,1.0
57338007d058e614000b5bdc,xquad.tr,"Varlığı süresince Varşova çok kültürlü bir şehir olmuştur. 1901 nüfus sayımına göre, 711.988 sayıdaki nüfusun % 56,2'si Katolikler, % 35,7'si Yahudi, % 5'i Yunan Ortodoks Hıristiyanları ve %2,8'i Protestanlardı. Sekiz yıl sonra 1909 yılında 281.754 Yahudi (% 36,9), 18.189 Protestan (% 2,4) ve 2.818 Mariavite (% 0,4) vardı. Bu, şehrin her yerinde yüzlerce dini ibadet yeri inşa edilmesine yol açtı. 1944'teki Varşova İsyanı sonrasında çoğu tahrip edildi. Savaştan sonra, Polonya'nın yeni komünist otoriteleri kilise inşasını caydırdı ve sadece küçük bir sayıda yeniden inşa edildi.",Varşova'nın 1901 yılındaki nüfusunun yüzde kaçı Katoliktir?,"% 56,2",56.2%,"The passage directly provides this information: '1901 nüfus sayımına göre, 711.988 sayıdaki nüfusun % 56,2'si Katolikler'","The context states that 711.988 people lived in Varşova in 1901, and out of these, 56.2% were Catholics.","The context states that the population of Varşova was 711,988 in 1901, which is 56.2% of the total population of 711,988. This directly supports the statement that it had a high percentage of Catholics.",56.2%,1,1.0,1.0,0.2584615384615384,0.06315789473684211,modular,1.0
572683f95951b619008f7526,xquad.tr,"Fielding H. Garrison gibi bazı modern bilim adamları, Müslüman fetihleri ​​sona erdikten sonra jeoloji biliminin kökeninin Pers lere kadar izlenebileceği kanısındadır. Ebu el-Rayhan el-Birûnî'nin (973-1048 Miladi Takvim) çalışmaları Hindistan alt kıtasının bir zamanlar deniz olduğu varsayımında bulunarak Hindistan jeolojisine dair en eski yazıları içeren ilk Pers jeologlarından biriydi. Müslüman fetihler tarafından tahrip edilmeyen Yunan ve Hint bilimsel literatüründen hareketle, Pers bilim adamı İbn-i Sina (İbn-i Sina, 981-1037) dağların oluşumu, depremlerin kökeni ve modern jeolojinin merkezinde yer alan diğer konular hakkında bilimin daha sonra gelişmesi için gerekli bir temel teşkil eden ayrıntılı açıklamalar öne sürdü. Çin'de, bilge Shen Kuo (1031-1095), yer oluşum süreci için bir hipotez formüle etti: okyanustan yüzlerce kilometre uzaklıktaki bir dağdaki bir jeolojik tabakada bulunan fosil hayvan kabukları gözlemine dayanarak, toprağın, dağların aşınması ve alüvyon birikimi ile oluştuğu sonucuna vardı.","Miladi Takvim 973-1048 yılları arasında yaşayan en eski Pers jeologlarından birisidir, ismi nedir?",Ebu el-Rayhan el-Birûnî,Ebu el-Rayhan el-Birûnî,The passage mentions that 'Ebu el-Rayhan el-Birûnî' wrote a book about the history of Persia and its geographical features.,The context states that 'Ebu el-Rayhan el-Birûnî' was an early Persian philosopher who lived in the 9th century.,"Ebu el-Rayhan el-Birûnî was born in 973 AD and died in 1048 AD, making him the oldest living person who lived during the reign of Miladi Takvim. Therefore, he is indeed the most ancient Persian philosopher known for his contributions to early Persian philosophy. The information provided in the context supports this claim.",Ebu el-Rayhan el-Birûnî,1,1.0,1.0,0.16515426497277674,0.027210884353741496,modular,1.0
56f86e91aef2371900626067,xquad.tr,"Almanca yayınlara olan talebin artmakta olduğu bir zamanda yayınlanan Luther'in İncil'i, hızlı biçimde popüler ve etkili bir İncil çevirisi hâline geldi. Öyle ki, Alman dili ve edebiyatının evrimine kaydadeğer bir katkıda bulundu. Luther tarafından yazılan notlar, önsözler ve papalık karşıtı imgeler içeren, Lucas Cranach tarafından yapılan gravürlerle bezeli bu İncil, Luther'in doktrininin Almanya genelinde yayılmasında büyük çaplı bir rol oynadı. Luther İncili, Kral James İncili'nin bir öncüsü olan William Tyndale'in İngilizce İncil'i (1525'ten itibaren) gibi diğer yerel dildeki çevirileri etkiledi.",Martin Luther'in zamanında revaçta olan neydi?,Almanca yayınlara,A concise answer to the question,"The passage states: 'Luther tarafından yazılan notlar, önsözler ve papalık karşıtı imgeler içeren, Lucas Cranach tarafından yapılan gravürlerle bezeli bu İncil, Luther'in doktrininin Almanya genelinde yayılmasında büyük çaplı bir rol oynadı'","The context provides information about Martin Luther's time period and his involvement in the translation of the Bible into German. It mentions that Luther published the first edition of his work 'Institutio theologiae' in 1517, which was translated into Latin and then into German. This indicates that Luther worked during the time when he was translating the Bible into German.","The context states that Luther's work was published in 1534, which is consistent with the information provided about the publication date of his 'Institutes'. The context also mentions that this work became popular and influential, further supporting its status as a significant contribution to German literature and culture. ",A concise answer to the question,0,0.0,0.2727272727272727,0.550122249388753,0.02985074626865672,modular,1.0
5727f3193acd2414000df0a5,xquad.tr,"Doktor nadiren yalnız seyahat eder ve bu maceraları paylaşmak için sıklıkla bir veya daha fazla yoldaş getirir. Onun arkadaşları genellikle insandır, çünkü o Dünya gezegenine çekicilik bulmuştur. Kötü niyetli güçlerin masum insanlara zarar vermesini veya tarihi değiştirmesini engellemeye çalıştığı için merakını uyandıran olayları sıkça bulur, yalnızca ustalığını ve çok yönlü sonik tornavidası gibi asgari kaynaklarını kullanır. Bir Zaman Efendisi olarak, Doktor, vücudu ölümcül şekilde hasar gördüğünde, yeni bir görünüm ve kişilik alarak yeniden canlanabilme yeteneğine sahiptir. Doktor, seyahatleri sırasında Dalekekler, Siberadam ve başka bir hain Zaman Lordu olan Üstat da dahil olmak üzere pek çok tekrarlayan düşman kazandı.",Doktor Kim ne sıklıkta seyahat eder?,nadiren,seyahat eder,The passage directly quotes Doktor Nadiren saying 'seyahat eder ve bu maceraları paylaşmak için',"The context states that Doktor Nadiren 'seyahat eder ve bu maceraları paylaşmak için' (He spends time talking and sharing) and also mentions that he gets along well with his friends, including 'insandır' (he likes to play with them). This indicates that Doktor Nadiren often engages in conversations and social interactions.","The context states that Doktor Nadiren is described as 'seyahat eder', which means he is constantly engaged in self-reflection or meditation. The information provided does not specify a particular year, so we cannot confirm if it was 2005 or another year. However, given the context, it's reasonable to assume that the answer might be referring to 2005 based on the timeframe mentioned.",seyahat eder,0,0.0,0.3157894736842105,0.18495684340320595,0.14965986394557823,modular,1.0
5737a25ac3c5551400e51f51,xquad.tr,"Gerilme tensörünün hesaplandığı hacim için ilgili kesit alanı nerededir. Bu biçimcilik, enine kesit alanına normal olarak etki eden kuvvetlerle (basınç tensörünün matris köşegenleri) ilgili basınç terimlerini ve enine kesit alanına paralel hareket eden kuvvetlerle (kayma dışı elemanlar) ilişkili terimleri içerir. Gerilme tensörü, çekme gerilmeleri ve kompresyonları da dahil olmak üzere tüm suşlara (deformasyonlara) neden olan kuvvetlerden sorumludur .:133–134:38-1–38-11",Yapılarda zorlanma nedenleri nelerdir?,Gerilme tensörü,A concise answer to the question,"The passage states 'gerilme tensörü, çekme gerilmeleri ve kompresyonları da dahil olmak üzere tüm suşlara (deformasyonlara) neden olan kuvvetlerden sorumludur'","The context provides information about the properties of the Gerilme tensör, which includes its ability to cause deformation and compression. It also mentions that these effects can be caused by various factors such as compressions, deformations, and changes in material properties.","The context states that the 'Gerilme tensörünün hesaplandığı hacim için ilgili kesit alanı nerededir. Bu biçimcilik, enine kesit alanına normal olarak etki eden kuvvetlerle (basınç tensörünün matris köşegenleri) ilgili basınç terimlerini ve enine kesit alanına paralel hareket eden kuvvetlerle (kayma dışı elemanlar) ilişkili terimleri içerir. Gerilme tensörü, çekme gerilmeleri ve kompresyonları da dahil olmak üzere tüm suşlara (deformasyonlara) neden olan kuvvetlerden sorumludur. ",A concise answer to the question,0,0.0,0.2857142857142857,0.4909390444810544,0.020833333333333332,modular,1.0
5726acc1f1498d1400e8e6cd,xquad.tr,"Camuka ve Temuçin'in arasındaki arkadaşlık bağları kopunca, her biri güç toplamaya başladı ve kısa bir süre sonra rakip oldular. Camuka, geleneksel Moğol aristokrasisini desteklerken, Temuçin meritokratik bir yöntem izleyerek daha geniş, ancak daha düşük sınıftan bir kitle oluşturdu. Merkitleri daha önce yenilgiye uğratmış olması ve şaman Kokochu'nun Ebedi Mavi Gökyüzü'nün dünyayı Temuçin'e adadığını ilan etmesiyle birlikte, Temuçin iktidara yükselmeye başladı. 1186'da, Temuçin Moğol hanı seçildi. Ancak, Temuçin'in hızlı yükselişiyle tehdit altında kalan Camuka, Temuçin'in hırslarının önüne geçmek için hemen harekete geçti. 1187'de eski arkadaşına karşı otuz bin askeri birlikten oluşan ordusuyla bir saldırı başlattı. Temuçin, saldırıya karşı savunmak için kitlesini apar topar bir araya getirdi, ancak Dalan Balcut Savaşı'nda net bir yenilgi aldı. Camuka insanları oldukça dehşete düşürdü ve yetmiş genç erkek tutsağı kazanlarda diri diri kaynatarak, potansiyel kitlesinin çoğunu uzaklaştırarak ve Temuçin'e sempati uyandırarak imajına zarar verdi. Temuçin'in koruyucusu olan Tuğrul, Karahıtay'a sürgüne gönderildi. Gelecek on yıl için Temuçin'in hayatı çok net değil, çünkü tarihi kayıtlar o dönemde çoğunlukla yetersiz kalıyor.","Temuçin, han olarak seçildikten kısa bir süre sonra Camuka'ya karşı hangi savaşı kaybetti?",Dalan Balcut Savaşı'nda,Aconcak,This quote directly addresses the question of what event occurred between Temuçin's ascension and his first confrontation with Camuka in 1187.,"The context states that '1187'de eski arkadaşına karşı otuz bin askeri birlikten oluşan ordusuyla bir saldırı başlattı. Temuçin, saldırıya karşı savunmak için kitlesini apar topar bir araya getirdi, ancak Dalan Balcut Savaşı'nda net bir yenilgi aldı.","The context states that Temuçin's Han seçimi 1186'ten sonra Camuka'ya karşı saldırılar yaptı. The answer mentions that this occurred in 1187, which is consistent with the information provided in the context.",Aconcak,0,0.0,0.27586206896551724,0.16567164179104477,0.32487309644670054,modular,1.0
5727cc15ff5b5019007d9576,xquad.tr,"Harvard Business School ve Harvard Stadyumu da dahil olmak üzere üniversitenin atletizm tesislerinin çoğu, Allston'daki Cambridge kampüsünün karşısındaki 358 dönümlük (145 hektar) kampüste yer almaktadır. John W. Weeks Köprüsü, her iki kampüsü birbirine bağlayan Charles Nehri üzerindeki yaya köprüsüdür. Harvard Tıp Okulu, Harvard Diş Hekimliği Okulu ve Harvard Halk Sağlığı Okulu, Boston şehir merkezinin yaklaşık 3,3 mil (5.3 km) güneybatısında ve Cambridge kampüsünün 3,3 mil (5,3 km) güneyinde, Longwood Tıp ve Akademik Alanında 21 dönümlük (8,5 hektarlık) bir kampüste konumlanmaktadır.",Harvard Stadyumu nerededir?,Allston'daki,Boston,This sentence directly addresses the location of Harvard Stadyumu in the given context.,The context explicitly states that Harvard Stadyumu 'da dahil olmak üzere üniversitenin atletizm tesislerinin çoğu Cambridge kampüsünün karşısındaki 358 dönümlük (145 hektar)'dır.,"The context states that Harvard Stadyumu was founded in 1999, while the answer provides the year as 2005. This discrepancy suggests that the information may be outdated or incorrect.",Boston,0,0.0,0.4705882352941176,0.19722650231124805,0.3168316831683169,modular,1.0
5728349dff5b5019007d9f00,xquad.tr,"Amazon yağmur ormanı (Portekizce: Floresta Amazônica veya Amazônia; İspanyolca: Selva Amazónica, Amazonía veya genellikle Amazonia; Fransızca: Forêt amazonienne; Hollandaca: Amazoneregenwoud) İngilizce'de aynı zamanda Amazonia veya Amazon Jungle olarak da bilinir ve Güney Amerika'nın Amazon havzasının çoğunu kaplayan bir nemli geniş yapraklı ormanıdır. Bu havza 7.000.000 kilometre karelik alanı kaplamaktadır (2.700.000 mil kare) ve bunun 5.500.000 kilometre karesi (2.100.000 mil kare) yağmur ormanıyla kaplıdır. Bu bölge dokuz ulusa ait toprakları içermektedir. Ormanın çoğu yağmur ormanının %60'ı ile Brezilya sınırları içindedir, ardından %13 ile Peru, %10 ile Kolombiya, ve daha az oranlarla Venezuela, Ekvador, Bolivya, Guyana, Surinam ve Fransız Guyanası gelir. Dört ülkenin eyalet veya il isimlerinde ""Amazonas"" geçmektedir. Amazon gezegenin mevcut yağmur ormanlarının yarıdan fazlasını temsil etmektedir ve dünyadaki en büyük ve en çok biyoçeşitliliğe sahip tropik yağmur ormanı alanını içermektedir ve buna 16.000 türe ayrılan 390 milyar ağaç dahildir.",Amazon yağmur ormanının büyük çoğunluğu hangi ülkede bulunmaktadır?,Brezilya,Brezilya,The text mentions that 'Amazon gezegenin mevcut yağmur ormanlarının yarıdan fazlasını temsil etmektedir',"The passage states that 'Bu bölge dokuz ulusa ait toprakları içermektedir', which indicates that most of the Amazon's territory is located in Brazil.","The context states that the area of Amazon's main forest in Brazil is 60% of its total land area, which aligns with the information provided about the percentage of Amazon's area covered by the Amazon rainforest in Brezilya. ",Brezilya,1,1.0,1.0,0.17336907953529934,0.0875,modular,1.0
57280f0d3acd2414000df35d,xquad.tr,"Programın ilk dizisi, Doğaüstü bir Çocuk, Doktor'un bir torunu olduğunu gösterir, Susan Foreman. 1967 serisinde, Siberadam'ın Mezarı, Victoria Waterfield, Doktor'un “çok eski olması” nedeniyle ailesini hatırlayabileceğinden şüphe ettiğinde, Doktor istediği zaman yapabildiğini söylüyor -""Kalan zaman aklımda uyuyorlar "". 2005 serisi, Dokuzuncu Doktor'un hayatta kalan en son Zaman Lordu olduğunu düşündüğünü ve onun ev gezegeninin tahrip edildiğini; ortaya koyuyor; ""Boş Çocuk"" (2005) 'da Dr. Constantine, ""Savaş başlamadan önce, bir baba ve büyükbaba olduğunu, şimdi ikisi de olmadığını"" söylüyor. Doktor cevap olarak belirtiyor ki “Evet, hissi biliyorum.” ""Smith ve Jones'ta"" (2007), erkek kardeşi olup olmadığı sorulduğunda, “Hayır, artık değil” diye cevap verdi. Hem ""Onu Korkut"" (2006) hem de ""Doktorun Kızı"" nda (2008), geçmişte bir baba olduğunu belirtiyor.","Hangi yılda Doktor, son Zaman Lordu olduğunu kim söyledi?",2005 serisi,,,,"The context states that in 2005, Doktor Cevap olarak belirtiyor ki 'Evet, hissi biliyorum.' 'Smith ve Jones'ta' (2007), erkek kardeşi olup olmadığı sorulduğunda, 'Hayır, artık değil' diye cevap verdi. Hem 'Onu Korkut' (2006) hem de 'Doktorun Kızı' nda (2008), geçmişte bir baba olduğunu belirtiyor. This information directly supports the claim made in the question about Doktor's statement about being a son of the deceased Doctor.",,0,0.0,0.0,0.0,0.0,modular,0.0
572a005f1d046914007796b8,xquad.tr,"Soya çiftçilerinin ihtiyaçları, şu anda Amazon'da geliştirilmekte olan birçok tartışmalı ulaşım projesini gerekçelendirmek için kullanılmıştır. İlk iki otoban başarılı biçimde yağmur ormanında açılmış ve daha fazla yerleşime ve orman kaybına sebep olmuştur. 2000 ile 2005 yılları arasında ortalama yıllık orman kaybı oranı (yıllık 22,392 km2 veya 8,646 mil kare), önceki beş yıla kıyasla %18 daha yüksektir (yıllık 19,018 km2 veya 7,343 mil kare). Orman kaybı 2004 ve 2014 yılları ararsında Brezilya Amazonu'nda önemli biçimde azalsa da günümüze kadar bir artış olmuştur.",Amazon yağmur ormanında otobanların yapılması neye yol açmıştır?,daha fazla yerleşime ve orman kaybına,Amazon yağmur ormanında otobanların yapılması,"The passage mentions that soyacılık etkinlikleri, Amazon'da geliştirilmekte olan birçok tartışmalı ulaşım projesi.","The context states that soyacılık etkinlikleri, Amazon'da geliştirilmekte olan birçok tartışmalı ulaşım projesi gerekçelendirmek için kullanılmıştır.","The context states that the first two Otobans were successful in achieving their goals of increasing the number of people who could access the Amazon region's agricultural land due to favorable conditions such as better soil quality and increased rainfall. The increase in the number of people accessing the Amazon has led to significant growth in agriculture, which is evident from the information provided about the percentage increase in the number of people accessing the Amazon region's agricultural land over time.",Amazon yağmur ormanında otobanların yapılması,0,0.0,0.41463414634146345,0.23903177004538578,0.18750000000000003,modular,1.0
5728eef92ca10214002daab1,xquad.tr,"Bazen kovuşturma, sanıklara suçu kabul etmeleri karşılığında hafif suç sayılması ve hapis cezası almama fırsatı sunulan Camden 28 davasında olduğu gibi, sivil itaatsizlere bir itiraf pazarlığı önerisinde bulunur. Bazı toplu tutuklama durumlarında, aktivistler herkes için aynı itiraf pazarlığını güvence altına almak için dayanışma taktiklerini kullanmaya karar verir. Ancak bazı aktivistler, herhangi bir itiraf anlaşması yapmadan suçu kabul ettikleri kör itiraf seçeneğini tercih etti. Mahatma Gandi suçunu kabul etti ve mahkemeye, ""...kanunda açık bir şekilde suç olarak belirtilen şey için bana yüklenebilecek olan en yüksek cezaya içimden gelerek boyun eğiyorum ve bunun bir vatandaşın en önemli vazifesi olduğunu düşünüyorum."" dedi.",Bir itiraf pazarlığında bulunurken amaç genellikle nedir?,hapis cezası almama,Bu itiraf pazarlığında bulunurken,The passage mentions that some activists seek advice on how to handle controversial situations in order to avoid conflict and maintain peace.,Context provides an example of a situation where someone seeks advice on how to handle controversial situations in order to avoid conflict and maintain peace.,"The context states that Camden 28 was held in 2005, while the answer suggests it was held in 1999. This discrepancy indicates that the context is based on an earlier year than the provided information.",Bu itiraf pazarlığında bulunurken,0,0.0,0.2692307692307693,0.22351571594877762,0.0,modular,1.0
57296f293f37b319004783a6,xquad.tr,"Asal olma (veya olmama) niteliği asallık olarak adlandırılır. Herhangi bir n sayısının basit ancak yavaş olarak asallığının doğrulanması deneme bölünmesi olarak bilinir. Deneme bölünmesi, n sayısının 2 ve kendisi arasındaki bütün tam sayıların bir katsayısı olup olmadığını denemekten oluşur. Deneme bölünmesinden çok daha fazla etkili olan algoritmalar büyük sayıların asallığını denemek için tasarlanmıştır. Bu algoritmalar, hızlı ancak az bir hata ihtimali bulunan Miller-Rabin asallık testi, polinomsal zamanda her zaman doğru cevabı veren ancak pratikte çok yavaş olan AKS asallık testini içerir. Özellikle, özel biçimlerdeki sayılar için Mersenne sayıları gibi hızlı yöntemler bulunmaktadır. Ocak 2016[güncelleme] itibarıyla, bilinen en büyük asal sayı 22.338.618 ondalık basamağa sahiptir.",Büyük sayıların asallığını uygun şekilde denemekte kullanışlı olan diğer algoritmanın adı nedir?,AKS asallık testini,Miller-Rabin asallık testi,"Miller-Rabin asallık testi, hızlı ancak az bir hata ihtimali bulunan algoritmalar, büyük sayıların asallığını denemek için tasarlanmıştır.","The context states that 'Deneme bölünmesi, n sayısının 2 ve kendisi arasındaki bütün tam sayıların bir katsayısı olup olmadığını denemekten oluşur. Deneme bölünmesinden çok daha fazla etkili olan algoritmalar büyük sayıların asallığını denemek için tasarlanmıştır. Bu algoritmalar, hızlı ancak az bir hata ihtimali bulunan Miller-Rabin asallık testi, polinomsal zamanda her zaman doğru cevabı veren ancak pratikte çok yavaş olan AKS asallık testini içerir.","The context states that the Miller-Rabin algorithm is used for asal olma (veya olmama) nitelikleri, while the answer mentions 2005 as the year of its introduction.",Miller-Rabin asallık testi,0,0.3333333333333333,0.6818181818181819,0.26344676180021953,0.7108433734939759,modular,1.0
5725cc38ec44d21400f3d5bd,xquad.tr,"Avrupa Birliği'ni oluşturan birincil Antlaşmalar önce kömür ve çelik için, daha sonra atom enerjisi için ortak kurallarla başladı, ama daha eksiksiz ve resmi kurumlar 1957'deki Roma Antlaşması ve 1992'deki Maastricht Antlaşması'yla kuruldu (şimdi: TFEU). 1960'lar ve 1970'lerde küçük değişiklikler yapıldı. 1986 Avrupa Tek Senedi'yle tek ve dahili bir pazarın gelişiminin tamamlanması, 1997'deki Amsterdam Antlaşması'yla daha sosyal bir Avrupa'nın gelişiminin ilerletilmesi ve 2001 Nice Antlaşması ve 2007 Lizbon Antlaşması'yla AB kurumlarında üye devletlerin nisbi güçlerine küçük değişiklikler yapılması için büyük değişiklik antlaşmaları imzalandı. Kuruluşundan beri, 1972 yılında Birleşik Krallık, İrlanda, Danimarka ve Norveç'ten (gerçi Norveç sonunda katılmadı), 1979'da Yunanistan'a, 1985'te İspanya ve Portekiz'den 1994'te Avusturya, Finlandiya, Norveç ve İsveç'e (ancak yine Norveç referandumda destek bulunamaması nedeniyle katılamadı), 2004'te Çek Cumhuriyeti, Kıbrıs, Estonya, Macaristan, Letonya, Litvanya, Malta, Polonya, Slovakya ve Slovenya'dan 2007'de Romanya ve Bulgaristan'a ve 2013'te Hırvatistan'a kadar daha fazla üye ülke bir dizi katılım antlaşmasıyla katıldı. Grönland, 1985 yılında bir Antlaşma imzalayarak özel statü kazandı.",Hangi yıllarda İspanya ve Portekiz Avrupa Birliği'ne katıldı?,1985'te,1985,The passage directly mentions this year in the context.,The context states that '1985'te İspanya ve Portekiz'den Avrupa Birliği'ye katıldı.,"The context states that in 1985, Spain and Portugal joined the European Union (EU). The answer provides this information as 1985, which matches the year mentioned in the context.",1985,0,0.0,0.8,0.07240547063555913,0.07272727272727274,modular,1.0
57264b3edd62a815002e80ac,xquad.tr,"﻿Tıp bilgisi Ortaçağ'da duraksamıştı. O dönemlerdeki en yetkili rivayet, Paris'teki tıp fakültesinden, 1345'te ""havada büyük bir öldürücü salgın""a neden olan üç gezegenin bir araya gelmesi şeklinde gökleri suçlayan Fransa Kralı'na  ait bir raporda geldi. Bu rapor, hastalara tavsiyelerde bulunmaya çalışan bir dizi veba hastalığının ilk ve en çok dağıtılanı oldu. Vebaya kötü havanın neden olduğu en yaygın kabul gören teori haline geldi. Bugün, bu Miasma teorisi olarak bilinir. 'Veba' sözcüğü şu anda özel bir öneme sahip değildi ve yalnızca Orta Çağ'da ortaya çıkan salgınların tekrarlanması ona tıbbi terim haline gelen adı verdi.","Veba yayılmasının ardındaki daha yeni, daha yaygın olarak kabul edilen teori nedir?",Vebaya kötü havanın neden olduğu,Miasma teorisi,The passage mentions that 'veba' was once considered a special threat in Orta Çağ but only became widespread when it appeared again in the region.,The passage states that 'veba' (virus) was once considered a special threat in Orta Çağ but only became widespread when it appeared again in the region.,"The context states that the 'Miasma' theory was introduced in 1999, while the answer provides the year as 2005. This discrepancy suggests that the given information may be incorrect or outdated.",Miasma teorisi,0,0.0,0.26086956521739135,0.26168224299065423,0.034782608695652174,modular,1.0
5726847f708984140094c8ae,xquad.tr,"Lindisfarne güçlü bir Tyneside bağlantısı olan bir folk-rock grubudur. En ünlü şarkıları ""Tyne'de Sis"" (1971), 1990'da Geordie'den eski futbolcu Paul Gascoigne tarafından yazılmıştır.  Çoğu kişi tarafından black metalin yaratıcısı olarak kabul edildi ve ekstrem metal sahnesine bir bütün olarak son derece etkili olan Venom, 1979'da Newcastle'da kuruldu. Genellikle ilk folk metal grubu olarak kabul edilen Skyclad folk metal grubu, Martin Walkyier'in thrash metal grubu Sabbat'ın dağılmasından sonra da Newcastle'da kuruldu. Duran Duran 'ın eski baş gitaristi Andy Taylor, 1961'de burada doğdu. Brian Johnson, AC/DC'nin baş vokalisti olmadan önce yerel rock grubu Geordie'nin bir üyesiydi.",Hangi grup ilk folk metal grubu olarak kabul edilir?,Skyclad,Skyclad folk metal grubu,"The passage mentions that Duran Duran 'invented' folk metal in Newcastle, UK.",The context states that Duran Duran was the first folk metal group to be recognized and considered a folk metal band in England.,"The context states that Skyclad folk metal group was formed in 1990, which is consistent with the information provided about Venom's formation in 1979.",Skyclad folk metal grubu,0,0.4,0.4516129032258065,0.17260273972602735,0.10526315789473684,modular,1.0
572a04d51d046914007796cd,xquad.tr,"Buna karşılık, uyanıklık dönemlerinde, farklı patojenlere karşı etkili bir tepki ortaya çıkarmak için, sitotoksik doğal öldürücü hücreler ve CTL'ler (sitotoksik T lenfositleri) gibi farklılaştırılmış efektör hücreler maksimum seviyeye çıkar. Uyanık aktif zamanlarda, kortizol ve katekolaminler gibi iltihap önleyici moleküller de tepe noktasına ulaşır. Proinflamatuar durumun neden uyku zamanına mahsus olduğuna dair iki teori vardır. Birincisi, iltihap, uyanma saatlerinde meydana gelirse ciddi bilişsel ve fiziksel bozulmalara neden olur. İkinci olarak,uyku sürelerinde melatonin varlığı nedeniyle  iltihap oluşabilir. İltihaplanma çok fazla oksidatif strese neden olur ve uyku zamanlarında melatonin varlığı bu süre zarfında aktif olarak  serbest radikal üretimini önleyebilir.",Uyanma periyodunda en yüksek olan farklılaştırılmış efektör hücrelerin örnekleri nelerdir?,sitotoksik doğal öldürücü hücreler ve CTL'ler (sitotoksik T lenfositleri),sitotoksik doğal öldürücü hücreler,The passage directly mentions sitotoksik doğal öldürücü hücreler and CTL (sitotoksik T lenfositleri) in relation to uyanıklık dönemlerinde.,"The context states that 'uyanıklık dönemlerinde, farklı patojenlere karşı etkili bir tepki ortaya çıkarmak için, sitotoksik doğal öldürücü hücreler ve CTL'ler (sitotoksik T lenfositleri)' maliyetli.","The context states that the highest concentration of different stabilizing effecters in the blood during inflammatory periods is around 1999, which aligns with the information provided in the question.",sitotoksik doğal öldürücü hücreler,0,0.6153846153846153,0.6538461538461539,0.2566964285714286,0.33333333333333337,modular,1.0
5733a32bd058e614000b5f32,xquad.tr,"Yerel rakipleri Polonya Varşova, daha az destekçiye sahip ancak 2000 yılında Ekstraklasa Şampiyonasını kazanmayı başardılar. Ayrıca 1946'da ülke şampiyonluğunu kazandı ve ayrıca kupayı iki kez kazandı. Polonya'nın sahası Konwiktorska Caddesi'nde, Eski Kent'e 10 dakikalık yürüme mesafesinde yer almaktadır. Polonya, feci finansal durumları nedeniyle ülkenin en üst liginden 2013'te çekildi. Şu anda Ulusal - Polonya Futbol Federasyonu (PZPN) yapısındaki en alt profesyonel lig olan 4. ligde (Polonya'da 5. seviye) oynuyorlar.",2000 yılında Ekstraklasa Şampiyonası'nı kim kazanmıştır?,Polonya Varşova,Polonya,The passage directly mentions that Polonya won the Ekstraklasa Şampiyonası in 2000.,"The context states that 'Polonya Varşova, daha az destekçiye sahip ancak 2000 yılında Ekstraklasa Şampiyonasını kazanmayı başardılar'","The context states that Polonya won the Ekstraklasa Şampiyonası in 2000, which matches the information given in the question.",Polonya,0,0.6666666666666666,0.6363636363636364,0.1968911917098446,0.30952380952380953,modular,1.0
5727de862ca10214002d9862,xquad.tr,"Politikacılar: BM Genel Sekreteri Ban Ki-moon; Amerikan politik liderleri John Hancock, John Adams, John Quincy Adams, Rutherford B. Hayes, Theodore Roosevelt, Franklin D.Roosevelt, John F. Kennedy, Al Gore, George W. Bush ve Barack Obama; Şili Cumhurbaşkanı Sebastián Piñera; Kolombiya Cumhurbaşkanı Juan Manuel Santos; Kosta Rika Cumhurbaşkanı José María Figueres; Meksika Cumhurbaşkanları Felipe Calderón, Carlos Salinas de Gortari ve Miguel de la Madrid; Moğolistan Cumhurbaşkanı Tsakhiagiin Elbegdorj; Peru Cumhurbaşkanı Alejandro Toledo; Tayvan Cumhurbaşkanı Ma Ying-jeou; Kanada Genel Valisi David Lloyd Johnston; Hindistan Parlamentosu Üyesi Jayant Sinha; Arnavutluk Başbakanı Fan S. Noli; Kanada Başbakanı Mackenzie King ve Pierre Trudeau; Yunanistan Başbakanı Antonis Samaras; İsrail Başbakanı Benjamin Netanyahu; eski Pakistan Başbakanı Benazir Butto; ABD Konut ve Kentsel Kalkınma Sekreteri Shaun Donovan; Kanadalı siyasi lider Michael Ignatieff; Pakistanlı İl Meclisi Üyeleri Murtaza Butto ve Sanam Butto; Bangladeş Maliye Bakanı Abul Maal Abdul Muhith; Puntland Başkanı Abdiweli Mohamed Ali; ABD Avrupa Birliği Büyükelçisi Anthony Luzzatto Gardner.",Harvard'a giden Kosta Rika Cumhurbaşkanı kimdir?,José María Figueres,Juan Manuel Santos,Juan Manuel Santos was mentioned as the President of Colombia in the given list.,"The context provides information about various political leaders including those in Colombia, Peru, and Mexico. It mentions that Juan Manuel Santos was the President of Colombia from 2006 to 2010.","The context states that Juan Manuel Santos was the former President of Colombia from 2002 to 2006, which is consistent with the information provided in the question about Kosta Rika's presidency in 2005. ",Juan Manuel Santos,0,0.0,0.3783783783783784,0.11538461538461542,0.0446927374301676,modular,1.0
572685cd5951b619008f7576,xquad.tr,"Victoria ve Albert Müzesi'nin kökleri, müzenin ilk müdürü Henry Cole'un planlamaya katıldığı 1851'deki Büyük Sergide; ilk başta Mayıs 1852'de Marlborough House'da açılan ancak Eylül ayında Somerset House'a taşınmış İmalat Müzesi olarak biliniyordu. Bu aşamada koleksiyonlar hem uygulamalı sanatı hem de bilimi kapsıyordu. Koleksiyonun özünü oluşturmak için sergiden sergilenen birkaç eser satın alındı. 1854 Şubat'ına gelindiğinde müzeyi mevcut bölgeye transfer etmek için tartışmalar başlatıldı ve Güney Kensington Müzesi olarak yeniden adlandırıldı. 1855 yılında, Alman mimar Gottfried Semper, Cole'un talebi üzerine, müze için bir tasarım üretti fakat Ticaret Kurulu tarafından çok pahalı olarak reddedildi. Bölge, Brompton Park House tarafından işgal edildi; bu, 1857 yılında açılan ilk canlandırma odaları da dahil olmak üzere genişletildi; müze, dünyada böyle bir tesis sağlayan ilk şehir olmuştur.",Victoria ve Albert Müzesi Marlborough Evi'ndeki orijinal konumundan nereye taşınmıştır?,Somerset House,Ammarete,The passage mentions that 'Koleksiyonun özünü oluşturmak için sergiden sergilenen birkaç eser satın alındı',The context states that Victoria and Albert Museum's original location was in Marlborough House.,"The context states that Victoria and Albert Museum's original location was Marlborough House in London, which is located in Berkshire, England. The answer provides the year 2005 as the correct date for the museum's opening, which matches the information given in the context.",Ammarete,0,0.0,0.4545454545454546,0.2038735983690112,0.06015037593984962,modular,1.0
57268e2bf1498d1400e8e3b2,xquad.tr,"Avrupa Birliği'ni oluşturan birincil Antlaşmalar önce kömür ve çelik için, daha sonra atom enerjisi için ortak kurallarla başladı, ama daha eksiksiz ve resmi kurumlar 1957'deki Roma Antlaşması ve 1992'deki Maastricht Antlaşması'yla kuruldu (şimdi: TFEU). 1960'lar ve 1970'lerde küçük değişiklikler yapıldı. 1986 Avrupa Tek Senedi'yle tek ve dahili bir pazarın gelişiminin tamamlanması, 1997'deki Amsterdam Antlaşması'yla daha sosyal bir Avrupa'nın gelişiminin ilerletilmesi ve 2001 Nice Antlaşması ve 2007 Lizbon Antlaşması'yla AB kurumlarında üye devletlerin nisbi güçlerine küçük değişiklikler yapılması için büyük değişiklik antlaşmaları imzalandı. Kuruluşundan beri, 1972 yılında Birleşik Krallık, İrlanda, Danimarka ve Norveç'ten (gerçi Norveç sonunda katılmadı), 1979'da Yunanistan'a, 1985'te İspanya ve Portekiz'den 1994'te Avusturya, Finlandiya, Norveç ve İsveç'e (ancak yine Norveç referandumda destek bulunamaması nedeniyle katılamadı), 2004'te Çek Cumhuriyeti, Kıbrıs, Estonya, Macaristan, Letonya, Litvanya, Malta, Polonya, Slovakya ve Slovenya'dan 2007'de Romanya ve Bulgaristan'a ve 2013'te Hırvatistan'a kadar daha fazla üye ülke bir dizi katılım antlaşmasıyla katıldı. Grönland, 1985 yılında bir Antlaşma imzalayarak özel statü kazandı.",Avrupa Tek Senedi ne zaman yapıldı?,1986,1960'lar ve 1970'lerde küçük değişiklikler yapıldı.,The text mentions that '1960'lar ve 1970'lerde küçük değişiklikler yapıldı',"The passage states that '1960'lar ve 1970'lerde küçük değişiklikler yapıldı', which indicates that there were significant changes in the constitution of the European Union during this period.","The context states that '1960' and '1970' were years of small changes, while the answer mentions 2005 as the year when Grönland became an independent state.",1960'lar ve 1970'lerde küçük değişiklikler yapıldı.,0,0.0,0.11538461538461542,0.102929532858274,0.06703910614525141,modular,1.0
57296f293f37b319004783a4,xquad.tr,"Asal olma (veya olmama) niteliği asallık olarak adlandırılır. Herhangi bir n sayısının basit ancak yavaş olarak asallığının doğrulanması deneme bölünmesi olarak bilinir. Deneme bölünmesi, n sayısının 2 ve kendisi arasındaki bütün tam sayıların bir katsayısı olup olmadığını denemekten oluşur. Deneme bölünmesinden çok daha fazla etkili olan algoritmalar büyük sayıların asallığını denemek için tasarlanmıştır. Bu algoritmalar, hızlı ancak az bir hata ihtimali bulunan Miller-Rabin asallık testi, polinomsal zamanda her zaman doğru cevabı veren ancak pratikte çok yavaş olan AKS asallık testini içerir. Özellikle, özel biçimlerdeki sayılar için Mersenne sayıları gibi hızlı yöntemler bulunmaktadır. Ocak 2016[güncelleme] itibarıyla, bilinen en büyük asal sayı 22.338.618 ondalık basamağa sahiptir.",N sayısının asallığını doğrulayan işlemin adı nedir?,deneme bölünmesi,asallık,The passage mentions that asallık is used for determining if a number is prime and explains its significance in the context of asal olma.,The context provides an explanation of what asallık means in relation to the concept of asal olma (ve ma). It states that asallık is the process of determining whether a number is prime using the basic properties of numbers.,The context states that asal olma (veya olmama) niteliği asallık olarak adlandırılır. It mentions that this is a strict evaluation of the provided information.,asallık,0,0.0,0.08695652173913049,0.2254143646408839,0.07299270072992702,modular,1.0
57309ef18ab72b1400f9c603,xquad.tr,"Kapitalizm, aristokrasi ve emperyalizm arasındaki ilişki, tarihçiler ve politik teorisyenler arasında uzun süredir tartışılmaktadır. Tartışmaların çoğu J.A. Hobson (1858-1940), Joseph Schumpeter (1883-1950), Thorstein Veblen (1857-1929) ve Norman Angell (1872-1967) gibi teorisyenlerin öncülüğünde yapıldı. Bu Marksist olmayan yazarlar I. Dünya Savaşı'ndan önce en üretken iken, savaşlar arası yıllarda aktif kaldılar. Kombine çalışmaları, emperyalizm ve Avrupa’ya etkilerini araştırmanın yanı sıra, 1950'lerden itibaren ABD’deki askeri-politik kompleksin yükselişine dair düşüncelere katkıdabulundu. Hobson, yerel sosyal reformların uluslararası emperyalizm hastalığını ekonomik temelini kaldırarak iyileştirebileceğini savundu. Hobson, vergilendirme yoluyla devlet müdahalesinin daha geniş tüketimi artıracağı, zenginlik yaratabileceği ve barışçıl, hoşgörülü, çok kutuplu bir dünya düzenini teşvik edebileceği teorisini ortaya koydu.","Hobson, emperyalizmin uluslararası bir ne olduğunu savundu?",hastalığını,emperyalizm,"I. Dünya Savaşı'nda, emperyalizm ve Avrupa'daki etkileri araştırırken, Hobson'in görüşleriyle ilgili bilgiye dayanan verilen fakat emperyalizm ve Avrupa'ya etkilerini araştırmayı tamamen konusunda yapmış olmakla birlikte, bu durumda emperyalizm ile uluslararası bir ilişkiye bakıldığında, emperyalizm ve Avrupa'ya etkilerini araştırmanın yanı sıra, emperyalizm ve Avrupa'ya etkilerini araştırmanın yanı sıra, 1950'lerden itibaren ABD'deki askeri-politik kompleksin yükselişine dair düşüncelere katkıdabulundu.","The context states that 'Marksist olmayan yazarlar I. Dünya Savaşı'ndan önce en üretken iken, savaşlar arası yıllarda aktif kaldılar. Kbine, emperyalizm ve Avrupa'ya etkilerini araştırmanın yanı sıra, 1950'lerden itibaren ABD'deki askeri-politik kompleksin yükselişine dair düşüncelere katkıdabulundu.","The context states that Hobson's work was published in 1999, which is consistent with the information provided about the publication date of his book 'Empericalism'.",emperyalizm,0,0.0,0.18181818181818177,0.43916486681065514,0.44927536231884063,modular,1.0
5726da89dd62a815002e92b3,xquad.tr,"İngiltere'de bir Eczane Teknisyeni sağlık hizmetleri uzmanı olarak kabul edilir ve genellikle bir eczacının doğrudan gözetimi altında çalışmaz (bir hastane eczanesinde çalışıyorsa), ancak bunun yerine diğer kıdemli eczane teknisyenleri tarafından denetlenir ve yönetilir. İngiltere'de eczane teknisyenlerinin rolü artmış ve eczacıların ilaç danışmanları olarak hastalarla daha fazla vakit geçirerek uzmanlık alanlarına ve araştırmalara yoğunlaşmalarına olanak sağlayacak şekilde eczane departmanını ve eczane uygulamalarındaki uzmanlık alanlarını yönetme sorumluluğu kendilerine bırakılmıştır. Diplomalı bir eczane teknisyeni, Genel Eczacılık Konseyi'ne (GPhC) uzman olarak kayıt yaptırmak zorundadır. GPhC, eczane sağlık hizmetleri uzmanlarının yönetim organıdır ve eczacıların ve eczane teknisyenlerinin uygulamalarını düzenler.",Bir eczane teknisyeni hangi kuruma kayıt yaptırmalıdır?,Genel Eczacılık Konseyi'ne (GPhC),Genel Eczacılık Konseyi,This quote directly addresses the question and provides the name of the organization where an eczane technician can be registered.,"The context states that 'Diplomalı bir eczane teknisyeni, Genel Eczacılık Konseyi' uzman olarak kayıt yaptırmak zorundadır.",The context states that the Eczane Department of General Council of Health (GPhC) is responsible for registering eczane technicians. The answer provided matches this information exactly.,Genel Eczacılık Konseyi,0,0.5714285714285715,0.8679245283018868,0.20342612419700212,0.2018348623853211,modular,1.0
572fcc43b2c2fd140056847f,xquad.tr,"Saklı konular, İskoç Parlamentosu’nun yasama yetkisi dışında bulunan hususları içerir. İskoç Parlamentosu saklı olan konular hakkında yasama yetkisini kullanamaz ve bu konular Westminster’da (ve Birleşik Krallık Hükümeti bakanları’nın idari işlevlerinin bulunduğu yerlerde) ele alınır. Bu konular, kürtaj, yayıncılık ilkesi, sivil hizmet, BK ürün ve hizmetleri için ortak pazarlar, anayasa, elektrik, kömür, akaryakıt, gaz, nükleer enerji, savunma ve milli güvenlik, uyuşturucu politikası, istihdam, dış politika ve Avrupa ile ilişkiler, ulaşım güvenliği ve düzenlemesinin birçok yönü, Milli Piyango, sınırların korunması, sosyal güvenlik ve Birleşik Krallığın mali, ekonomik ve parasal sisteminin kararlılığı gibi konuları içerir.","Kürtaj, uyuşturucu politikası gibi sorunlar nerede kanunlaştırılır?",Westminster,Birleşik Krallık Hükümeti,"The context provides specific examples of topics mentioned in the list of subjects covered by the Parliament's yasama yetki, including Kürtaj, uyuşturucu politikası, yayıncılık ilkesi, sivil hizmet, BK ürün ve hizmetleri için ortak pazarlar, anayasa, elektrik, kömür, akaryakıt, gaz, nükleer enerji, savunma ve milli güvenlik, uyuşturucu politikası, istihdam, dış politika ve Avrupa ile ilişkiler, ulaşım güvenliği ve düzenlemesinin birçok yönü, Milli Piyango, sınırların korunması, sosyal güvenlik ve Birleşik Krallığı mali, ekonomik ve parasal sisteminin kararlılığı gibi konuları içerir.","The context explicitly states that Kürtaj, yayıncılık ilkesi, sivil hizmet, BK ürün ve hizmetleri için ortak pazarlar, anayasa, elektrik, kömür, akaryakıt, gaz, nükleer enerji, savunma ve milli güvenlik, uyuşturucu politikası, istihdam, dış politika ve Avrupa ile ilişkiler, ulaşım güvenliği ve düzenlemesinin birçok yönü, Milli Piyango, sınırların korunması, sosyal güvenlik ve Birleşik Krallığı mali, ekonomik ve parasal sisteminin kararlılığı gibi konuları içerir.","The context states that the 'Kültür', 'Uyurtağı', and 'Politikalar' topics are covered in the UK Parliament's decision-making process, which is consistent with the information provided in the answer.",Birleşik Krallık Hükümeti,0,0.0,0.16666666666666663,0.7660586835844567,0.7236842105263157,modular,1.0
5728d63c4b864d1900164f1a,xquad.tr,"1819 Peterloo katliamının ardından, o yılın sonlarına doğru şair Percy Shelley, zamanının adaletsiz otorite biçimleri ile ilgili düşüncelerinin imgeleriyle başlayan, ardından yeni bir sosyal eylem biçiminin kırıntılarını hayal ettiği Anarşinin Maskesi adlı siyasi şiirini yazdı. Bu belki de şiddetsiz protesto ilkesinin ilk çağdaş[belirsiz] ifadesidir. Bir versiyonu yazar Henry David Thoreau tarafından Sivil İtaatsizlik adlı eserinde, daha sonra ise Satyagraha adlı doktrininde Gandi  tarafından ele alındı. Gandi'nin Satyagraha adlı eseri, Shelley'in protesto ve siyasi eylemde şiddetsizliğinden kısmen etkilenmiş ve ilham almıştır. Bilhassa, bağımsız Hindistan kampanyası esnasında Gandi'nin geniş kitlelere Shelley'nin Anarşinin Maskesi eserinden sıkça alıntı yaptığı bilinmektedir.",Anarşinin Maskesi'nde sergilenen ilke neydi?,şiddetsiz protesto,Satyagraha,Gandhi's Satyagraha was described as 'one of the most important contributions to Indian independence and civil rights in India',"The context states that 'Gandhi's Satyagraha was one of the most important contributions to Indian independence and civil rights in India,' indicating that the Anarşinin Maskesi (Satyagraha) was an important part of Gandhi's philosophy and actions.","The context states that Satyagraha was introduced in 1999, while the answer claims it was introduced in 2005. This discrepancy suggests that the information provided may be incorrect or outdated.",Satyagraha,0,0.0,0.1428571428571429,0.2087542087542088,0.0625,modular,1.0
572fadcbb2c2fd140056832c,xquad.tr,"1978 İskoçya Yasası’nın koşullarına göre, toplam seçmenin en az %40’ını temsil eden 1 Mart 1979’da yapılacak referandumda İskoç seçmenlerinin çoğunluğunun oy vermesi şartıyla seçilmiş bir meclis Edinburgh şehrinde açılacaktı. Devrolan bir İskoç Meclisini kurmak için yapılan 1979 İskoçya Referandumu başarısız oldu. Oy oranı İskoç Meclisinin lehine 51.6% olsa bile bu oran, kanuna geçmesi için gerekli görülen, toplam seçmenin %40 barajına eşit değildi zira oy kullanma hakkına sahip nüfusun %32.9 oranındaki kısmı oy vermedi veya veremedi.",İskoç Meclisi lehine olan oy oranı neydi?,51.6%,51.6%,"The passage directly mentions that the majority of the population voted for the establishment of an Ickoç Meclis, and this number is given as 51.6%.","The context states that the majority of the population in Edinburgh voted for the establishment of an Ickoç Meclis, which was 51.6% of the total electorate.","The context states that the 1979 Iskoç Referendum was unsuccessful due to insufficient voter turnout, which is equivalent to an 8% increase in the percentage of eligible voters compared to the original 1978 quota of 40%.",51.6%,1,1.0,1.0,0.27217125382262997,0.06315789473684211,modular,1.0
57284d484b864d1900164902,xquad.tr,"1940lardan sonra kampüsteki Gotik tarz yerini modern tarzlara bırakmaya başladı.1955'de, Eero Saarinen ile ikinci bir ana plan geliştirmesi için anlaşılmış, bu da içlerinde Laird Bell Law Avlusu (Saarinen tarafından tasarlanan bir kompleks); bir dizi güzel sanatlar binası; üniversitenin Sosyal Hizmet Okulu İdaresi için Ludwig Mies van der Rohe tarafından tasarlanan bir bina; Edward Durrell Stone tarafından Harris Kamu Politikası Çalışmaları Okulu'nun yuvası haline gelecek bir bina; ve Chicago firması Skidmore, Owings & Merrill'den Walter Netsch tarafından tasarlanmış, brütalist bir yapı olan, kampüsteki en büyük bina Regenstein Kütüphanesi'nin yer aldığı, Midway'in hem kuzeyi hem de güneyindeki binaların yapımına yol açmıştır. 1999'da tasarlanıp 2004'de güncellenen başka bir ana plan, Gerald Ratner Atletizm Merkezi (2003), Max Palevsky Yerleşke Ortak Alanları (2001), Güney Kampüs Yurdu ve yemekhanesi (2009), yeni bir çocuk hastanesi ve diğer inşalar, genişletmeler ve restorasyonlarla sonuçlanmıştır. 2011'de üniversite, kampüs dışı kitap deposu ihtiyacının önüne geçen ve üniversite kütüphanesi için büyük bir okuma salonu sağlayan, camdan kubbe şekilli Joe ve Rika Mansueto Kütüphanesi'ni tamamlamıştır.",Ludwig Mies van der Rohe hangi idare için bir bina tasarlamıştır?,Sosyal Hizmet Okulu İdaresi,Eero Saarinen,Ludwig Mies van der Rohe was one of the architects who designed the bina for Eero Saarinen.,"The context states that 'Bu da içlerinde Laird Bell Law Avlusu (Saarinen tarafından tasarlanan bir kompleks)' and 'Bu da içlerinde Ludwig Mies van der Rohe tarafından tasarlanan bir bina'. Therefore, it can be concluded that Ludwig Mies van der Rohe designed a bina for Eero Saarinen.","The context states that the second plan was for Eero Saarinen's design of a new building at Laird Bell Law Avlusu, which was completed in 1999. The answer directly cites this information as supporting evidence.",Eero Saarinen,0,0.0,0.30000000000000004,0.12816455696202533,0.23414634146341462,modular,1.0
5729e2316aef0514001550c7,xquad.tr,"Amazon yağmur ormanı (Portekizce: Floresta Amazônica veya Amazônia; İspanyolca: Selva Amazónica, Amazonía veya genellikle Amazonia; Fransızca: Forêt amazonienne; Hollandaca: Amazoneregenwoud) İngilizce'de aynı zamanda Amazonia veya Amazon Jungle olarak da bilinir ve Güney Amerika'nın Amazon havzasının çoğunu kaplayan bir nemli geniş yapraklı ormanıdır. Bu havza 7.000.000 kilometre karelik alanı kaplamaktadır (2.700.000 mil kare) ve bunun 5.500.000 kilometre karesi (2.100.000 mil kare) yağmur ormanıyla kaplıdır. Bu bölge dokuz ulusa ait toprakları içermektedir. Ormanın çoğu yağmur ormanının %60'ı ile Brezilya sınırları içindedir, ardından %13 ile Peru, %10 ile Kolombiya, ve daha az oranlarla Venezuela, Ekvador, Bolivya, Guyana, Surinam ve Fransız Guyanası gelir. Dört ülkenin eyalet veya il isimlerinde ""Amazonas"" geçmektedir. Amazon gezegenin mevcut yağmur ormanlarının yarıdan fazlasını temsil etmektedir ve dünyadaki en büyük ve en çok biyoçeşitliliğe sahip tropik yağmur ormanı alanını içermektedir ve buna 16.000 türe ayrılan 390 milyar ağaç dahildir.",Hangi ülke amazon ormanının çoğunluğunu içermektedir?,Brezilya,Ecuador,The passage explicitly mentions Ecuador as one of the countries where the Amazon region's main area is located.,The context states that 'Bu bölge dokuz ulusa ait toprakları içermektedir. Ormanın çoğu yağmur ormanının %60'ı ile Brezilya sınırları içindedir',"The context states that the Amazon rainforest's area has increased from 7 million square kilometers in 2005 to 8 million square kilometers in 2014, indicating that Ecuador is one of the countries that have added land to its Amazon rainforest. ",Ecuador,0,0.0,0.2666666666666667,0.15000000000000002,0.20253164556962025,modular,1.0
57338007d058e614000b5bda,xquad.tr,"Varlığı süresince Varşova çok kültürlü bir şehir olmuştur. 1901 nüfus sayımına göre, 711.988 sayıdaki nüfusun % 56,2'si Katolikler, % 35,7'si Yahudi, % 5'i Yunan Ortodoks Hıristiyanları ve %2,8'i Protestanlardı. Sekiz yıl sonra 1909 yılında 281.754 Yahudi (% 36,9), 18.189 Protestan (% 2,4) ve 2.818 Mariavite (% 0,4) vardı. Bu, şehrin her yerinde yüzlerce dini ibadet yeri inşa edilmesine yol açtı. 1944'teki Varşova İsyanı sonrasında çoğu tahrip edildi. Savaştan sonra, Polonya'nın yeni komünist otoriteleri kilise inşasını caydırdı ve sadece küçük bir sayıda yeniden inşa edildi.","Varşova, bir şehir olduğundan beri ne tür bir şehir olmuştur?",çok kültürlü,Kültürlü,"The text mentions that the population of Varşova was 711,988 in 1901, which is considered a very large number for a city of this size.","The passage states that 'Varşova çok kültürlü bir şehir olmuştur', which means 'Varşova has always been a culturally significant city'. This indicates that Varşova has remained a cultural and religious center throughout its history.","The context states that Varşova has been a city since 1901, which is consistent with it being considered a 'city' or 'town' based on its size and population. The information provided supports this claim about its status as a city.",Kültürlü,0,0.6666666666666666,0.8,0.2413273001508296,0.12844036697247707,modular,1.0
5726e37ef1498d1400e8eeda,xquad.tr,"Kostüm koleksiyonu, çoğunlukla 1600'den günümüze kadar gelen 14.000'den fazla kıyafet artı aksesuarı içeren İngiltere'deki en kapsamlı olandır. Kostüm taslakları, tasarım defterleri ve kağıt üzerindeki diğer eserler genellikle Söz ve Şekil departmanı tarafından düzenlenir. Önceki dönemlerden günlük giysiler genel olarak hayatta kalmadığından, koleksiyonda özel günler için yapılan moda kıyafetler hakimdir. Kostümlerin ilk önemli armağanlarından biri 1913 yılında Victoria Ve Albert Müzesi yakındaki mağazada sergilenmesini takiben Harrods'tan 1.442 kostüm ve eşya içeren Talbot Hughes koleksiyonunu aldığında gelmiştir.",Koleksiyon neden özel günler için üretilen moda kıyafetlerin hakimiyetindedir?,Önceki dönemlerden günlük giysiler genel olarak hayatta kalmadığından,,,,"The context states that the special collection of 14,000 costumes and accessories was made available for viewing on 1913, which is the year Victoria and Albert Museum acquired it from Harrods. This indicates that the collection is indeed held in special exhibitions or events for exclusive viewing purposes.",,0,0.0,0.0,0.0,0.0,modular,0.0
57273e50dd62a815002e9a04,xquad.tr,"Engineering News-Record(ENR), inşaat endüstrisi için bir ticaret dergisidir. ENR her yıl tasarım ve inşaat şirketlerinin büyüklüğü ile ilgili veri derler ve rapor eder. Amerika Birleşik Devletleri’ndeki en büyük şirketlerin (İlk 40) ve aynı zamanda en büyük küresel şirketlerin(ilk 250, anavatanlarının dışında yaptıkları iş miktarıyla) bir listesini yayınlar. 2014’te ENR, dokuz pazar diliminde veri derledi. Ulaşım, petrol, binalar, enerji, sanayi, su, imalat, kanalizasyon/atık, Telekom ve diğer projeler için onuncu kategori olarak tehlikeli atıklar şeklinde bölünmüştür. İlk 400 raporlarında şirketleri ağır müteahhitler olarak sıralamak için ulaşım, atık, tehlikeli atıklar ve su ile ilgili verilerini kullanmıştır.",ENR hangi yılda dokuz pazar diliminde veri derlemiştir?,2014’te,2014,"The passage mentions that '2014' was the year when ENR published its report on the consumption of gasoline, oil, and natural gas.","The context states that '2014' was the year when ENR published its report on the consumption of gasoline, oil, and natural gas.","The context states that ENR published data for the first four hundred reports, which corresponded to the year 2005.",2014,0,0.0,0.8,0.2109181141439206,0.017857142857142856,modular,1.0
572fcc43b2c2fd140056847e,xquad.tr,"Saklı konular, İskoç Parlamentosu’nun yasama yetkisi dışında bulunan hususları içerir. İskoç Parlamentosu saklı olan konular hakkında yasama yetkisini kullanamaz ve bu konular Westminster’da (ve Birleşik Krallık Hükümeti bakanları’nın idari işlevlerinin bulunduğu yerlerde) ele alınır. Bu konular, kürtaj, yayıncılık ilkesi, sivil hizmet, BK ürün ve hizmetleri için ortak pazarlar, anayasa, elektrik, kömür, akaryakıt, gaz, nükleer enerji, savunma ve milli güvenlik, uyuşturucu politikası, istihdam, dış politika ve Avrupa ile ilişkiler, ulaşım güvenliği ve düzenlemesinin birçok yönü, Milli Piyango, sınırların korunması, sosyal güvenlik ve Birleşik Krallığın mali, ekonomik ve parasal sisteminin kararlılığı gibi konuları içerir.",Westminster’da ele alınan konular kim tarafından ele alınamaz?,İskoç Parlamentosu,Westminster'da ele alınan konular Westminster'da (ve Birleşik Krallık Hükümeti bakanları'nın idari işlevlerinin bulunduğu yerlerde),This statement directly addresses the question and provides the correct answer.,The context explicitly states that 'Bu konular Westminster'da (ve Birleşik Krallık Hükümeti bakanları'nın idari işlevlerinin bulunduğu yerlerde) ele alınır.,"The context states that the 'Answer to check' is for Westminster's (and the British Parliament's) activities in 2005, while the answer provides information from 2009. Therefore, it can be concluded that the 'Answer to check' is not directly supported by the given context.",Westminster'da ele alınan konular Westminster'da (ve Birleşik Krallık Hükümeti bakanları'nın idari işlevlerinin bulunduğu yerlerde),0,0.0,0.18055555555555558,0.1496774193548387,0.2545454545454546,modular,1.0
5725c337271a42140099d166,xquad.tr,"Neredeyse tüm taraklılar avcıdır, mikroskobik larvalar ve rotatorlardan küçük kabukluların yetişkinlerine kadar çeşitli canlıları avlarlar; istisnalar ise türlerinin yetişkinlerinin beslendiği salplarda parazit olarak yaşayan iki türün yavrularıdır. Elverişli koşullarda taraklılar kendi ağırlıklarının on katını bir günde yiyebilirler. Yalnızca 100-150 tür teyit edilmiştir ve muhtemelen 25 tanesi tam olarak tanımlanmamış ve isimlendirilmemiştir. Tipik örnekleri yumurta biçimli vücutları ve avlarını yakalayan yapışkan hücreler olan koloblastlarla kaplı olan tentillalarla (küçük dokunaçlar) çevrili bir çift geri çekilebilir dokunaçları olan sidippidlerdir. Bu soyun çok çeşitli vücut biçimleri vardır ve buna çoğu türün yetişkininin taraksız olduğu düzleşmiş derin deniz platisenidleri ve dokunaçları olmayan ve diş görevi gören büyük ve sert siliya gruplarına sahip devasa ağızlarını kullanarak diğer taraklıları avlayan kıyı beroidleri dahildir. Bu varyasyonlar farklı türlerin aynı bölgede çok büyük popülasyonlara ulaşmasını mümkün kılar çünkü örümceklerin kullandıkları kadar çeşitli yöntemlerle avladıkları farklı av türlerinde uzmanlaşmışlardır.",Kıyı beroidleri diğer taraklıların sahip olduğu hangi özelliğe sahip değildir?,dokunaçları,örümceklerin kullandıkları kadar çeşitli yöntemlerle avladıkları farklı av türlerinde uzmanlaşmışlardır.,This quote directly addresses the question and provides evidence for why some characteristics might not apply to all types of avs.,"The context states that 'Bu varyasyonlar farklı türlerin aynı bölgede çok büyük popülasyonlara ulaşmasını mümkün kılar çünkü örümceklerin kullandıkları kadar çeşitli yöntemlerle avladıkları farklı av türlerinde uzmanlaşmışlardır.' This indicates that while some of these characteristics may be present in certain types of avs, they do not necessarily apply to all types of avs.","The context states that 'Kıyı beroidleri' were discovered in 2005, while the answer claims they were discovered in 2009. This discrepancy suggests that the information provided may be incorrect or outdated.",örümceklerin kullandıkları kadar çeşitli yöntemlerle avladıkları farklı av türlerinde uzmanlaşmışlardır.,0,0.0,0.1578947368421053,0.15251572327044027,0.24083769633507854,modular,1.0
57114667a58dae1900cd6d82,xquad.tr,"Buhar motorlarının performansını analiz etmek için en faydalı araç buhar motoru göstergesidir. İlk versiyonlar 1851 yılına kadar kullanılıyordu, ancak en başarılı gösterge, Charles Richard tarafından yüksek hızlı motor mucidi ve üreticisi Charles Porter şirketi için geliştirildi ve 1862'de Londra Fuarı’nda sergilendi. Buhar motoru göstergesi, çeşitli sorunları tespit etme ve üretilen beygir gücünü hesaplamada kullanılabilmesi için döngü boyunca silindirdeki basıncı kağıda çiziyordu. Bu, mühendisler, teknisyenler ve sigorta müfettişleri tarafından rutin olarak kullanılmıştı. Motor göstergesi aynı zamanda içten yanmalı motorlarda da kullanılabilir. Aşağıdaki gösterge şemasının görüntüsüne bakınız (Motor birimleri tipleri bölümünde).",Hangi şirket en başarılı buhar motoru göstergesini geliştirdi?,Charles Porter,Charles Porter şirketi,"Charles Porter şirketi, yüksek hızlı motor mucidi ve üreticisi Charles Richard şirketi için geliştirildi ve 1862'de Londra Fuarı’nda sergilendi.",The context states that Charles Porter şirketi 'en başarılı gösterge' için yüksek hızlı motor mucidi ve üreticisi Charles Richard şirketi tarafından geliştirildi.,"Charles Porter şirketi, 1862'da Londra Fuarı'nda sergilendi ve 1862'de yüksek hızlı motor mucidi ve üreticisi Charles Porter şirketi için geliştirildi. Bu, buhar motoru göstergesi aynı zamanda içten yanmalı motorlarda da kullanılabilir. ",Charles Porter şirketi,0,0.8,0.7777777777777779,0.3052023121387283,0.3090909090909091,modular,1.0
570610b275f01819005e792c,xquad.tr,"Güney Kaliforniya, Amerika Birleşik Devletleri'ndeki yolcu hacmi bakımından en yoğun ikinci (yolcu trafiği bakımından dünyanın en yoğun havalimanlarına bakın) ve uluslararası yolcu hacmi bakımından üçüncü havalimanı olan Los Angeles Uluslararası Havalimanı'na; dünyadaki en yoğun tek pistli havalimanı olan San Diego Uluslararası Havalimanı'na; dünyanın en yoğun genel havacılık havalimanı olan Van Nuys Havalimanı'na; Orange County, Bakersfield, Ontario, Burbank ve Long Beach'de büyük çaplı ticari havalimanlarına ve çok sayıda daha küçük ticari ve genel havacılık havalimanına ev sahipliği yapar.",Los Angeles Uluslararası Havalimanı uluslararası yolcu hacmi bakımından en yoğun kaçıncı havalimanıdır?,üçüncü,III,The passage mentions that Los Angeles Uluslararası Havalimanı is the fourth largest havaliman in terms of international passenger traffic.,The context states that Los Angeles Uluslararası Havalimanı is the fourth largest havaliman in terms of international passenger traffic.,"The context states that Los Angeles Uluslararası Havalimanı is the fourth-largest havaliman in terms of international passenger traffic, while the answer claims it's the third largest based on worldwide passenger traffic.",III,0,0.0,0.0,0.28851540616246496,0.0851063829787234,modular,1.0
5725fe63ec44d21400f3d7de,xquad.tr,"Fresno doğrudan bir eyaletlerarası otobana bağlanmayan en büyük ABD şehridir. Eyaletlerarası Otoban Sistemi 1950'lerde oluşturulduğunda bugün Devletlerarası 5 olan yolun Orta Vadi'nin batı tarafında yapılmasına, dolayısıyla bugün Devlet Karayolu 99 olarak bilinen yolun güncellenmesi yerine bölgedeki birçok nüfus merkezine uğramamasına karar verilmiştir. DK 99 boyunca hızla yükselen nüfus ve trafik nedeniyle ve aynı zamanda Federal ödeneğin tercih edilebilirliği nedeniyle bu yolu eyaletlerarası standartlara yükseltmek ve sonunda muhtemelen Eyaletlerarası 9 olarak eyaletlerarası sisteme entegre etmek amaçlı çok tartışma yapılmıştır. Sinyalizasyon, şerit genişliği, bölünmüş yol, düşey açıklık ve diğer konularla ilgili büyük geliştirmeler şu anda devam etmektedir.",Eyaletlerarası Otoban Sistemi hangi yıl oluşturulmuştur?,1950'lerde,1950,This quote directly answers the question about when the Eyaletlerarası Otoban Sistemi was established.,"The context states that 'Eyaletlerarası Otoban Sistemi 1950'lerde oluşturulduğunda bugün Devletlerarası 5 olan yolun Orta Vadi'nin batı tarafında yapılmasına, dolayısıyla bugün Devlet Karayolu 99 olarak bilinen yolun güncellenmesi yerine bölgedeki birçok nüfus merkezine uğramamasına karar verilmiştir.","The context states that the development of the Fresno City Bus System began in 1950, which is consistent with the information provided in the question.",1950,0,0.0,0.6153846153846154,0.18479532163742685,0.4923076923076923,modular,1.0
5726bf325951b619008f7cff,xquad.tr,"Uzakdoğu koleksiyonları, Doğu Asya ülkelerinden 70.000'den fazla sanat eserini içerir: Çin, Japonya ve Kore. Çin sanatından T. T. Tsui Galerisi 1991 yılında açıldı ve Victoria Ve Albert Müzesi'nin Çin'den yaklaşık MÖ 4. milenyumdan günümüze kadar uzanan 16.000 objesini temsil eden bir koleksiyon sergiledi. Her ne kadar sanat eserlerinin büyük çoğunluğu Ming ve Qing hanedanlarından kalma tarihte olsa da, Tang hanedanından ve daha önceki dönemlerden kalma nesnelerin enfes örnekleri bulunmaktadır. Göze çarpar olarak, MS.750’ye tarihinden Buda’nın bir metre yüksekliğindeki bir bronz kafası, en eski eşyalardan biri de bir mezardan gelen 2.000 yıllık bir yaşlı beygir at başı, diğer heykellerde yaşam boyu mezar koruyucuları bulunmaktadır. Lak, ipek, porselen, yaşlı beygir ve emaye işi emayesini içeren klasik Çin imalat örnekleri gösterilmiştir. 18. yüzyıldan itibaren ipek tarihte sulu boya ile boyanmış bir karı koca iki ata portreleri. Ming Hanedanlığı'ndaki Xuande İmparatoru döneminde imparatorluk atölyelerinde yapılmış eşsiz bir Çin lake masası bulunmaktadır. Kıyafet örnekleri de gösterilmiştir. En büyük nesnelerden biri 17. yüzyılın ortalarından kalma bir yataktır. Çağdaş Çinli tasarımcıların çalışmaları da sergilenmiştir.",Çin sanatına adanmış galerinin adı nedir?,T. T. Tsui Galerisi,T. T. Tsui Galerisi,The passage mentions that 'Çin sanatından T. T. Tsui Galerisi 1991 yılında açıldı',The context explicitly states that 'Çin sanatından T. T. Tsui Galerisi 1991 yılında açıldı',"The context states that the gallery opened in 1991, which is consistent with the information provided about its opening year.",T. T. Tsui Galerisi,1,1.0,1.0,0.10963194988253722,0.09999999999999999,modular,1.0
57111380a58dae1900cd6bd7,xquad.tr,"Reform kilisesinin diğer selefleri arasında reform yanlısı ve Jacques Lefevre (c. 1455-1536) gibi Galya Roma Katolikleri de vardı. Galyalılar kısaca, Fransızların dininin yabancı bir güç olan Roma Piskoposu tarafından kontrol edilemeyeceği ilkesiyle, Fransız kilisesi için bağımsızlık sağladılar. Protestan Reformu sırasında, Paris Üniversitesi'nde bir profesör olan Lefevre, 1523'te Yeni Ahit'in Fransızca çevirisini yaptı ve ardından 1530'da İncil'in tamamını Fransızcaya çevirdi. Lefevre'nin bir öğrencisi olan William Farel İ, Cenevre'de bir Protestan hükümeti kurulmasını sağlayan İsviçre Reformunun lideri olmaya devam etti. Paris Üniversitesi'nden bir başka öğrenci olan Jean Cauvin (John Calvin) de Protestanlığa geçti. Mezhebin I. Francis tarafından bastırılmasından çok sonra, çoğunlukla Luberon bölgesinde yer alan kalan Fransız Waldensalılar, William Farel, Calvin ve Reformasyona katılmaya çalıştılar ve Olivetan onlar için bir Fransız İncil'i yayınladı. 1559 Fransız Günah Çıkarması kararlı bir şekilde Kalvinistik bir etki göstermektedir. 1550-1580 arasında, Fransa'daki Reform kilisesinin üyeleri yaygın olarak Fransız Protestanlar olarak bilinirdi. [kaynak belirtilmeli]",Bu reform yanlısı lider nerede eğitim verdi?,Paris Üniversitesi'nde,Paris,This sentence directly mentions that Galyalı leaders were educated in Rome.,"The passage states that 'Galyalılar kısaca, Fransızların dininin yabancı bir güç olan Roma Piskoposu tarafından kontrol edilemeyeceği ilkesiyle, Fransız kilisesi için bağımsızlık sağladılar'","The context states that William Farel was born in Paris, France, which is where he received his education for the Protestant Reform Movement. The answer also mentions that he studied at the University of Paris, further supporting this claim.",Paris,0,0.6666666666666666,0.3846153846153846,0.10947712418300659,0.2261904761904762,modular,1.0
57286951ff5b5019007da20f,xquad.tr,"İş yaşamında ileri gelen mezunlar arasında Microsoft CEOsu Satya Nadella, Oracle kurucusu ve Amerika'nın en zengin üçüncü adamı Larry Ellison, Goldman Sachs ve MF Global CEOsu ve aynı zamanda eski New Jersey Valisi Jon Corzine, Mckinsey & Company kurucusu ve ilk yönetim muhasebesi ders kitabının yazarı James O. Mckinsey, Arley D. Cathey, Bloomberg L.P. CEOsu Daniel Doctoroff, Credit Suisse CEOsu Brady Dougan, Morningstar, A.Ş. kurucusu ve CEOsu Joe Mansueto, Chicago Cubs sahibi ve başkanı Thomas S. Ricketts ve NBA delegesi Adam Silver yer almaktadır.",Oracle'ın kurucusu kimdir?,Larry Ellison,Oracle'ın kurucusu Larry Ellison,Larry Ellison was the founder of Oracle Corporation and served as its CEO for over two decades.,"The context provides specific information about Oracle's founder and CEO, stating that Oracle'ın kurucusu is Larry Ellison.","The context states that Larry Ellison is mentioned as one of the founders of Oracle in 1999, while the answer provides the year 2005 for Oracle's founder.",Oracle'ın kurucusu Larry Ellison,0,0.6666666666666666,0.5909090909090908,0.23885350318471332,0.0606060606060606,modular,1.0
57378c9b1c456719005744aa,xquad.tr,"Elektrik akımı tanımını, elektrik yükünün değişim zamanının oranı olarak birleştirerek, Lorentz Yasası adlı bir vektör çarpma kuralı, manyetik alanda hareket eden bir yük üzerindeki kuvveti tanımlar. Elektrik ve manyetizma arasındaki bağlantı, yüke etki eden birleşik bir elektromanyetik kuvvet tanımlamasına izin verir. Bu kuvvet, elektrostatik kuvvetin (elektrik alan nedeniyle) ve manyetik kuvvetin (manyetik alan nedeniyle) toplamı olarak yazılabilir. Tamamen belirtilmiş, yasa budur:",Elektrostatik ve manyetik kuvvetin toplamı olarak yazılı olan nedir?,elektrostatik kuvvetin,Elektrostatik ve manyetik kuvvetin toplamı olarak yazılı olan,"The context uses the formula for calculating the total of electrostatic and magnetic fields, which simplifies to the total of both fields.","The context provides an equation for calculating the total of electrostatic and magnetic fields: E = √(E₀² + B₀²). This equation represents the sum of two independent quantities (electrostatic field and magnetic field), which can be simplified to the total of both fields.","The context states that the answer is 2005, which matches the year given in the question.",Elektrostatik ve manyetik kuvvetin toplamı olarak yazılı olan,0,0.4,0.5301204819277108,0.2613065326633166,0.0,modular,1.0
5727de862ca10214002d9860,xquad.tr,"Politikacılar: BM Genel Sekreteri Ban Ki-moon; Amerikan politik liderleri John Hancock, John Adams, John Quincy Adams, Rutherford B. Hayes, Theodore Roosevelt, Franklin D.Roosevelt, John F. Kennedy, Al Gore, George W. Bush ve Barack Obama; Şili Cumhurbaşkanı Sebastián Piñera; Kolombiya Cumhurbaşkanı Juan Manuel Santos; Kosta Rika Cumhurbaşkanı José María Figueres; Meksika Cumhurbaşkanları Felipe Calderón, Carlos Salinas de Gortari ve Miguel de la Madrid; Moğolistan Cumhurbaşkanı Tsakhiagiin Elbegdorj; Peru Cumhurbaşkanı Alejandro Toledo; Tayvan Cumhurbaşkanı Ma Ying-jeou; Kanada Genel Valisi David Lloyd Johnston; Hindistan Parlamentosu Üyesi Jayant Sinha; Arnavutluk Başbakanı Fan S. Noli; Kanada Başbakanı Mackenzie King ve Pierre Trudeau; Yunanistan Başbakanı Antonis Samaras; İsrail Başbakanı Benjamin Netanyahu; eski Pakistan Başbakanı Benazir Butto; ABD Konut ve Kentsel Kalkınma Sekreteri Shaun Donovan; Kanadalı siyasi lider Michael Ignatieff; Pakistanlı İl Meclisi Üyeleri Murtaza Butto ve Sanam Butto; Bangladeş Maliye Bakanı Abul Maal Abdul Muhith; Puntland Başkanı Abdiweli Mohamed Ali; ABD Avrupa Birliği Büyükelçisi Anthony Luzzatto Gardner.",Hangi BM sekreteri Harvard'a gitti?,Ban Ki-moon,John Hancock,John Hancock was indeed one of the leaders mentioned in the context and served as the Secretary-General of the UN for several years.,"The context provides the list of political leaders who have served as the Secretary-General of the United Nations (UN), including Ban Ki-moon, John Hancock, John Adams, etc.","John Hancock is mentioned in the context as the former Secretary of State of the United States from 1973 to 1977. The question asks about a specific person, so we can assume that John Hancock was the one who served as the Secretary of State for the United States at the time of the event being referred to. Therefore, the answer is correct based on the information provided in the context.",John Hancock,0,0.0,0.2727272727272727,0.17082997582594683,0.06896551724137931,modular,1.0
56e16182e3433e1400422e29,xquad.tr,"Hesaplamalı karmaşıklık teorisi, hesaplama problemlerini kendi zorluklarına göre sınıflandırmaya ve bu sınıfları birbirleriyle ilişkilendirmeye odaklanan teorik bilgisayar bilimlerinde hesaplama teorisinin bir dalıdır. Hesaplamalı bir problemin, bir algoritma gibi matematiksel adımların mekanik uygulamalar tarafından çözülebileceğini saptamaya eşdeğer bir bilgisayar tarafından problemin çözülmeye elverişli bir görev olduğu anlaşılmaktadır.",Hesaplamalı problemler hangi ana niteliklere göre hesaplamalı karmaşıklık teorisi kullanılarak sınıflandırılır?,kendi zorluklarına,Aconcubine niteliği,"The passage mentions that 'hesaplama problemleri konseptif olarak tanımlayarak sınıflandırmayı', which directly supports the answer.",The context explicitly states that 'hesaplama problemlerini kendi zorluklarına göre sınıflandırmaya' (solve problems according to their own difficulties) and then says 've bu sınıfları birbirleriyle ilişkilendirmeye odaklanan teorik bilgisayar bilimlerinde hesaplama teorisinin bir dalıdır'. This indicates that the context uses the concept of concubines (problems) to classify them into different categories based on their difficulty level.,"The context states that the 'Hesaplamalı karmaşıklık teori' uses different types of inputs for different problems, such as integers, real numbers, or even more complex data structures like arrays or objects. The 'Aconcubine niteliği' is mentioned in the context as one of these input types. Therefore, it can be inferred that the problem must have been solved using this type of input.",Aconcubine niteliği,0,0.0,0.2162162162162162,0.30000000000000004,0.38383838383838387,modular,1.0
56e7796637bdd419002c4000,xquad.tr,"Amerika Birleşik Devletleri'nde her eyalet devlet okullarında öğretmenlik yapma lisansı almak için gereksinimleri belirler. Öğretim sertifikasyonu genelde üç yıl devam eder, ama öğretmenler on yıla varan uzunlukta sertifikalar alabilirler. Devlet okulu öğretmenlerinin bir lisans derecesine sahip olması şart koşulmakta ve öğretmenlerinin çoğunun eğitim verdikleri eyalet tarafından tasdik edilmeleri gerekmektedir. Çoğu sözleşmeli okul, Hiçbir Çocuk Geride Kalmasın yasası tarafından öngörüldüğü biçimde yüksek vasıflı olma standartlarını karşıladıkları sürece öğretmenlerinin tasdik edilmesini şart koşmaz. Ek olarak vekil/geçici öğretmenlere yönelik gereksinimler, genelde tam zamanlı profesyonellere yönelik gereksinimler kadar sert değildir. İş Gücü İstatistikleri Bürosu, ABD'de 1,4 milyon ilkokul öğretmeni, 674.000 ortaokul öğretmeni ve 1 milyon lise öğretmeni istihdam edildiğini tahmin etmektedir.",Hangi kurum öğretmenlerinin tasdik edilmesini şart koşmayabilir?,sözleşmeli okul,Devlet okulu,"The passage mentions that 'Çoğu sözleşmeli okul, Hiçbir Çocuk Geride Kalmasın yasası tarafından öngörüldüğü biçimde yüksek vasıflı olma standartlarını karşıladıkları sürece öğretmenlerinin tasdik edilmesini şart koşmaz'","The context states that 'Öğretim sertifikasyonu genelde üç yıl devam eder, ama öğretmenler on yıla varan uzunlukta sertifikalar alabilirler. ' This indicates that the requirement for teacher certification varies depending on the educational institution.","The context states that the requirement for teacher certification varies depending on the type of school. For example, in some cases, teachers must have completed a bachelor's degree before obtaining their teacher certification, while others may require a master's or doctoral degree. The provided information supports this statement by mentioning that the requirements can vary based on the type of school.",Devlet okulu,0,0.0,0.5185185185185186,0.3825929283771532,0.218978102189781,modular,1.0
572a005f1d046914007796ba,xquad.tr,"Soya çiftçilerinin ihtiyaçları, şu anda Amazon'da geliştirilmekte olan birçok tartışmalı ulaşım projesini gerekçelendirmek için kullanılmıştır. İlk iki otoban başarılı biçimde yağmur ormanında açılmış ve daha fazla yerleşime ve orman kaybına sebep olmuştur. 2000 ile 2005 yılları arasında ortalama yıllık orman kaybı oranı (yıllık 22,392 km2 veya 8,646 mil kare), önceki beş yıla kıyasla %18 daha yüksektir (yıllık 19,018 km2 veya 7,343 mil kare). Orman kaybı 2004 ve 2014 yılları ararsında Brezilya Amazonu'nda önemli biçimde azalsa da günümüze kadar bir artış olmuştur.",2000 ile 2005 yılları arasındaki orman kaybı oranı 1995 ile 2000 yılları arasındakine kıyasla ne kadar yüksektir?,%18,18%,The passage mentions that the 2000-2005 period saw an increase in orman kaybı oranını %18 daha yüksek.,The context states that the average annual orman kaybı oranının 1995 ile 2000 yılları arasında %18 daha yüksektir.,"The context states that the orman kaybı oranının 1995 ile 2000 yılları arasında %18 daha yüksekti, bu nedenle 2000 ile 2005 yılları arasındaki orman kaybı oranının 1995 ile 2000 yılları arasında %18 daha yüksekti olup, bu nedenle 18% olarak çevrildiği için 'supported' değeri doğrudır.",18%,1,1.0,1.0,0.2142857142857143,0.18556701030927833,modular,1.0
5727d1c93acd2414000ded40,xquad.tr,"Harvard'a lisans kabulü, Carnegie Vakfı tarafından ""daha seçici, daha düşük geçiş"" olarak tanımlanır. Harvard Koleji 2019 sınıfı için başvuranların %5,3'ünü  kabul etmiştir, tüm ulusal üniversiteler arasında rekor düşük ve ikinci en düşük kabul oranı. Harvard College, seçmeli üniversitelere başvuran düşük gelirli ve az temsil edilen azınlık başvuru sahiplerinin dezavantajı olduğuna inanıldığından, 2007 yılında erken kabul programına son verdi, fakat 2016 sınıfı için bir Erken Eylem programı yeniden tanıtıldı.",Harvard hangi yıl erken kabul programına son verdi?,2007,2016,The passage mentions that Harvard's 2019 class received a low percentage of students who were selected for the program and had a high number of applicants who did not meet the criteria.,"The context states that Harvard College, which was the highest scoring class for the 2019 academic year, decided to implement an Early Warning Program (EWP) in 2016.","The context states that Harvard's Erken Eylem program was introduced in 2016, which is consistent with the information provided in the question.",2016,0,0.0,0.5,0.30746268656716413,0.0879120879120879,modular,1.0
5727f3193acd2414000df0a7,xquad.tr,"Doktor nadiren yalnız seyahat eder ve bu maceraları paylaşmak için sıklıkla bir veya daha fazla yoldaş getirir. Onun arkadaşları genellikle insandır, çünkü o Dünya gezegenine çekicilik bulmuştur. Kötü niyetli güçlerin masum insanlara zarar vermesini veya tarihi değiştirmesini engellemeye çalıştığı için merakını uyandıran olayları sıkça bulur, yalnızca ustalığını ve çok yönlü sonik tornavidası gibi asgari kaynaklarını kullanır. Bir Zaman Efendisi olarak, Doktor, vücudu ölümcül şekilde hasar gördüğünde, yeni bir görünüm ve kişilik alarak yeniden canlanabilme yeteneğine sahiptir. Doktor, seyahatleri sırasında Dalekekler, Siberadam ve başka bir hain Zaman Lordu olan Üstat da dahil olmak üzere pek çok tekrarlayan düşman kazandı.","Doktor Kim, vücudu ölümcül hasar gördüğünde ne yapar?",yeniden canlanabilme,seyahat eder ve bu maceraları paylaşmak için sıklıkla bir veya daha fazla yoldaş getirir.,"The passage mentions that Doktor Nadiren 'onun arkadaşları genellikle insandır, çünkü o Dünya gezegenine çekicilik bulmuştur'. This indicates that Doktor Nadiren often gets involved in discussions and interactions with people who have had a bad day, which aligns with the idea of sharing experiences and helping others.",The context states that Doktor Nadiren 'seyahat eder ve bu maceraları paylaşmak için sıklıkla bir veya daha fazla yoldaş getirir'. This directly answers the question about what Doktor Nadiren does when he sees someone having a bad day.,"The context states that Doktor Nadiren is 1999 years old, which matches the year mentioned in the question (2005). The context also mentions that he was born in 1974, so it's reasonable to assume he would have been 1999-1974 = 2005 when he died.",seyahat eder ve bu maceraları paylaşmak için sıklıkla bir veya daha fazla yoldaş getirir.,0,0.0,0.2777777777777778,0.41325536062378165,0.2556390977443609,modular,1.0
572828383acd2414000df5c5,xquad.tr,"Doktor Kim sayısız kez sahneye çıkmıştır. 1970'lerin başında, Trevor Martin, Seven Keys to Doomsday'da Dalekler ve Doktor Kim'de rol aldı. 1980'lerin sonunda, Jon Pertwee ve Colin Baker, her ikisi de doktoru Doktor Kim - Son Macera adlı oyun sırasında farklı zamanlarda oynadılar. İki performans için, Pertwee hasta iken David Banks (Daha çok siberadamı oynamasıyla bilinir) Doktoru oynadı. Terry Nation, 1960'ların sonlarına takılmış bir sahne oyunu, ama doktor olmadan, olan Daleklerin Laneti'ni yazarken, diğer orijinal oyunlar, Doktor'u oynayan diğer oyuncularla amatör yapımlar olarak sahnelendi.",Hangi Doktor Kim İçinde Doktor olmadan yazılmıştır?,Daleklerin Laneti'ni,Son Macera,"Terry Nation, who was part of the 1960's sahneler, also wrote about the olympiad.","The passage states that 'her ikisi de doktoru Doktor Kim - Son Macera adlı oyun sırasında farklı zamanlarda oynadılar', indicating that both Jon Pertwee and Colin Baker participated in this olympiad.","The context states that Jon Pertwee and Colin Baker performed in the film 'Son Macera', which was released in 2005. The question asks about Doktor Kim's work without mentioning the year of release, so we can assume it refers to this film.",Son Macera,0,0.0,0.27586206896551724,0.1823802163833076,0.32432432432432434,modular,1.0
57302bd0b2c2fd14005689db,xquad.tr,"Önceden “Irak Şam İslam Devleti” ve bundan önce de “Irak İslam Devleti” olarak bilinen “İslam Devleti” (birçok kişi tarafından Daeş kısaltması kullanıldı), Iraklı ve Suriyeli Sünni Araplar tarafından yönetilen ve çoğunlukla onlardan oluşan Vahhabi/Selefi cihatçı radikal militan bir gruptur. 2014’te bu grup kendisini dünya çapında tüm Müslümanlar üzerinde dini, siyasi ve askeri otorite sahibi olan bir halifelik olarak ilan etti. Mart 2015[güncelleme] itibarıyla, bu grup Irak ve Suriye’de on milyon insanın yaşadığı bir bölgeyi kontrol etmeye başladı ve Libya, Nijerya ve Afganistan’ın küçük bölgelerinde ufak bir kontrol sahibiydi. (Kendini ilan eden bir devlet olsa da uluslararası bir tanıma görmedi.) Grup ayrıca, Kuzey Afrika ve Güney Asya da dahil olmak üzere dünyanın diğer bölgelerinde faaliyet gösteriyor veya unsurlara sahip durumdadır.",İslam Devleti ne tür bir gruptur?,Vahhabi/Selefi cihatçı radikal militan,,,,"The context states that the group was founded in 2014, which is later mentioned as the year of the 2015 update. This aligns with the information provided in the question about the 2015 update being the year when the group gained control over Libya, Nijerya, and Afghanistan. The context also mentions that the group has been expanding its influence beyond these areas, indicating that the 2015 update likely refers to the expansion into other regions. Therefore, the answer to the question can be confidently supported by the given context.",,0,0.0,0.0,0.0,0.0,modular,0.0
572811434b864d190016438c,xquad.tr,"2005 yeniden canlanmasından bu yana, Doktor genellikle daha büyük bir anlatı rolü üstlenen birincil bir bayan arkadaşla seyahat eder. Steven Moffat, arkadaşı, şovun ana karakteri olarak nitelendirdi, çünkü hikaye her arkadaşla yeniden başlıyor ve Doktor'dan daha fazla değişikliğe uğruyor. Dokuzuncu ve Onuncu Doktorların ana arkadaşları, ikincil arkadaş figürleri olarak yinelenen Mickey Smith (Noel Clarke) ve Jack Harkness (John Barrowman) ile Rose Tyler (Billie Piper), Martha Jones (Freema Agyeman) ve Donna Noble (Catherine Tate) idi. Onbirinci Doktor, River Song (Alex Kingston) ve Clara Oswald (Jenna Coleman) ile senkronize olmayan toplantılar yaparak devam eden hikaye yayları sağlarken, evli bir çift olan Amy Pond (Karen Gillan) ve Rory Williams (Arthur Darvill) ile seyahat eden ilk kişi oldu. Onuncu seri Pearl Mackie'yi Bill, doktor'un en yeni seyahat arkadaşı olarak tanıtacak.","2005'ten bu yana, Doktor Kim'in birincil seyahat arkadaşının cinsiyeti nedir?",bayan,Jack Harkness,Jack Harkness is mentioned in the context as one of the two main characters who have been involved in the Doctor's new character development.,"The context states that 'Steven Moffat, arkadaşı, şovun ana karakteri olarak nitelendirdi, çünkü hikaye her arkadaşla yeniden başlıyor ve Doktor'dan daha fazla değişikliğe uğruyor. Dokuzuncu ve Onuncu Doktorların ana arkadaşları, ikincil arkadaş figürleri olarak yinelenen Mickey Smith (Noel Clarke) ve Jack Harkness (John Barrowman) ile Rose Tyler (Billie Piper), Martha Jones (Freema Agyeman) ve Donna Noble (Catherine Tate) idi. '","The context states that Steven Moffat, the doctor's mentor, is mentioned as having a younger brother named Jack Harkness in the first episode of the second season. This information directly supports the claim that Jack Harkness is the doctor's younger brother.",Jack Harkness,0,0.0,0.33333333333333337,0.208502024291498,0.5978260869565217,modular,1.0
572968cf1d046914007793ce,xquad.tr,"Kloroplastların, sıklıkla ctDNA veya cp DNA olarak kısaltılan kendi DNA'ları vardır. Bu aynı zamanda plastom olarak da bilinir. Varlığı ilk olarak 1962 yılında kanıtlanmıştır ve iki Japon araştırma ekibinin ciğerotu ve tütünün kloroplast DNA'sını dizilediği 1986 yılında ilk defa dizilenmiştir. O zamandan beri farklı türlerden yüzlerce kloroplast DNA'sı dizilenmiştir ama bunların çoğu kara bitkileri ve yeşil alglere aittir—glokofitler, kırmızı algler ve diğer alg grupları son derece az temsil edilmektedir ve ""tipik"" kloroplast DNA yapısı ve içeriği ile ilgili görüşlerde potansiyel olarak bir miktar yanlılık ortaya çıkarmaktadır.",İlk plastom ne zaman dizilenmiştir?,1986,1962,The passage directly mentions that 'varlığı ilk olarak 1962 yılında kanıtlanmıştır',"The context states that 'Varlığı ilk olarak 1962 yılında kanıtlanmıştır', indicating that this was the first time the plastome (plastom) was identified.","The context states that the first plastid DNA was counted in 1962, which is consistent with the information provided in the question.",1962,0,0.0,0.75,0.1885714285714286,0.13333333333333336,modular,1.0
571c9348dd7acb1400e4c115,xquad.tr,"1891'de İskoç kimyager James Dewar çalışmak için yeterince sıvı oksijen üretmeyi başardı. Sıvı oksijen üretmek için ticari olarak uygulanabilir ilk süreç, 1895 yılında Alman mühendis Carl von Linde ve İngiliz mühendis William Hampson tarafından bağımsız olarak geliştirildi. Her iki adam da havanın ısısını sıvılaşana kadar düşürdü ve ardından bileşen gazların her seferde birini kaynatıp yakalayarak damıttı. Daha sonra, 1901'de, ilk kez asetilen ve sıkıştırılmış O
2 karışımının yakılmasıyla oksiasetilen kaynağı bulundu. Bu kaynak ve metal kesme yöntemi daha sonra yaygın hale geldi.",Dewar hangi yılda sıvı oksijen üzerinde deney yaptı?,1891'de,1891'de,The passage mentions that '1891'de İskoç kimyager James Dewar çalışmak için yeterince sıvı oksijen üretmeyi başardı',The context states that James Dewar started his work in 1891.,"The context states that Dewar started his work on synthesizing oxygen in 1891, which aligns with the year mentioned in the question.",1891'de,1,1.0,1.0,0.25401459854014596,0.04347826086956522,modular,1.0
571cd3b55efbb31900334e04,xquad.tr,"Hiperbarik (yüksek basınçlı) tıp, hastanın ve gerektiğinde tıbbi personelin çevresindeki kısmi O
2 basıncını artırmak için özel oksijen odaları kullanır. Karbonmonoksit zehirlenmesi, gazlı kangren ve dekompresyon hastalığı (‘vurgun’) bazen bu cihazlar kullanılarak tedavi edilir. Akciğerlerde artırılan O
2 konsantrasyonu, karbonmonoksitin hemoglobin hem grubundan ayrılmasına yardımcı olur. Oksijen gazı, gaz kangrenine neden olan anaerobik bakteriler için zehirlidir, bu nedenle kısmi basıncının artırılması, onları öldürmeye yardımcı olur. Dekompresyon hastalığı, bir dalıştan sonra çok hızlı bir şekilde dekompresyon yapan dalgıçlarda ortaya çıkar, bu da kanlarında çoğunlukla azot ve helyum olan soy gaz kabarcıkları oluşmasına neden olur. O
2 basıncının mümkün olan en kısa sürede arttırılması tedavinin bir parçasıdır.",Hastanın akciğerlerinde artan oksijen konsantrasyonu neyi yerinden çıkarır?,karbonmonoksitin,Oksijen gazı,The passage directly mentions that 'Oksijen gazı' is used for increasing the amount of oxygen in the blood.,"The context explicitly states that 'Oksijen gazı, gaz kangrenine neden olan anaerobik bakteriler için zehirlidir, bu nedenle kısmi basıncının artırılması, onları öldürmeye yardımcı olur'","The context states that the increase in O2 concentration in the blood is due to increased oxygen absorption from the bloodstream through the kidneys, which is achieved using special oxygen concentrators called hyperbaric oxygen chambers. The context also mentions that these chambers use high-pressure oxygen gas to create an environment with higher concentrations of oxygen, which helps in increasing the amount of oxygen available for cellular respiration. Therefore, the correct answer is that the kidneys absorb the excess O2 from the bloodstream through hyperbaric oxygen chambers.",Oksijen gazı,0,0.0,0.3571428571428571,0.17797552836484987,0.296875,modular,1.0
56bf3fd53aeaaa14008c9595,xquad.tr,"Peyton Manning,iki farklı takımı birden fazla Super Bowls'a gitmesinde önderlik eden ilk kilit oyuncu oldu. Ayrıca, 39 yaşında bir Super Bowl'da oynayan en eski oyun kurucu oldu. Geçmiş rekor, Broncos'u 38 yaşında Super Bowl XXXIII'te galibiyete götüren ve şu anda Denver'ın Futbol Operasyonları Başkan Yardımcısı ve Genel Müdür'ü olan John Elway'in ellerindeydi.",Manning Super Bowl'a ulaşmak için onların takımındayken kaç takımda oynamıştır?,iki,iki,The passage mentions that Manning was one of the first two players in history to win Super Bowls against different teams.,The context states that Peyton Manning was one of the first two players in history to win Super Bowls (Super Bowl I and II) against different teams.,"The context states that Peyton Manning reached the Super Bowl in 2005, which is the year mentioned as 2005 in the given information.",iki,1,1.0,1.0,0.3110151187904968,0.1038961038961039,modular,1.0
5728e715ff5b5019007da917,xquad.tr,"Yasa dışı boykotlar, vergi ödemeyi reddetme, askerden kaçma, dağıtılan hizmetleri engelleme saldırıları ve oturma eylemleri gibi bazı sivil itaatsizlik biçimleri,  bir sistemin işlemesini daha da zorlaştırır. Bu yönüyle zorlayıcı olarak kabul edilebilirler. Brownlee, ""sivil itaatsizlikler, ahlaki diyaloglarda bulunmak gibi dürüst amaçlarla zor kullanmaya mecbur kalsalar da sorunlarını masaya yatırabilmek için sınırlı miktarda zor kullanmayı gerekli bulabilirler"" demiştir. Plowshares örgütü, GCSB Waihopai'yi kapılarına kilit vurarak ve iki uydu antenini kaplayan geniş kubbelerden birini boşaltmak için orak kullanarak geçici olarak kapattı.",Bu protestoların çoğunun amacı nedir?,sorunlarını masaya yatırabilmek,To protect oneself and others from violence and harm,Brownlee's statement about civil disobedience being necessary because it can help defend against violence and harm,"The context mentions several examples of civil disobedience such as refusing to pay taxes, demanding reparations for human rights violations, and protesting against government policies. These actions aim to prevent violence and harm in society.","The context states that these protests were in response to violent incidents, which aligns with the idea of protecting oneself and others from violence and harm.",To protect oneself and others from violence and harm,0,0.0,0.3132530120481928,0.22281879194630871,0.0,modular,1.0
5726f1ec708984140094d6aa,xquad.tr,"Müzik Enstrümanları galerisi 25 Şubat 2010'da oldukça tartışmalı bir kararla kapandı. Parlamento web sitesinde bulunan 5.100'den fazla ismin yazılı olduğu bir çevrimiçi dilekçe Chris Smith’e Parlamento’nun koleksiyonun geleceğini sormasına yol açmıştır. Bryan Davies'in cevabı, müzen koleksiyonları korumak ve koleksiyonlarla ilgilenmek ve halka açık tutmak amacını taşır olmuştur. Müzeler, İngiliz Galerilerine, Ortaçağ ve Rönesans Galerilerine ve Mobilya için planlanan yeni galerilere ve Avrupa'ya 1600–1800 yılları arasında yeniden dağıtılmıştır ve Horniman Müzesi ve diğer kurumlar, enstrümanların halka açık bir şekilde görülebilmesini sağlamak adına maddi krediler için olası adaydırlar. Horniman, Victoria Ve Albert Müzesi müzik enstrümanları ile ortak bir sergiye ev sahipliği yapmaya devam etti ve müzeden 35 enstrüman ödünç aldı.",Müzik Enstrümanları galerisinin kapanmasına cevaben Parlamento web sitesinde bir çevrimiçi dilekçede yaklaşık kaç isim imzalanmıştır?,5.100'den fazla,5.100,"Chris Smith'in açıklamasıyla, Parlamento web sitesinde yaklaşık 5.100 isim imzaladığına dair belirli fikir sunmaktadır.",The context states that '5.100'den fazla ismin yazılı olduğu bir çevrimiçi dilekçe Chris Smith'e Parlamento'nun koleksiyonu hakkında bulunuyor.,"The context states that the number of isms in the gallery was 5. 100, which matches the answer given.",5.100,0,0.0,0.4705882352941176,0.20064034151547497,0.176,modular,1.0
57286dfa2ca10214002da333,xquad.tr,"Kubilay'ın iktidarı 1279 yılından sonra ekonomik zorluklarla karşılaştı. Savaşlar ve inşaat projeleri Moğol hazinesini kuruttu. Vergi hasılatını artırma ve toplama çabaları yolsuzluk ve politik skandallarla sekteye uğradı. Kötü yönetilen askeri seferler ekonomik sorunları takip etti. Kubilay'ın 1281'deki ikinci Japonya işgali, talihsiz bir tayfun yüzünden başarısız oldu. Kubilay Annam, Champa ve Java'ya karşı seferlerinde başarısız oldu ama Burma'ya karşı bir pirus zaferi kazandı. Seferler hastalık, sert iklim ve Moğolların atlı savaşına uygun olmayan tropik arazi tarafından aksatıldı. Annam'da (Dai Viet) hüküm süren Tran hanedanlığı, Bạch Đằng Savaşında (1288) Moğolları ezdi ve yenilgiye uğrattı. Trần Kinh (陳京, Chén Jīng) altında Dai Viet'e göçüp, soyundan gelenler Vietnam Đại Việt'e hükmetmiş Trần hanedanlığını kurmadan önce, Çinli Tran (Chen) boyunun ana vatanı Fujian Çin bölgesiydi ve boyun belli üyeleri örneğin 1282'de Yuan hanedanlığı elçisi, Çince konuşan Trần prensi Trần Quốc Tuấn (daha sonra Kral Trần Hưng Đạo) ile bir buluşma gerçekleştirdiğinde halen Çince konuşabiliyordu. Profesör Liam Kelley, Çin Song hanedanlığından Zhao Zhong ve Xu Zongdao gibi insanların, Moğol işgali sonrası Vietnam'a hükmeden Tran hanedanlığına kaçtığını ve Tran'ların Moğol işgaline karşı koymasına yardımcı olduklarını belirtir. Çin'in Fujian bölgesinden köken alan Tran hanedanlığı gibi Daoist rahip Xu Zongdao Moğol işgalini kaydetmiş ve onlardan ""Kuzeyli haydutlar"" olarak bahsetmiştir. Annam, Burma ve Champa, Moğol egemenliğini tanımış ve Yuan hanedanlığı ile haraç verme şeklinde ilişki kurmuştur.",Kubilay'ın ikinci Japonya işgaline ne engel olmuştur?,talihsiz bir tayfun,Bulgaristan,The text mentions that Kubilay's second Japonian expedition was unsuccessful and that he had to return home.,The passage states that Kubilay 's second Japonian expedition was unsuccessful due to various reasons.,"The context states that Kubilay's second Japonya mission was unsuccessful, while the answer claims it was successful.",Bulgaristan,0,0.0,0.4,0.11184606133493691,0.008695652173913044,modular,1.0
57264f18f1498d1400e8dbb2,xquad.tr,"Çalışma ayrıca, y. pestis genomunun ortaçağ toplu mezarlarıyla ilişkilendirilen daha önce bilinmeyen ancak ilişkili iki bölümünün (genetik dalları) olduğunu da buldu. Atalardan modern y. pestis soyları Y. p. orientalis ve Y. p. medievalis'e kaldığı tespit edilen bu türler (nesli tükenmiş olduğu düşünülen), vebanın Avrupa'ya iki dalga halinde girdiğini belirtiyor. Fransa ve İngiltere’de kalmış bulunan veba çukuru araştırmaları  ve Avrupa’ya 1347 Kasım ayı civarında Marsilya limanı üzerinden girdiğini ve sonraki iki yıl boyunca Fransa üzerinden yayıldığını ve ardından 1349 yılının baharında ülke boyunca üç salgın hastalığa yayılmış olduğu İngiltere’ye ulaştığını göstermektedir. Hollanda'daki Bergen op Zoom kasabasında devam eden veba çukuru araştırmaları, Britanya ve Fransa'dan farklı olan 1350 yılından sonra Belçika, Lüksemburg ve Hollanda'yı kapsayan coğrafi bölge üzerinden yayılan pandemiden Y. pestis genotipinin sorumlu olduğunu göstermiştir ve Bergen op Zoom (ve muhtemelen Güney Hollandanın diğer kısımları) 1349'da doğrudan İngiltere ve Fransa'dan bulaşmadığını ve Britanya ve Fransa'dakilerden farklı olarak Norveç, Hansa Şehirleri ya da farklı bir yerlerden Belçika, Lüksemburg ve Hollanda'yı kapsayan coğrafi bölgeye taşınmış olabilecek ikinci bir salgın dalgasını işaret etmektedir.",Y. pestis İngiltere'ye ne zaman ulaşmıştır?,1349,1349,"The passage mentions that '1349 yılının baharında ülke boyunca üç salgın hastalığa yayılmış olduğu İngiltere' and 'Bergen op Zoom kasabasında devam eden veba çukuru araştırmaları, Britanya ve Fransa'dan farklı olan 1350 yılından sonra Belçika, Lüksemburg ve Hollanda'yı kapsayan coğrafi bölge üzerinden yayılan pandemiden Y. pestis genotipinin sorumlu olduğunu göstermiştir'","The passage states that '1349 yılının baharında ülke boyunca üç salgın hastalığa yayılmış olduğu İngiltere' (1349年，英国的三个流行病爆发了) and 'Bergen op Zoom kasabasında devam eden veba çukuru araştırmaları, Britanya ve Fransa'dan farklı olan 1350 yılından sonra Belçika, Lüksemburg ve Hollanda'yı kapsayan coğrafi bölge üzerinden yayılan pandemiden Y. pestis genotipinin sorumlu olduğunu göstermiştir'","The context states that the first confirmed case of Yersinia pestis in England occurred on November 13, 1349, which matches the year mentioned in the answer.",1349,1,1.0,1.0,0.4414469650521152,0.4036697247706421,modular,1.0
5730b9852461fd1900a9cffb,xquad.tr,"Birleşik Metodist Kilisesi, Kutsal Yazının öğretisiyle bağdaşmadığı için askerlik çağrısına karşı çıkıyor. Bu nedenle, Kilise papazlığı, bütün savaşlara veya herhangi bir savaşa vicdani yolla karşı çıkan ve bu nedenle silahlı kuvvetlerde hizmet etmeyi reddeden veya askeri sevk sistemleriyle işbirliği yapmayı reddedenleri desteklemekte ve yardım eli uzatmaktadır. Bununla birlikte, Birleşik Metodist Kilisesi ayrıca bakanlığını vicdanlı olarak silahlı kuvvetlerde hizmet etmeyi veya alternatif hizmeti kabul etmeyi seçen kişilere de destekler ve genişletir. Kilise aynı zamanda ""Hristiyanlar gibi onlar da ne askeri eylemin ne de eylemsizliğin Tanrı'nın önünde her zaman doğru olmadığının farkındalar. ” diye belirtti.",Kilise vicdanen neye karşı çıkanları destekliyor?,savaşlara,Bakanlık,Birleşik Metodist Kilisesi ayrıca bakanlığını vicdanlı olarak silahlı kuvvetlerde hizmet etmeyi veya alternatif hizmeti kabul etmeyi seçen kişilere de destekler.,The context states that Birleşik Metodist Kilisesi ayrıca bakanlığını vicdanlı olarak silahlı kuvvetlerde hizmet etmeyi veya alternatif hizmeti kabul etmeyi seçen kişilere de destekler.,The context states that the 'Bakanlık' is mentioned in the same sentence as the 'Kilise' in the provided information. This indicates that the 'Bakanlık' is indeed supporting the 'Kilise'.,Bakanlık,0,0.0,0.3529411764705882,0.36908881199538635,0.3478260869565218,modular,1.0
572f6a0ba23a5019007fc5ed,xquad.tr,"Bingen ve Bonn arasında, Orta Ren nehri, erozyon tarafından meydana getirilmiş bir oluşum olan Ren Vadisi içinden akar. Erozyon hızı bölgedeki zemin yükselmesiyle eşit derecedeydi, öyle ki, nehir başlangıç seviyesine yakın kalırken çevreleyen topraklar yükseldi. Vadi oldukça derin olup, birçok kale ve üzüm bağı ile bilinen nehrin yatağıdır. Bölge, bir UNESCO Dünya Miras Alanı olup, Orta Çağ’dan kalan 40’dan fazla kale ve hisarlar ve birçok ilgi çekici ve hoş köyleriyle “Romantik Ren” olarak bilinmektedir.",Ren Vadisi nasıl oluşmuştur?,erozyon,Orta Ren nehri,"The context provides information about the formation of Ren Vadisi, stating that it was formed due to erosion caused by the erosive power of the river.","The passage states that 'Erozyon hızı bölgedeki zemin yükselmesiyle eşit derecedeydi, öyle ki, nehir başlangıç seviyesine yakın kalırken çevreleyen topraklar yükseldi. Vadi oldukça derin olup, birçok kale ve üzüm bağı ile bilinen nehrin yatağıdır'","The context states that Ren Vadisi was formed in 2005, which is consistent with the information provided about UNESCO World Heritage status for Orta Ren Nehri.",Orta Ren nehri,0,0.0,0.19047619047619047,0.2820919175911252,0.5607476635514019,modular,1.0
5726ddf6f1498d1400e8ee06,xquad.tr,"Orta Doğu'da botanik ve kimya alanında kaydedilen ilerlemeler, Orta Çağ İslamında farmakolojinin geliştirilmesinde büyük ölçüde tıbbın önderliğini yaptı. Örneğin Muhammed bin Zekeriyya el-Razi (Rhazes) (865–915), kimyasal bileşiklerin tıbbi kullanımlarını teşvik edilmesinde rol oynadı. Ebu'l Kasım El-Zehravi (Abulcasis) (936-1013) ilaçların uçunum ve damıtma yoluyla hazırlanmasına öncülük etti. Liber Servitoris adlı eseri, okuyucuya yemek tarifleri sunan ve o zaman genel olarak kullanılan karmaşık ilaçlar oluşturulurken bir araya getirilen “basitleri” nasıl hazırlayacağını açıkladığı özel bir ilgi alanıdır. Bununla birlikte, Sabur İbn Sahl (ö. 869), farmakope oluşturan ilk hekimdi ve hastalıklar için çok çeşitli ilaçlar ve tedavileri anlatıyordu. Biruni (973-1050) farmakoloji üzerine en değerli İslami eserlerden biri olan Kitâbü's-Saydele fî Tıp (İlaç Kitabı) adlı eserinde, ilaçların özelliklerini detaylı bir şekilde anlattı; eczacılığın rolünü, işlevlerini ve görevlerini özetledi. Ayrıca İbn-i Sina 700'den fazla preparat, bunların özellikleri, etki şekilleri ve endikasyonlarını tarif etti. El-Kanun fi't-Tıb adlı eserinin tümünü basit ilaçlara ayırdı. Bağdat ve Kahire'den El-Maridini ve İbn-El-Wafid'in eserleri büyük etki yarattı. 'Mesue': De Medicinis universalibus et particularibus ve 'Abenguefit': Medicamentis simplicibus olarak piyasaya çıkan her iki eserin de elliden fazla Latince baskısı yapıldı. Abano'lu Peter (1250–1316), El-Maridini'nin eserini çevirdi ve De Veneris adı altında bir ekleme yaptı. El-Muwaffaq da bu alanda öncü sayılabilecek katkılarda bulundu. 10. yüzyılda yaşayan El-Muwaffaq, beyaz arseniki tanımlayan ve silisik aside aşina olan diğer eserlerin yanı sıra tedavilerin gerçek özelliklerinin temellerini yazdı. Sodyum karbonat ve potasyum karbonat arasında açık bir ayrım yaptı, bakır bileşiklerinin -özellikle bakır sülfat- ve ayrıca kurşun bileşiklerin zehirli doğasına dikkat çekti. Ayrıca içme suyu için deniz suyunun damıtılmasını da tarif eder.[doğrulama gerekli]",Liber Servitoris adlı eseri kim yazmıştır?,Ebu'l Kasım El-Zehravi,Muhammed bin Zekeriyya el-Razi (Rhazes),The passage mentions that Muhammed bin Zekeriyya el-Razi (Rhazes) was a scholar in botany and pharmacology.,The context states that Muhammed bin Zekeriyya el-Razi (Rhazes) was a scholar in botany and pharmacology who wrote Liber Servitoris.,"The context states that Liber Servitoris is from 1999, while the answer provides 2005 as the year of publication.",Muhammed bin Zekeriyya el-Razi (Rhazes),0,0.0,0.3928571428571429,0.09046214355948867,0.051470588235294115,modular,1.0
56e1a0dccd28a01900c67a2f,xquad.tr,"Fonksiyon problemleri kavramının karar problemleri kavramından daha zengin olduğunu düşünmek caziptir. Ancak, durum gerçekte böyle değildir, çünkü fonksiyon problemleri karar problemi olarak yeniden ortaya çıkabilir. Örneğin, iki tamsayının çarpımı, a x b = c ilişkisini koruyacak şekilde üçlü kümesi(a, b, c) olarak ifade edilebilir. Belirli bir üçlünün bu setin bir üyesi olup olmadığına karar vermek, iki sayının çarpılması probleminin çözümüne karşılık gelir.","İki tamsayı çarpılırsa ve bir değer çıkarsa, bu ifade kümesi ne olarak adlandırılır?",üçlü kümesi,Karakter,"The passage mentions 'a x b = c' which represents the product of two numbers, but then states that this product can be represented as a character in a word.","The context explains that when two numbers are multiplied and one of them is removed, it creates a new set of values (the result of multiplication). This new set can be considered as a character in a word.","The context states that the solution is a three-dimensional space (3D space), while the answer provided is 2005. This indicates that the context may be referring to a different mathematical concept or application than what was originally intended.",Karakter,0,0.0,0.21052631578947367,0.2784380305602716,0.0,modular,1.0
